--CREATE TABLE [dbo].[Doctrines] (
--    [DoctrineId]  INT         IDENTITY (1, 1) NOT NULL,
--    [AccountId]   INT         NOT NULL,
--    [Name]        NCHAR (100) NULL,
--    [Description] NCHAR (250) NULL,
--    [ImageUrl]    NCHAR (255) NULL,
--    [IsOfficial]  BIT         NOT NULL,
--    [LastUpdate]  DATETIME    NULL,
--    PRIMARY KEY CLUSTERED ([DoctrineId] ASC),
--	FOREIGN KEY ([AccountId]) REFERENCES Accounts([AccountId])
--);
--GO

--CREATE TABLE [dbo].[DoctrineShipFits] (
--    [DoctrineShipFitId]  INT IDENTITY (1, 1) NOT NULL,
--    [DoctrineId]   INT         NOT NULL,
--    [ShipFitId]   INT         NOT NULL,
--    PRIMARY KEY CLUSTERED ([DoctrineShipFitId] ASC),
--	FOREIGN KEY ([DoctrineId]) REFERENCES Doctrines(DoctrineId),
--	FOREIGN KEY (ShipFitId) REFERENCES ShipFits(ShipFitId)
--);
--GO
SET IDENTITY_INSERT [dbo].[SubscriptionPlans] ON 
INSERT [dbo].[SubscriptionPlans] ([SubscriptionPlanId], [Name], [Description], [SalesAgentLimit], [PricePerMonth], [IsHidden]) VALUES (0, 'Default Plan', 'The Default Plan', 99, 0, 0);
SET IDENTITY_INSERT [dbo].[SubscriptionPlans] OFF

SET IDENTITY_INSERT [dbo].[SettingProfiles] ON 
INSERT [dbo].[SettingProfiles] ([SettingProfileId], [AccountId], [BuyStationId], [SellStationId], [BrokerPercentage], [SalesTaxPercentage], [ContractMarkupPercentage], [ContractBrokerFee], [ShippingCostPerM3], [TwitterHandle], [AlertThreshold], [ShortUrlExpiryHours]) VALUES (0, 0, 60003760, 60003760, 1.01, 1.01, 1.1, 10000, 100, N'@DoctrineShips', 3, 1)
SET IDENTITY_INSERT [dbo].[SettingProfiles] OFF

SET IDENTITY_INSERT [dbo].[Accounts] ON 
INSERT [dbo].[Accounts] ([AccountId], [SettingProfileId], [SubscriptionPlanId], [DateCreated], [Description], [Balance], [LastDebit], [LastCredit], [IsActive]) VALUES (0, 0, 0, CAST(0x0000A2A600000000 AS DateTime), N'Default Account', 0, CAST(0x0000A2DA0147E622 AS DateTime), CAST(0x0000A2DA0147E623 AS DateTime), 1)
SET IDENTITY_INSERT [dbo].[Accounts] OFF

SET IDENTITY_INSERT [dbo].[AccessCodes] ON 
INSERT [dbo].[AccessCodes] ([AccessCodeId], [AccountId], [Salt], [Key], [Role], [IsActive], [DateCreated], [Description], [LastLogin], [Data], [DateExpires]) VALUES (1, 0, N'eo1gDveM1FZRtSXNu0eGsR4yHy77E4sTjloRW6AyM61eo7Y14D8GHAiz6AsL/2ORS4ra8tZJ8D6UZ8dKTbkn8y6Qaf4bh352/Yf+FBIF1D1IyUG1/i40ORtJszwnVMvO5KLX9LMbCcQZxylfEKnnlL+CwyU3Nf6OjVylatEBnq8=', N'57C16BA1B868B3AAAFBEEFCAE069DBDC3F393404', 3, 1, CAST(0x0000A2C50120BEF3 AS DateTime), N'Default Site Admin', CAST(0x0000A2F601679929 AS DateTime), 'It is a string', CAST('1-JAN-2025' AS DateTime))
SET IDENTITY_INSERT [dbo].[AccessCodes] OFF

SET IDENTITY_INSERT [dbo].[Articles] ON 
INSERT [dbo].[Articles] ([ArticleId], [Title], [Summary], [Content], [Author], [IsUnlisted], [DateCreated], [LastUpdated]) VALUES (1, N'Creating a Doctrine Ships Contract', N'A guide to creating a valid contract that will be listed on the Doctrine Ships website.', N'<p>The following instructions are for registered sales agents only. Without a valid API key, the service cannot pull your contracts.</p><p><span style="text-decoration: underline;">1/4 Availability</span></p> <ul> <li>Select ''Item Exchange'' as the contract type.</li> <li>Select either ''My Corporation'' or ''My Alliance'' as the contract availability. Ensure that your corporation or alliance is listed as a customer on the main Doctrine Ships customer selection page and that the character you are creating the contract with is a member of that corporation or alliance.</li> <li>Click ''Next''.</li> </ul> <div><img style="display: block; margin-left: auto; margin-right: auto;" src="http://i.imgur.com/WRneCNI.png" alt="" width="632" height="627" /></div> <p><span style="text-decoration: underline;">2/4 Ship Selection</span></p> <ul> <li>Select the ship that you want to place on contract. The ship should be an official alliance or corporation doctrine ship fit and be listed on the ship fit list. It should contain <u>exactly</u> the correct number of modules, drones, ammo, nanite repair paste and scripts.</li> <li>The ship should be named with the ShipFitId such as ''DS9'', where DS stands for Doctrine Ships and 9 is the Id number.</li> <li>Click ''Next''.</li> </ul> <div><img style="display: block; margin-left: auto; margin-right: auto;" src="http://i.imgur.com/mvtOCys.png" alt="" width="624" height="624" /></div> <p><span style="text-decoration: underline;">3/4 Contract Price &amp; Description</span></p> <ul> <li>Enter the contract price into the ''I will receive'' box. The Doctrine Ships fit details tool may be used to calculate the correct profit percentages.</li> <li>Select an expiration of ''2 Weeks'' from the drop-down box.</li> <li>Enter the ShipFitId into the ''Description'' box. This is the link between the in-game contract and the correct fit information on the Doctrine Ships website. A ShipFitId should follow the formatting convention of ''DS&lt;ID&gt;'', where DS stands for Doctrine Ships and &lt;ID&gt; is the Id number listed in the Doctrine Ships fit list.</li> </ul> <div><img style="display: block; margin-left: auto; margin-right: auto;" src="http://i.imgur.com/UJcmRph.png" alt="" width="628" height="623" /></div> <p><span style="text-decoration: underline;">4/4 Confirmation</span></p> <ul> <li>Carefully check all of the details.</li> <li>''Availability'' should be Private and for your Corporation or Alliance.</li> <li>''Description'' should start with DS&lt;ID&gt;. This is very important.</li> <li>''I will receive'' should be the correct ''Contract Receive'' value from the Doctrine Ships fit details tool.</li> <li>Click ''Finish'' to list the contract. The Doctrine Ships website should automatically update within 20-30 minutes.</li><li>As long as the contract items match the ship fit exactly, the contract will be marked as valid and set green.</li></ul> <div><img style="display: block; margin-left: auto; margin-right: auto;" src="http://i.imgur.com/1PHpbt1.png" alt="" width="629" height="620" /></div>', N'Lupercus Anninen', 0, CAST(0x0000A2C6012F3900 AS DateTime), CAST(0x0000A2C6012F3900 AS DateTime))
INSERT [dbo].[Articles] ([ArticleId], [Title], [Summary], [Content], [Author], [IsUnlisted], [DateCreated], [LastUpdated]) VALUES (5, N'Generating an API Key', N'A guide to generating an Eve API Key for use with Doctrine Ships.', N'<p>Go to the EVE Online website <a href="https://community.eveonline.com/support/api-key/CreatePredefined?accessMask=67108864" />https://community.eveonline.com/support/api-key/CreatePredefined?accessMask=67108864</a> and generate an API key with the options shown below. Ensure that the ''No Expiry'' option is selected and that your contracting character is chosen.</p><p>Enter a name for the API key (For example: ''Doctrine Ships Contracts'') and click ''Submit''.</p><p>Send an in-game mail to ''Lupercus Anninen'' with your Key ID and Verification Code.</p><br /><img style="display: block; margin-left: auto; margin-right: auto;" src="http://i.imgur.com/mHJlVHO.png" alt="" width="700" height="957"/>', N'Lupercus Anninen', 0, CAST(0x0000A2C6013AC220 AS DateTime), CAST(0x0000A2C6013AC220 AS DateTime))
SET IDENTITY_INSERT [dbo].[Articles] OFF

INSERT [dbo].[Components] ([ComponentId], [Name], [ImageUrl], [Volume]) VALUES (179, N'Nuclear S', N'https://image.eveonline.com/InventoryType/179_32.png', 0.0025)
INSERT [dbo].[Components] ([ComponentId], [Name], [ImageUrl], [Volume]) VALUES (184, N'Phased Plasma S', N'https://image.eveonline.com/InventoryType/184_32.png', 0.0025)
INSERT [dbo].[Components] ([ComponentId], [Name], [ImageUrl], [Volume]) VALUES (185, N'EMP S', N'https://image.eveonline.com/InventoryType/185_32.png', 0.0025)
INSERT [dbo].[Components] ([ComponentId], [Name], [ImageUrl], [Volume]) VALUES (211, N'Inferno Light Missile', N'https://image.eveonline.com/InventoryType/211_32.png', 0.015)
INSERT [dbo].[Components] ([ComponentId], [Name], [ImageUrl], [Volume]) VALUES (213, N'Nova Light Missile', N'https://image.eveonline.com/InventoryType/213_32.png', 0.015)
INSERT [dbo].[Components] ([ComponentId], [Name], [ImageUrl], [Volume]) VALUES (222, N'Antimatter Charge S', N'https://image.eveonline.com/InventoryType/222_32.png', 0.0025)
INSERT [dbo].[Components] ([ComponentId], [Name], [ImageUrl], [Volume]) VALUES (239, N'Radio S', N'https://image.eveonline.com/InventoryType/239_32.png', 1)
INSERT [dbo].[Components] ([ComponentId], [Name], [ImageUrl], [Volume]) VALUES (242, N'Standard S', N'https://image.eveonline.com/InventoryType/242_32.png', 1)
INSERT [dbo].[Components] ([ComponentId], [Name], [ImageUrl], [Volume]) VALUES (246, N'Multifrequency S', N'https://image.eveonline.com/InventoryType/246_32.png', 1)
INSERT [dbo].[Components] ([ComponentId], [Name], [ImageUrl], [Volume]) VALUES (248, N'Microwave M', N'https://image.eveonline.com/InventoryType/248_32.png', 1)
INSERT [dbo].[Components] ([ComponentId], [Name], [ImageUrl], [Volume]) VALUES (250, N'Standard M', N'https://image.eveonline.com/InventoryType/250_32.png', 1)
INSERT [dbo].[Components] ([ComponentId], [Name], [ImageUrl], [Volume]) VALUES (254, N'Multifrequency M', N'https://image.eveonline.com/InventoryType/254_32.png', 1)
INSERT [dbo].[Components] ([ComponentId], [Name], [ImageUrl], [Volume]) VALUES (255, N'Radio L', N'https://image.eveonline.com/InventoryType/255_32.png', 1)
INSERT [dbo].[Components] ([ComponentId], [Name], [ImageUrl], [Volume]) VALUES (258, N'Standard L', N'https://image.eveonline.com/InventoryType/258_32.png', 1)
INSERT [dbo].[Components] ([ComponentId], [Name], [ImageUrl], [Volume]) VALUES (262, N'Multifrequency L', N'https://image.eveonline.com/InventoryType/262_32.png', 1)
INSERT [dbo].[Components] ([ComponentId], [Name], [ImageUrl], [Volume]) VALUES (434, N'1MN Microwarpdrive I', N'https://image.eveonline.com/InventoryType/434_32.png', 10)
INSERT [dbo].[Components] ([ComponentId], [Name], [ImageUrl], [Volume]) VALUES (438, N'1MN Afterburner II', N'https://image.eveonline.com/InventoryType/438_32.png', 5)
INSERT [dbo].[Components] ([ComponentId], [Name], [ImageUrl], [Volume]) VALUES (447, N'Warp Scrambler I', N'https://image.eveonline.com/InventoryType/447_32.png', 5)
INSERT [dbo].[Components] ([ComponentId], [Name], [ImageUrl], [Volume]) VALUES (448, N'Warp Scrambler II', N'https://image.eveonline.com/InventoryType/448_32.png', 5)
INSERT [dbo].[Components] ([ComponentId], [Name], [ImageUrl], [Volume]) VALUES (486, N'200mm AutoCannon I', N'https://image.eveonline.com/InventoryType/486_32.png', 5)
INSERT [dbo].[Components] ([ComponentId], [Name], [ImageUrl], [Volume]) VALUES (499, N'Light Missile Launcher I', N'https://image.eveonline.com/InventoryType/499_32.png', 5)
INSERT [dbo].[Components] ([ComponentId], [Name], [ImageUrl], [Volume]) VALUES (519, N'Gyrostabilizer II', N'https://image.eveonline.com/InventoryType/519_32.png', 5)
INSERT [dbo].[Components] ([ComponentId], [Name], [ImageUrl], [Volume]) VALUES (520, N'Gyrostabilizer I', N'https://image.eveonline.com/InventoryType/520_32.png', 5)
INSERT [dbo].[Components] ([ComponentId], [Name], [ImageUrl], [Volume]) VALUES (527, N'Stasis Webifier II', N'https://image.eveonline.com/InventoryType/527_32.png', 5)
INSERT [dbo].[Components] ([ComponentId], [Name], [ImageUrl], [Volume]) VALUES (564, N'Light Neutron Blaster I', N'https://image.eveonline.com/InventoryType/564_32.png', 5)
INSERT [dbo].[Components] ([ComponentId], [Name], [ImageUrl], [Volume]) VALUES (584, N'Griffin', N'https://image.eveonline.com/InventoryType/584_32.png', 2500)
INSERT [dbo].[Components] ([ComponentId], [Name], [ImageUrl], [Volume]) VALUES (587, N'Rifter', N'https://image.eveonline.com/InventoryType/587_32.png', 2500)
INSERT [dbo].[Components] ([ComponentId], [Name], [ImageUrl], [Volume]) VALUES (590, N'Inquisitor', N'https://image.eveonline.com/InventoryType/590_32.png', 2500)
INSERT [dbo].[Components] ([ComponentId], [Name], [ImageUrl], [Volume]) VALUES (597, N'Punisher', N'https://image.eveonline.com/InventoryType/597_32.png', 2500)
INSERT [dbo].[Components] ([ComponentId], [Name], [ImageUrl], [Volume]) VALUES (599, N'Burst', N'https://image.eveonline.com/InventoryType/599_32.png', 2500)
INSERT [dbo].[Components] ([ComponentId], [Name], [ImageUrl], [Volume]) VALUES (603, N'Merlin', N'https://image.eveonline.com/InventoryType/603_32.png', 2500)
INSERT [dbo].[Components] ([ComponentId], [Name], [ImageUrl], [Volume]) VALUES (608, N'Atron', N'https://image.eveonline.com/InventoryType/608_32.png', 2500)
INSERT [dbo].[Components] ([ComponentId], [Name], [ImageUrl], [Volume]) VALUES (609, N'Maulus', N'https://image.eveonline.com/InventoryType/609_32.png', 2500)
INSERT [dbo].[Components] ([ComponentId], [Name], [ImageUrl], [Volume]) VALUES (620, N'Osprey', N'https://image.eveonline.com/InventoryType/620_32.png', 10000)
INSERT [dbo].[Components] ([ComponentId], [Name], [ImageUrl], [Volume]) VALUES (621, N'Caracal', N'https://image.eveonline.com/InventoryType/621_32.png', 10000)
INSERT [dbo].[Components] ([ComponentId], [Name], [ImageUrl], [Volume]) VALUES (624, N'Maller', N'https://image.eveonline.com/InventoryType/624_32.png', 10000)
INSERT [dbo].[Components] ([ComponentId], [Name], [ImageUrl], [Volume]) VALUES (625, N'Augoror', N'https://image.eveonline.com/InventoryType/625_32.png', 10000)
INSERT [dbo].[Components] ([ComponentId], [Name], [ImageUrl], [Volume]) VALUES (627, N'Thorax', N'https://image.eveonline.com/InventoryType/627_32.png', 10000)
INSERT [dbo].[Components] ([ComponentId], [Name], [ImageUrl], [Volume]) VALUES (630, N'Bellicose', N'https://image.eveonline.com/InventoryType/630_32.png', 10000)
INSERT [dbo].[Components] ([ComponentId], [Name], [ImageUrl], [Volume]) VALUES (631, N'Scythe', N'https://image.eveonline.com/InventoryType/631_32.png', 10000)
INSERT [dbo].[Components] ([ComponentId], [Name], [ImageUrl], [Volume]) VALUES (632, N'Blackbird', N'https://image.eveonline.com/InventoryType/632_32.png', 10000)
INSERT [dbo].[Components] ([ComponentId], [Name], [ImageUrl], [Volume]) VALUES (633, N'Celestis', N'https://image.eveonline.com/InventoryType/633_32.png', 10000)
INSERT [dbo].[Components] ([ComponentId], [Name], [ImageUrl], [Volume]) VALUES (634, N'Exequror', N'https://image.eveonline.com/InventoryType/634_32.png', 10000)
INSERT [dbo].[Components] ([ComponentId], [Name], [ImageUrl], [Volume]) VALUES (641, N'Megathron', N'https://image.eveonline.com/InventoryType/641_32.png', 50000)
INSERT [dbo].[Components] ([ComponentId], [Name], [ImageUrl], [Volume]) VALUES (643, N'Armageddon', N'https://image.eveonline.com/InventoryType/643_32.png', 50000)
INSERT [dbo].[Components] ([ComponentId], [Name], [ImageUrl], [Volume]) VALUES (1236, N'Overdrive Injector System II', N'https://image.eveonline.com/InventoryType/1236_32.png', 5)
INSERT [dbo].[Components] ([ComponentId], [Name], [ImageUrl], [Volume]) VALUES (1306, N'Adaptive Nano Plating II', N'https://image.eveonline.com/InventoryType/1306_32.png', 5)
INSERT [dbo].[Components] ([ComponentId], [Name], [ImageUrl], [Volume]) VALUES (1355, N'Reactor Control Unit II', N'https://image.eveonline.com/InventoryType/1355_32.png', 5)
INSERT [dbo].[Components] ([ComponentId], [Name], [ImageUrl], [Volume]) VALUES (1445, N'Capacitor Power Relay I', N'https://image.eveonline.com/InventoryType/1445_32.png', 5)
INSERT [dbo].[Components] ([ComponentId], [Name], [ImageUrl], [Volume]) VALUES (1447, N'Capacitor Power Relay II', N'https://image.eveonline.com/InventoryType/1447_32.png', 5)
INSERT [dbo].[Components] ([ComponentId], [Name], [ImageUrl], [Volume]) VALUES (1539, N'Power Diagnostic System I', N'https://image.eveonline.com/InventoryType/1539_32.png', 5)
INSERT [dbo].[Components] ([ComponentId], [Name], [ImageUrl], [Volume]) VALUES (1541, N'Power Diagnostic System II', N'https://image.eveonline.com/InventoryType/1541_32.png', 5)
INSERT [dbo].[Components] ([ComponentId], [Name], [ImageUrl], [Volume]) VALUES (1565, N'Small EMP Smartbomb II', N'https://image.eveonline.com/InventoryType/1565_32.png', 5)
INSERT [dbo].[Components] ([ComponentId], [Name], [ImageUrl], [Volume]) VALUES (1855, N'Ship Scanner II', N'https://image.eveonline.com/InventoryType/1855_32.png', 5)
INSERT [dbo].[Components] ([ComponentId], [Name], [ImageUrl], [Volume]) VALUES (1877, N'Rapid Light Missile Launcher II', N'https://image.eveonline.com/InventoryType/1877_32.png', 10)
INSERT [dbo].[Components] ([ComponentId], [Name], [ImageUrl], [Volume]) VALUES (1952, N'Sensor Booster II', N'https://image.eveonline.com/InventoryType/1952_32.png', 5)
INSERT [dbo].[Components] ([ComponentId], [Name], [ImageUrl], [Volume]) VALUES (1973, N'Sensor Booster I', N'https://image.eveonline.com/InventoryType/1973_32.png', 5)
INSERT [dbo].[Components] ([ComponentId], [Name], [ImageUrl], [Volume]) VALUES (1978, N'Tracking Computer II', N'https://image.eveonline.com/InventoryType/1978_32.png', 5)
INSERT [dbo].[Components] ([ComponentId], [Name], [ImageUrl], [Volume]) VALUES (1987, N'Signal Amplifier II', N'https://image.eveonline.com/InventoryType/1987_32.png', 5)
INSERT [dbo].[Components] ([ComponentId], [Name], [ImageUrl], [Volume]) VALUES (1999, N'Tracking Enhancer II', N'https://image.eveonline.com/InventoryType/1999_32.png', 5)
INSERT [dbo].[Components] ([ComponentId], [Name], [ImageUrl], [Volume]) VALUES (2024, N'Medium Capacitor Booster II', N'https://image.eveonline.com/InventoryType/2024_32.png', 10)
INSERT [dbo].[Components] ([ComponentId], [Name], [ImageUrl], [Volume]) VALUES (2032, N'Cap Recharger II', N'https://image.eveonline.com/InventoryType/2032_32.png', 5)
INSERT [dbo].[Components] ([ComponentId], [Name], [ImageUrl], [Volume]) VALUES (2046, N'Damage Control I', N'https://image.eveonline.com/InventoryType/2046_32.png', 5)
INSERT [dbo].[Components] ([ComponentId], [Name], [ImageUrl], [Volume]) VALUES (2048, N'Damage Control II', N'https://image.eveonline.com/InventoryType/2048_32.png', 5)
INSERT [dbo].[Components] ([ComponentId], [Name], [ImageUrl], [Volume]) VALUES (2185, N'Hammerhead II', N'https://image.eveonline.com/InventoryType/2185_32.png', 10)
INSERT [dbo].[Components] ([ComponentId], [Name], [ImageUrl], [Volume]) VALUES (2281, N'Adaptive Invulnerability Field II', N'https://image.eveonline.com/InventoryType/2281_32.png', 5)
INSERT [dbo].[Components] ([ComponentId], [Name], [ImageUrl], [Volume]) VALUES (2301, N'EM Ward Field II', N'https://image.eveonline.com/InventoryType/2301_32.png', 5)
INSERT [dbo].[Components] ([ComponentId], [Name], [ImageUrl], [Volume]) VALUES (2364, N'Heat Sink II', N'https://image.eveonline.com/InventoryType/2364_32.png', 5)
INSERT [dbo].[Components] ([ComponentId], [Name], [ImageUrl], [Volume]) VALUES (2446, N'Ogre II', N'https://image.eveonline.com/InventoryType/2446_32.png', 25)
INSERT [dbo].[Components] ([ComponentId], [Name], [ImageUrl], [Volume]) VALUES (2456, N'Hobgoblin II', N'https://image.eveonline.com/InventoryType/2456_32.png', 5)
INSERT [dbo].[Components] ([ComponentId], [Name], [ImageUrl], [Volume]) VALUES (2486, N'Warrior I', N'https://image.eveonline.com/InventoryType/2486_32.png', 5)
INSERT [dbo].[Components] ([ComponentId], [Name], [ImageUrl], [Volume]) VALUES (2488, N'Warrior II', N'https://image.eveonline.com/InventoryType/2488_32.png', 5)
INSERT [dbo].[Components] ([ComponentId], [Name], [ImageUrl], [Volume]) VALUES (2516, N'Nova Rocket', N'https://image.eveonline.com/InventoryType/2516_32.png', 0.005)
INSERT [dbo].[Components] ([ComponentId], [Name], [ImageUrl], [Volume]) VALUES (2553, N'EM Ward Amplifier II', N'https://image.eveonline.com/InventoryType/2553_32.png', 5)
INSERT [dbo].[Components] ([ComponentId], [Name], [ImageUrl], [Volume]) VALUES (2584, N'LADAR Backup Array II', N'https://image.eveonline.com/InventoryType/2584_32.png', 5)
INSERT [dbo].[Components] ([ComponentId], [Name], [ImageUrl], [Volume]) VALUES (2588, N'Magnetometric Backup Array II', N'https://image.eveonline.com/InventoryType/2588_32.png', 5)
INSERT [dbo].[Components] ([ComponentId], [Name], [ImageUrl], [Volume]) VALUES (2603, N'Nanofiber Internal Structure I', N'https://image.eveonline.com/InventoryType/2603_32.png', 5)
INSERT [dbo].[Components] ([ComponentId], [Name], [ImageUrl], [Volume]) VALUES (2605, N'Nanofiber Internal Structure II', N'https://image.eveonline.com/InventoryType/2605_32.png', 5)
INSERT [dbo].[Components] ([ComponentId], [Name], [ImageUrl], [Volume]) VALUES (2905, N'250mm Light Artillery Cannon II', N'https://image.eveonline.com/InventoryType/2905_32.png', 5)
INSERT [dbo].[Components] ([ComponentId], [Name], [ImageUrl], [Volume]) VALUES (2977, N'280mm Howitzer Artillery II', N'https://image.eveonline.com/InventoryType/2977_32.png', 5)
INSERT [dbo].[Components] ([ComponentId], [Name], [ImageUrl], [Volume]) VALUES (3025, N'Heavy Beam Laser II', N'https://image.eveonline.com/InventoryType/3025_32.png', 10)
INSERT [dbo].[Components] ([ComponentId], [Name], [ImageUrl], [Volume]) VALUES (3057, N'Mega Pulse Laser II', N'https://image.eveonline.com/InventoryType/3057_32.png', 20)
INSERT [dbo].[Components] ([ComponentId], [Name], [ImageUrl], [Volume]) VALUES (3074, N'150mm Railgun II', N'https://image.eveonline.com/InventoryType/3074_32.png', 5)
INSERT [dbo].[Components] ([ComponentId], [Name], [ImageUrl], [Volume]) VALUES (3082, N'250mm Railgun II', N'https://image.eveonline.com/InventoryType/3082_32.png', 10)
INSERT [dbo].[Components] ([ComponentId], [Name], [ImageUrl], [Volume]) VALUES (3090, N'425mm Railgun II', N'https://image.eveonline.com/InventoryType/3090_32.png', 20)
INSERT [dbo].[Components] ([ComponentId], [Name], [ImageUrl], [Volume]) VALUES (3130, N'Heavy Electron Blaster II', N'https://image.eveonline.com/InventoryType/3130_32.png', 10)
INSERT [dbo].[Components] ([ComponentId], [Name], [ImageUrl], [Volume]) VALUES (3138, N'Heavy Ion Blaster II', N'https://image.eveonline.com/InventoryType/3138_32.png', 10)
INSERT [dbo].[Components] ([ComponentId], [Name], [ImageUrl], [Volume]) VALUES (3244, N'Warp Disruptor II', N'https://image.eveonline.com/InventoryType/3244_32.png', 5)
INSERT [dbo].[Components] ([ComponentId], [Name], [ImageUrl], [Volume]) VALUES (3496, N'Medium Capacitor Battery II', N'https://image.eveonline.com/InventoryType/3496_32.png', 10)
INSERT [dbo].[Components] ([ComponentId], [Name], [ImageUrl], [Volume]) VALUES (3520, N'Heavy Pulse Laser II', N'https://image.eveonline.com/InventoryType/3520_32.png', 10)
INSERT [dbo].[Components] ([ComponentId], [Name], [ImageUrl], [Volume]) VALUES (3530, N'Medium Armor Repairer II', N'https://image.eveonline.com/InventoryType/3530_32.png', 10)
INSERT [dbo].[Components] ([ComponentId], [Name], [ImageUrl], [Volume]) VALUES (3568, N'Small Capacitor Booster II', N'https://image.eveonline.com/InventoryType/3568_32.png', 5)
INSERT [dbo].[Components] ([ComponentId], [Name], [ImageUrl], [Volume]) VALUES (3766, N'Vigil', N'https://image.eveonline.com/InventoryType/3766_32.png', 2500)
INSERT [dbo].[Components] ([ComponentId], [Name], [ImageUrl], [Volume]) VALUES (3829, N'Medium Shield Extender I', N'https://image.eveonline.com/InventoryType/3829_32.png', 10)
INSERT [dbo].[Components] ([ComponentId], [Name], [ImageUrl], [Volume]) VALUES (3831, N'Medium Shield Extender II', N'https://image.eveonline.com/InventoryType/3831_32.png', 10)
INSERT [dbo].[Components] ([ComponentId], [Name], [ImageUrl], [Volume]) VALUES (3841, N'Large Shield Extender II', N'https://image.eveonline.com/InventoryType/3841_32.png', 20)
INSERT [dbo].[Components] ([ComponentId], [Name], [ImageUrl], [Volume]) VALUES (4025, N'X5 Prototype Engine Enervator', N'https://image.eveonline.com/InventoryType/4025_32.png', 5)
INSERT [dbo].[Components] ([ComponentId], [Name], [ImageUrl], [Volume]) VALUES (4027, N'Fleeting Propulsion Inhibitor I', N'https://image.eveonline.com/InventoryType/4027_32.png', 5)
INSERT [dbo].[Components] ([ComponentId], [Name], [ImageUrl], [Volume]) VALUES (4029, N'''Langour'' Drive Disruptor I', N'https://image.eveonline.com/InventoryType/4029_32.png', 5)
INSERT [dbo].[Components] ([ComponentId], [Name], [ImageUrl], [Volume]) VALUES (4302, N'Oracle', N'https://image.eveonline.com/InventoryType/4302_32.png', 234000)
GO
INSERT [dbo].[Components] ([ComponentId], [Name], [ImageUrl], [Volume]) VALUES (4395, N'Medium Processor Overclocking Unit I', N'https://image.eveonline.com/InventoryType/4395_32.png', 0)
INSERT [dbo].[Components] ([ComponentId], [Name], [ImageUrl], [Volume]) VALUES (5011, N'Small Electrochemical Capacitor Booster I', N'https://image.eveonline.com/InventoryType/5011_32.png', 5)
INSERT [dbo].[Components] ([ComponentId], [Name], [ImageUrl], [Volume]) VALUES (5051, N'Heavy Electrochemical Capacitor Booster I', N'https://image.eveonline.com/InventoryType/5051_32.png', 20)
INSERT [dbo].[Components] ([ComponentId], [Name], [ImageUrl], [Volume]) VALUES (5299, N'Low Frequency Sensor Suppressor I', N'https://image.eveonline.com/InventoryType/5299_32.png', 5)
INSERT [dbo].[Components] ([ComponentId], [Name], [ImageUrl], [Volume]) VALUES (5302, N'Phased Muon Sensor Disruptor I', N'https://image.eveonline.com/InventoryType/5302_32.png', 5)
INSERT [dbo].[Components] ([ComponentId], [Name], [ImageUrl], [Volume]) VALUES (5399, N'J5 Prototype Warp Disruptor I', N'https://image.eveonline.com/InventoryType/5399_32.png', 5)
INSERT [dbo].[Components] ([ComponentId], [Name], [ImageUrl], [Volume]) VALUES (5405, N'Initiated Warp Disruptor I', N'https://image.eveonline.com/InventoryType/5405_32.png', 5)
INSERT [dbo].[Components] ([ComponentId], [Name], [ImageUrl], [Volume]) VALUES (5439, N'J5b Phased Prototype Warp Scrambler I', N'https://image.eveonline.com/InventoryType/5439_32.png', 5)
INSERT [dbo].[Components] ([ComponentId], [Name], [ImageUrl], [Volume]) VALUES (5441, N'Fleeting Progressive Warp Scrambler I', N'https://image.eveonline.com/InventoryType/5441_32.png', 5)
INSERT [dbo].[Components] ([ComponentId], [Name], [ImageUrl], [Volume]) VALUES (5597, N'Beta Hull Mod Nanofiber Structure', N'https://image.eveonline.com/InventoryType/5597_32.png', 5)
INSERT [dbo].[Components] ([ComponentId], [Name], [ImageUrl], [Volume]) VALUES (5629, N'Beta Hull Mod Overdrive Injector', N'https://image.eveonline.com/InventoryType/5629_32.png', 5)
INSERT [dbo].[Components] ([ComponentId], [Name], [ImageUrl], [Volume]) VALUES (5837, N'Pseudoelectron Containment Field I', N'https://image.eveonline.com/InventoryType/5837_32.png', 5)
INSERT [dbo].[Components] ([ComponentId], [Name], [ImageUrl], [Volume]) VALUES (5945, N'Prototype 100MN Microwarpdrive I', N'https://image.eveonline.com/InventoryType/5945_32.png', 10)
INSERT [dbo].[Components] ([ComponentId], [Name], [ImageUrl], [Volume]) VALUES (5971, N'Upgraded 1MN Microwarpdrive I', N'https://image.eveonline.com/InventoryType/5971_32.png', 10)
INSERT [dbo].[Components] ([ComponentId], [Name], [ImageUrl], [Volume]) VALUES (5973, N'Limited 1MN Microwarpdrive I', N'https://image.eveonline.com/InventoryType/5973_32.png', 10)
INSERT [dbo].[Components] ([ComponentId], [Name], [ImageUrl], [Volume]) VALUES (5975, N'Experimental 10MN Microwarpdrive I', N'https://image.eveonline.com/InventoryType/5975_32.png', 10)
INSERT [dbo].[Components] ([ComponentId], [Name], [ImageUrl], [Volume]) VALUES (6003, N'Experimental 1MN Afterburner I', N'https://image.eveonline.com/InventoryType/6003_32.png', 5)
INSERT [dbo].[Components] ([ComponentId], [Name], [ImageUrl], [Volume]) VALUES (6005, N'Experimental 10MN Afterburner I', N'https://image.eveonline.com/InventoryType/6005_32.png', 5)
INSERT [dbo].[Components] ([ComponentId], [Name], [ImageUrl], [Volume]) VALUES (6159, N'Alumel-Wired Sensor Augmentation', N'https://image.eveonline.com/InventoryType/6159_32.png', 5)
INSERT [dbo].[Components] ([ComponentId], [Name], [ImageUrl], [Volume]) VALUES (6160, N'F-90 Positional Sensor Subroutines', N'https://image.eveonline.com/InventoryType/6160_32.png', 5)
INSERT [dbo].[Components] ([ComponentId], [Name], [ImageUrl], [Volume]) VALUES (6173, N'Optical Tracking Computer I', N'https://image.eveonline.com/InventoryType/6173_32.png', 5)
INSERT [dbo].[Components] ([ComponentId], [Name], [ImageUrl], [Volume]) VALUES (6635, N'Dual Modulated Light Energy Beam I', N'https://image.eveonline.com/InventoryType/6635_32.png', 5)
INSERT [dbo].[Components] ([ComponentId], [Name], [ImageUrl], [Volume]) VALUES (6865, N'Focused Anode Medium Particle Stream I', N'https://image.eveonline.com/InventoryType/6865_32.png', 10)
INSERT [dbo].[Components] ([ComponentId], [Name], [ImageUrl], [Volume]) VALUES (6963, N'Heavy Modulated Energy Beam I', N'https://image.eveonline.com/InventoryType/6963_32.png', 10)
INSERT [dbo].[Components] ([ComponentId], [Name], [ImageUrl], [Volume]) VALUES (7087, N'Mega Modulated Pulse Energy Beam I', N'https://image.eveonline.com/InventoryType/7087_32.png', 20)
INSERT [dbo].[Components] ([ComponentId], [Name], [ImageUrl], [Volume]) VALUES (7287, N'150mm Prototype Gauss Gun', N'https://image.eveonline.com/InventoryType/7287_32.png', 5)
INSERT [dbo].[Components] ([ComponentId], [Name], [ImageUrl], [Volume]) VALUES (7367, N'250mm Prototype Gauss Gun', N'https://image.eveonline.com/InventoryType/7367_32.png', 10)
INSERT [dbo].[Components] ([ComponentId], [Name], [ImageUrl], [Volume]) VALUES (7447, N'425mm Prototype Gauss Gun', N'https://image.eveonline.com/InventoryType/7447_32.png', 20)
INSERT [dbo].[Components] ([ComponentId], [Name], [ImageUrl], [Volume]) VALUES (7619, N'Modal Electron Particle Accelerator I', N'https://image.eveonline.com/InventoryType/7619_32.png', 10)
INSERT [dbo].[Components] ([ComponentId], [Name], [ImageUrl], [Volume]) VALUES (7663, N'Modal Ion Particle Accelerator I', N'https://image.eveonline.com/InventoryType/7663_32.png', 10)
INSERT [dbo].[Components] ([ComponentId], [Name], [ImageUrl], [Volume]) VALUES (8027, N'Prototype ''Arbalest'' Rapid Light Missile Launcher', N'https://image.eveonline.com/InventoryType/8027_32.png', 10)
INSERT [dbo].[Components] ([ComponentId], [Name], [ImageUrl], [Volume]) VALUES (8117, N'Prototype ''Arbalest'' Torpedo Launcher', N'https://image.eveonline.com/InventoryType/8117_32.png', 20)
INSERT [dbo].[Components] ([ComponentId], [Name], [ImageUrl], [Volume]) VALUES (8173, N'Beta Reactor Control: Capacitor Power Relay I', N'https://image.eveonline.com/InventoryType/8173_32.png', 5)
INSERT [dbo].[Components] ([ComponentId], [Name], [ImageUrl], [Volume]) VALUES (8177, N'Mark I Generator Refitting: Capacitor Power Relay', N'https://image.eveonline.com/InventoryType/8177_32.png', 5)
INSERT [dbo].[Components] ([ComponentId], [Name], [ImageUrl], [Volume]) VALUES (8261, N'Beta Reactor Control: Reaction Control I', N'https://image.eveonline.com/InventoryType/8261_32.png', 5)
INSERT [dbo].[Components] ([ComponentId], [Name], [ImageUrl], [Volume]) VALUES (8397, N'Medium Subordinate Screen Stabilizer I', N'https://image.eveonline.com/InventoryType/8397_32.png', 10)
INSERT [dbo].[Components] ([ComponentId], [Name], [ImageUrl], [Volume]) VALUES (8433, N'Medium Azeotropic Ward Salubrity I', N'https://image.eveonline.com/InventoryType/8433_32.png', 10)
INSERT [dbo].[Components] ([ComponentId], [Name], [ImageUrl], [Volume]) VALUES (8517, N'Medium F-S9 Regolith Shield Induction', N'https://image.eveonline.com/InventoryType/8517_32.png', 10)
INSERT [dbo].[Components] ([ComponentId], [Name], [ImageUrl], [Volume]) VALUES (8529, N'Large F-S9 Regolith Shield Induction', N'https://image.eveonline.com/InventoryType/8529_32.png', 20)
INSERT [dbo].[Components] ([ComponentId], [Name], [ImageUrl], [Volume]) VALUES (8537, N'Small S95a Remote Shield Booster', N'https://image.eveonline.com/InventoryType/8537_32.png', 5)
INSERT [dbo].[Components] ([ComponentId], [Name], [ImageUrl], [Volume]) VALUES (8585, N'Medium S95a Remote Shield Booster', N'https://image.eveonline.com/InventoryType/8585_32.png', 10)
INSERT [dbo].[Components] ([ComponentId], [Name], [ImageUrl], [Volume]) VALUES (8641, N'Large S95a Remote Shield Booster', N'https://image.eveonline.com/InventoryType/8641_32.png', 25)
INSERT [dbo].[Components] ([ComponentId], [Name], [ImageUrl], [Volume]) VALUES (8759, N'125mm Light ''Scout'' Autocannon I', N'https://image.eveonline.com/InventoryType/8759_32.png', 5)
INSERT [dbo].[Components] ([ComponentId], [Name], [ImageUrl], [Volume]) VALUES (8789, N'125mm Light Prototype Automatic Cannon', N'https://image.eveonline.com/InventoryType/8789_32.png', 5)
INSERT [dbo].[Components] ([ComponentId], [Name], [ImageUrl], [Volume]) VALUES (8863, N'200mm Light ''Scout'' Autocannon I', N'https://image.eveonline.com/InventoryType/8863_32.png', 5)
INSERT [dbo].[Components] ([ComponentId], [Name], [ImageUrl], [Volume]) VALUES (8905, N'250mm Light Carbine Howitzer I', N'https://image.eveonline.com/InventoryType/8905_32.png', 5)
INSERT [dbo].[Components] ([ComponentId], [Name], [ImageUrl], [Volume]) VALUES (9411, N'280mm ''Scout'' Artillery I', N'https://image.eveonline.com/InventoryType/9411_32.png', 5)
INSERT [dbo].[Components] ([ComponentId], [Name], [ImageUrl], [Volume]) VALUES (9522, N'Faint Phase Inversion ECM I', N'https://image.eveonline.com/InventoryType/9522_32.png', 5)
INSERT [dbo].[Components] ([ComponentId], [Name], [ImageUrl], [Volume]) VALUES (9580, N'Upgraded EM Ward Amplifier I', N'https://image.eveonline.com/InventoryType/9580_32.png', 5)
INSERT [dbo].[Components] ([ComponentId], [Name], [ImageUrl], [Volume]) VALUES (9944, N'Magnetic Field Stabilizer I', N'https://image.eveonline.com/InventoryType/9944_32.png', 25)
INSERT [dbo].[Components] ([ComponentId], [Name], [ImageUrl], [Volume]) VALUES (10190, N'Magnetic Field Stabilizer II', N'https://image.eveonline.com/InventoryType/10190_32.png', 5)
INSERT [dbo].[Components] ([ComponentId], [Name], [ImageUrl], [Volume]) VALUES (10629, N'Rocket Launcher I', N'https://image.eveonline.com/InventoryType/10629_32.png', 5)
INSERT [dbo].[Components] ([ComponentId], [Name], [ImageUrl], [Volume]) VALUES (11174, N'Keres', N'https://image.eveonline.com/InventoryType/11174_32.png', 2500)
INSERT [dbo].[Components] ([ComponentId], [Name], [ImageUrl], [Volume]) VALUES (11176, N'Crow', N'https://image.eveonline.com/InventoryType/11176_32.png', 2500)
INSERT [dbo].[Components] ([ComponentId], [Name], [ImageUrl], [Volume]) VALUES (11198, N'Stiletto', N'https://image.eveonline.com/InventoryType/11198_32.png', 2500)
INSERT [dbo].[Components] ([ComponentId], [Name], [ImageUrl], [Volume]) VALUES (11219, N'Energized EM Membrane II', N'https://image.eveonline.com/InventoryType/11219_32.png', 5)
INSERT [dbo].[Components] ([ComponentId], [Name], [ImageUrl], [Volume]) VALUES (11229, N'Energized Explosive Membrane II', N'https://image.eveonline.com/InventoryType/11229_32.png', 5)
INSERT [dbo].[Components] ([ComponentId], [Name], [ImageUrl], [Volume]) VALUES (11249, N'Energized Kinetic Membrane II', N'https://image.eveonline.com/InventoryType/11249_32.png', 5)
INSERT [dbo].[Components] ([ComponentId], [Name], [ImageUrl], [Volume]) VALUES (11269, N'Energized Adaptive Nano Membrane II', N'https://image.eveonline.com/InventoryType/11269_32.png', 5)
INSERT [dbo].[Components] ([ComponentId], [Name], [ImageUrl], [Volume]) VALUES (11309, N'400mm Reinforced Rolled Tungsten Plates I', N'https://image.eveonline.com/InventoryType/11309_32.png', 10)
INSERT [dbo].[Components] ([ComponentId], [Name], [ImageUrl], [Volume]) VALUES (11325, N'1600mm Reinforced Rolled Tungsten Plates I', N'https://image.eveonline.com/InventoryType/11325_32.png', 20)
INSERT [dbo].[Components] ([ComponentId], [Name], [ImageUrl], [Volume]) VALUES (11349, N'200mm Reinforced Rolled Tungsten Plates I', N'https://image.eveonline.com/InventoryType/11349_32.png', 10)
INSERT [dbo].[Components] ([ComponentId], [Name], [ImageUrl], [Volume]) VALUES (11370, N'Prototype Cloaking Device I', N'https://image.eveonline.com/InventoryType/11370_32.png', 100)
INSERT [dbo].[Components] ([ComponentId], [Name], [ImageUrl], [Volume]) VALUES (11371, N'Wolf', N'https://image.eveonline.com/InventoryType/11371_32.png', 2500)
INSERT [dbo].[Components] ([ComponentId], [Name], [ImageUrl], [Volume]) VALUES (11377, N'Nemesis', N'https://image.eveonline.com/InventoryType/11377_32.png', 2500)
INSERT [dbo].[Components] ([ComponentId], [Name], [ImageUrl], [Volume]) VALUES (11381, N'Harpy', N'https://image.eveonline.com/InventoryType/11381_32.png', 2500)
INSERT [dbo].[Components] ([ComponentId], [Name], [ImageUrl], [Volume]) VALUES (11563, N'Micro Auxiliary Power Core I', N'https://image.eveonline.com/InventoryType/11563_32.png', 20)
INSERT [dbo].[Components] ([ComponentId], [Name], [ImageUrl], [Volume]) VALUES (11567, N'Avatar', N'https://image.eveonline.com/InventoryType/11567_32.png', 10000000)
INSERT [dbo].[Components] ([ComponentId], [Name], [ImageUrl], [Volume]) VALUES (11578, N'Covert Ops Cloaking Device II', N'https://image.eveonline.com/InventoryType/11578_32.png', 100)
INSERT [dbo].[Components] ([ComponentId], [Name], [ImageUrl], [Volume]) VALUES (11644, N'Armor Kinetic Hardener II', N'https://image.eveonline.com/InventoryType/11644_32.png', 5)
INSERT [dbo].[Components] ([ComponentId], [Name], [ImageUrl], [Volume]) VALUES (11646, N'Armor Explosive Hardener II', N'https://image.eveonline.com/InventoryType/11646_32.png', 5)
INSERT [dbo].[Components] ([ComponentId], [Name], [ImageUrl], [Volume]) VALUES (11648, N'Armor Thermic Hardener II', N'https://image.eveonline.com/InventoryType/11648_32.png', 5)
INSERT [dbo].[Components] ([ComponentId], [Name], [ImageUrl], [Volume]) VALUES (11961, N'Huginn', N'https://image.eveonline.com/InventoryType/11961_32.png', 10000)
INSERT [dbo].[Components] ([ComponentId], [Name], [ImageUrl], [Volume]) VALUES (11971, N'Lachesis', N'https://image.eveonline.com/InventoryType/11971_32.png', 10000)
INSERT [dbo].[Components] ([ComponentId], [Name], [ImageUrl], [Volume]) VALUES (11987, N'Guardian', N'https://image.eveonline.com/InventoryType/11987_32.png', 10000)
INSERT [dbo].[Components] ([ComponentId], [Name], [ImageUrl], [Volume]) VALUES (12017, N'Devoter', N'https://image.eveonline.com/InventoryType/12017_32.png', 10000)
INSERT [dbo].[Components] ([ComponentId], [Name], [ImageUrl], [Volume]) VALUES (12032, N'Manticore', N'https://image.eveonline.com/InventoryType/12032_32.png', 2500)
INSERT [dbo].[Components] ([ComponentId], [Name], [ImageUrl], [Volume]) VALUES (12034, N'Hound', N'https://image.eveonline.com/InventoryType/12034_32.png', 2500)
INSERT [dbo].[Components] ([ComponentId], [Name], [ImageUrl], [Volume]) VALUES (12038, N'Purifier', N'https://image.eveonline.com/InventoryType/12038_32.png', 2500)
INSERT [dbo].[Components] ([ComponentId], [Name], [ImageUrl], [Volume]) VALUES (12058, N'10MN Afterburner II', N'https://image.eveonline.com/InventoryType/12058_32.png', 5)
INSERT [dbo].[Components] ([ComponentId], [Name], [ImageUrl], [Volume]) VALUES (12274, N'Ballistic Control System I', N'https://image.eveonline.com/InventoryType/12274_32.png', 5)
INSERT [dbo].[Components] ([ComponentId], [Name], [ImageUrl], [Volume]) VALUES (12346, N'200mm Railgun II', N'https://image.eveonline.com/InventoryType/12346_32.png', 10)
INSERT [dbo].[Components] ([ComponentId], [Name], [ImageUrl], [Volume]) VALUES (12618, N'Spike S', N'https://image.eveonline.com/InventoryType/12618_32.png', 0.0025)
INSERT [dbo].[Components] ([ComponentId], [Name], [ImageUrl], [Volume]) VALUES (12631, N'Quake S', N'https://image.eveonline.com/InventoryType/12631_32.png', 0.0025)
INSERT [dbo].[Components] ([ComponentId], [Name], [ImageUrl], [Volume]) VALUES (12633, N'Tremor S', N'https://image.eveonline.com/InventoryType/12633_32.png', 0.0025)
INSERT [dbo].[Components] ([ComponentId], [Name], [ImageUrl], [Volume]) VALUES (12785, N'Null M', N'https://image.eveonline.com/InventoryType/12785_32.png', 0.0125)
INSERT [dbo].[Components] ([ComponentId], [Name], [ImageUrl], [Volume]) VALUES (12789, N'Void M', N'https://image.eveonline.com/InventoryType/12789_32.png', 0.0125)
INSERT [dbo].[Components] ([ComponentId], [Name], [ImageUrl], [Volume]) VALUES (12801, N'Javelin M', N'https://image.eveonline.com/InventoryType/12801_32.png', 0.0125)
INSERT [dbo].[Components] ([ComponentId], [Name], [ImageUrl], [Volume]) VALUES (12803, N'Javelin L', N'https://image.eveonline.com/InventoryType/12803_32.png', 0.025)
INSERT [dbo].[Components] ([ComponentId], [Name], [ImageUrl], [Volume]) VALUES (12805, N'Spike M', N'https://image.eveonline.com/InventoryType/12805_32.png', 0.0125)
INSERT [dbo].[Components] ([ComponentId], [Name], [ImageUrl], [Volume]) VALUES (12807, N'Spike L', N'https://image.eveonline.com/InventoryType/12807_32.png', 0.025)
INSERT [dbo].[Components] ([ComponentId], [Name], [ImageUrl], [Volume]) VALUES (13003, N'Small Energy Neutralizer II', N'https://image.eveonline.com/InventoryType/13003_32.png', 5)
INSERT [dbo].[Components] ([ComponentId], [Name], [ImageUrl], [Volume]) VALUES (13970, N'True Sansha Armor EM Hardener', N'https://image.eveonline.com/InventoryType/13970_32.png', 5)
INSERT [dbo].[Components] ([ComponentId], [Name], [ImageUrl], [Volume]) VALUES (13974, N'True Sansha Armor Explosive Hardener', N'https://image.eveonline.com/InventoryType/13974_32.png', 5)
INSERT [dbo].[Components] ([ComponentId], [Name], [ImageUrl], [Volume]) VALUES (13982, N'True Sansha Armor Thermic Hardener', N'https://image.eveonline.com/InventoryType/13982_32.png', 5)
INSERT [dbo].[Components] ([ComponentId], [Name], [ImageUrl], [Volume]) VALUES (14140, N'True Sansha Cap Recharger', N'https://image.eveonline.com/InventoryType/14140_32.png', 5)
INSERT [dbo].[Components] ([ComponentId], [Name], [ImageUrl], [Volume]) VALUES (14800, N'Brokara''s Modified Heat Sink', N'https://image.eveonline.com/InventoryType/14800_32.png', 5)
INSERT [dbo].[Components] ([ComponentId], [Name], [ImageUrl], [Volume]) VALUES (15800, N'Imperial Navy Small Energy Neutralizer', N'https://image.eveonline.com/InventoryType/15800_32.png', 5)
INSERT [dbo].[Components] ([ComponentId], [Name], [ImageUrl], [Volume]) VALUES (15802, N'Imperial Navy Medium Energy Neutralizer', N'https://image.eveonline.com/InventoryType/15802_32.png', 5)
INSERT [dbo].[Components] ([ComponentId], [Name], [ImageUrl], [Volume]) VALUES (16227, N'Ferox', N'https://image.eveonline.com/InventoryType/16227_32.png', 15000)
GO
INSERT [dbo].[Components] ([ComponentId], [Name], [ImageUrl], [Volume]) VALUES (16229, N'Brutix', N'https://image.eveonline.com/InventoryType/16229_32.png', 15000)
INSERT [dbo].[Components] ([ComponentId], [Name], [ImageUrl], [Volume]) VALUES (16238, N'Cormorant', N'https://image.eveonline.com/InventoryType/16238_32.png', 5000)
INSERT [dbo].[Components] ([ComponentId], [Name], [ImageUrl], [Volume]) VALUES (16240, N'Catalyst', N'https://image.eveonline.com/InventoryType/16240_32.png', 5000)
INSERT [dbo].[Components] ([ComponentId], [Name], [ImageUrl], [Volume]) VALUES (16242, N'Thrasher', N'https://image.eveonline.com/InventoryType/16242_32.png', 5000)
INSERT [dbo].[Components] ([ComponentId], [Name], [ImageUrl], [Volume]) VALUES (16273, N'Liquid Ozone', N'https://image.eveonline.com/InventoryType/16273_32.png', 0.4)
INSERT [dbo].[Components] ([ComponentId], [Name], [ImageUrl], [Volume]) VALUES (16439, N'Small ''Solace'' Remote Armor Repairer', N'https://image.eveonline.com/InventoryType/16439_32.png', 5)
INSERT [dbo].[Components] ([ComponentId], [Name], [ImageUrl], [Volume]) VALUES (16445, N'Medium ''Arup'' Remote Armor Repairer', N'https://image.eveonline.com/InventoryType/16445_32.png', 10)
INSERT [dbo].[Components] ([ComponentId], [Name], [ImageUrl], [Volume]) VALUES (16447, N'Medium ''Solace'' Remote Armor Repairer', N'https://image.eveonline.com/InventoryType/16447_32.png', 10)
INSERT [dbo].[Components] ([ComponentId], [Name], [ImageUrl], [Volume]) VALUES (16455, N'Large ''Solace'' Remote Armor Repairer', N'https://image.eveonline.com/InventoryType/16455_32.png', 50)
INSERT [dbo].[Components] ([ComponentId], [Name], [ImageUrl], [Volume]) VALUES (16469, N'50W Infectious Power System Malfunction', N'https://image.eveonline.com/InventoryType/16469_32.png', 5)
INSERT [dbo].[Components] ([ComponentId], [Name], [ImageUrl], [Volume]) VALUES (16479, N'Heavy Unstable Power Fluctuator I', N'https://image.eveonline.com/InventoryType/16479_32.png', 5)
INSERT [dbo].[Components] ([ComponentId], [Name], [ImageUrl], [Volume]) VALUES (16487, N'Large ''Regard'' Remote Capacitor Transmitter', N'https://image.eveonline.com/InventoryType/16487_32.png', 5)
INSERT [dbo].[Components] ([ComponentId], [Name], [ImageUrl], [Volume]) VALUES (16495, N'Medium ''Regard'' Remote Capacitor Transmitter', N'https://image.eveonline.com/InventoryType/16495_32.png', 5)
INSERT [dbo].[Components] ([ComponentId], [Name], [ImageUrl], [Volume]) VALUES (16521, N'''Malkuth'' Rocket Launcher I', N'https://image.eveonline.com/InventoryType/16521_32.png', 5)
INSERT [dbo].[Components] ([ComponentId], [Name], [ImageUrl], [Volume]) VALUES (16523, N'''Limos'' Rocket Launcher I', N'https://image.eveonline.com/InventoryType/16523_32.png', 5)
INSERT [dbo].[Components] ([ComponentId], [Name], [ImageUrl], [Volume]) VALUES (17520, N'Federation Navy Sensor Booster', N'https://image.eveonline.com/InventoryType/17520_32.png', 5)
INSERT [dbo].[Components] ([ComponentId], [Name], [ImageUrl], [Volume]) VALUES (18883, N'Centum A-Type Energized Adaptive Nano Membrane', N'https://image.eveonline.com/InventoryType/18883_32.png', 5)
INSERT [dbo].[Components] ([ComponentId], [Name], [ImageUrl], [Volume]) VALUES (18975, N'Core X-Type Armor Explosive Hardener', N'https://image.eveonline.com/InventoryType/18975_32.png', 5)
INSERT [dbo].[Components] ([ComponentId], [Name], [ImageUrl], [Volume]) VALUES (18977, N'Core X-Type Armor Kinetic Hardener', N'https://image.eveonline.com/InventoryType/18977_32.png', 5)
INSERT [dbo].[Components] ([ComponentId], [Name], [ImageUrl], [Volume]) VALUES (18979, N'Core X-Type Armor Thermic Hardener', N'https://image.eveonline.com/InventoryType/18979_32.png', 5)
INSERT [dbo].[Components] ([ComponentId], [Name], [ImageUrl], [Volume]) VALUES (19814, N'Phased Weapon Navigation Array Generation Extron', N'https://image.eveonline.com/InventoryType/19814_32.png', 5)
INSERT [dbo].[Components] ([ComponentId], [Name], [ImageUrl], [Volume]) VALUES (19927, N'''Hypnos'' Ion Field ECM I', N'https://image.eveonline.com/InventoryType/19927_32.png', 5)
INSERT [dbo].[Components] ([ComponentId], [Name], [ImageUrl], [Volume]) VALUES (19939, N'Enfeebling Phase Inversion ECM I', N'https://image.eveonline.com/InventoryType/19939_32.png', 5)
INSERT [dbo].[Components] ([ComponentId], [Name], [ImageUrl], [Volume]) VALUES (19946, N'BZ-5 Neutralizing Spatial Destabilizer ECM', N'https://image.eveonline.com/InventoryType/19946_32.png', 5)
INSERT [dbo].[Components] ([ComponentId], [Name], [ImageUrl], [Volume]) VALUES (19948, N'''Gloom'' White Noise ECM', N'https://image.eveonline.com/InventoryType/19948_32.png', 5)
INSERT [dbo].[Components] ([ComponentId], [Name], [ImageUrl], [Volume]) VALUES (19952, N'''Umbra'' White Noise ECM', N'https://image.eveonline.com/InventoryType/19952_32.png', 5)
INSERT [dbo].[Components] ([ComponentId], [Name], [ImageUrl], [Volume]) VALUES (20218, N'Conjunctive Radar ECCM Scanning Array I', N'https://image.eveonline.com/InventoryType/20218_32.png', 5)
INSERT [dbo].[Components] ([ComponentId], [Name], [ImageUrl], [Volume]) VALUES (20236, N'Conjunctive Magnetometric ECCM Scanning Array I', N'https://image.eveonline.com/InventoryType/20236_32.png', 5)
INSERT [dbo].[Components] ([ComponentId], [Name], [ImageUrl], [Volume]) VALUES (20351, N'800mm Reinforced Steel Plates II', N'https://image.eveonline.com/InventoryType/20351_32.png', 20)
INSERT [dbo].[Components] ([ComponentId], [Name], [ImageUrl], [Volume]) VALUES (20353, N'1600mm Reinforced Steel Plates II', N'https://image.eveonline.com/InventoryType/20353_32.png', 20)
INSERT [dbo].[Components] ([ComponentId], [Name], [ImageUrl], [Volume]) VALUES (20446, N'Dual Giga Beam Laser I', N'https://image.eveonline.com/InventoryType/20446_32.png', 4000)
INSERT [dbo].[Components] ([ComponentId], [Name], [ImageUrl], [Volume]) VALUES (20701, N'Capital Armor Repairer I', N'https://image.eveonline.com/InventoryType/20701_32.png', 4000)
INSERT [dbo].[Components] ([ComponentId], [Name], [ImageUrl], [Volume]) VALUES (21096, N'Cynosural Field Generator I', N'https://image.eveonline.com/InventoryType/21096_32.png', 50)
INSERT [dbo].[Components] ([ComponentId], [Name], [ImageUrl], [Volume]) VALUES (21740, N'Caldari Navy Antimatter Charge L', N'https://image.eveonline.com/InventoryType/21740_32.png', 0.025)
INSERT [dbo].[Components] ([ComponentId], [Name], [ImageUrl], [Volume]) VALUES (21898, N'Republic Fleet EMP S', N'https://image.eveonline.com/InventoryType/21898_32.png', 0.0025)
INSERT [dbo].[Components] ([ComponentId], [Name], [ImageUrl], [Volume]) VALUES (21906, N'Republic Fleet Fusion S', N'https://image.eveonline.com/InventoryType/21906_32.png', 0.0025)
INSERT [dbo].[Components] ([ComponentId], [Name], [ImageUrl], [Volume]) VALUES (21924, N'Republic Fleet Phased Plasma S', N'https://image.eveonline.com/InventoryType/21924_32.png', 0.0025)
INSERT [dbo].[Components] ([ComponentId], [Name], [ImageUrl], [Volume]) VALUES (22291, N'Ballistic Control System II', N'https://image.eveonline.com/InventoryType/22291_32.png', 5)
INSERT [dbo].[Components] ([ComponentId], [Name], [ImageUrl], [Volume]) VALUES (22456, N'Sabre', N'https://image.eveonline.com/InventoryType/22456_32.png', 5000)
INSERT [dbo].[Components] ([ComponentId], [Name], [ImageUrl], [Volume]) VALUES (22464, N'Flycatcher', N'https://image.eveonline.com/InventoryType/22464_32.png', 5000)
INSERT [dbo].[Components] ([ComponentId], [Name], [ImageUrl], [Volume]) VALUES (22782, N'Interdiction Sphere Launcher I', N'https://image.eveonline.com/InventoryType/22782_32.png', 50)
INSERT [dbo].[Components] ([ComponentId], [Name], [ImageUrl], [Volume]) VALUES (23009, N'Caldari Navy Antimatter Charge S', N'https://image.eveonline.com/InventoryType/23009_32.png', 0.0025)
INSERT [dbo].[Components] ([ComponentId], [Name], [ImageUrl], [Volume]) VALUES (23013, N'Caldari Navy Uranium Charge S', N'https://image.eveonline.com/InventoryType/23013_32.png', 0.0025)
INSERT [dbo].[Components] ([ComponentId], [Name], [ImageUrl], [Volume]) VALUES (23015, N'Caldari Navy Thorium Charge S', N'https://image.eveonline.com/InventoryType/23015_32.png', 0.0025)
INSERT [dbo].[Components] ([ComponentId], [Name], [ImageUrl], [Volume]) VALUES (23021, N'Caldari Navy Tungsten Charge S', N'https://image.eveonline.com/InventoryType/23021_32.png', 0.0025)
INSERT [dbo].[Components] ([ComponentId], [Name], [ImageUrl], [Volume]) VALUES (23025, N'Caldari Navy Antimatter Charge M', N'https://image.eveonline.com/InventoryType/23025_32.png', 0.0125)
INSERT [dbo].[Components] ([ComponentId], [Name], [ImageUrl], [Volume]) VALUES (23031, N'Caldari Navy Thorium Charge M', N'https://image.eveonline.com/InventoryType/23031_32.png', 0.0125)
INSERT [dbo].[Components] ([ComponentId], [Name], [ImageUrl], [Volume]) VALUES (23037, N'Caldari Navy Tungsten Charge M', N'https://image.eveonline.com/InventoryType/23037_32.png', 0.0125)
INSERT [dbo].[Components] ([ComponentId], [Name], [ImageUrl], [Volume]) VALUES (23045, N'Caldari Navy Thorium Charge L', N'https://image.eveonline.com/InventoryType/23045_32.png', 0.025)
INSERT [dbo].[Components] ([ComponentId], [Name], [ImageUrl], [Volume]) VALUES (23051, N'Caldari Navy Tungsten Charge L', N'https://image.eveonline.com/InventoryType/23051_32.png', 0.025)
INSERT [dbo].[Components] ([ComponentId], [Name], [ImageUrl], [Volume]) VALUES (23089, N'Imperial Navy Multifrequency M', N'https://image.eveonline.com/InventoryType/23089_32.png', 1)
INSERT [dbo].[Components] ([ComponentId], [Name], [ImageUrl], [Volume]) VALUES (23097, N'Imperial Navy Standard M', N'https://image.eveonline.com/InventoryType/23097_32.png', 1)
INSERT [dbo].[Components] ([ComponentId], [Name], [ImageUrl], [Volume]) VALUES (23473, N'Wasp EC-900', N'https://image.eveonline.com/InventoryType/23473_32.png', 25)
INSERT [dbo].[Components] ([ComponentId], [Name], [ImageUrl], [Volume]) VALUES (23707, N'Hornet EC-300', N'https://image.eveonline.com/InventoryType/23707_32.png', 5)
INSERT [dbo].[Components] ([ComponentId], [Name], [ImageUrl], [Volume]) VALUES (23711, N'Light Armor Maintenance Bot I', N'https://image.eveonline.com/InventoryType/23711_32.png', 5)
INSERT [dbo].[Components] ([ComponentId], [Name], [ImageUrl], [Volume]) VALUES (23719, N'Light Shield Maintenance Bot I', N'https://image.eveonline.com/InventoryType/23719_32.png', 5)
INSERT [dbo].[Components] ([ComponentId], [Name], [ImageUrl], [Volume]) VALUES (23953, N'Jump Portal Generator I', N'https://image.eveonline.com/InventoryType/23953_32.png', 10000)
INSERT [dbo].[Components] ([ComponentId], [Name], [ImageUrl], [Volume]) VALUES (24550, N'Judgement', N'https://image.eveonline.com/InventoryType/24550_32.png', 8000)
INSERT [dbo].[Components] ([ComponentId], [Name], [ImageUrl], [Volume]) VALUES (25563, N'Signal Distortion Amplifier II', N'https://image.eveonline.com/InventoryType/25563_32.png', 5)
INSERT [dbo].[Components] ([ComponentId], [Name], [ImageUrl], [Volume]) VALUES (25565, N'''Hypnos'' Signal Distortion Amplifier I', N'https://image.eveonline.com/InventoryType/25565_32.png', 5)
INSERT [dbo].[Components] ([ComponentId], [Name], [ImageUrl], [Volume]) VALUES (25736, N'Large Anti-EM Pump I', N'https://image.eveonline.com/InventoryType/25736_32.png', 20)
INSERT [dbo].[Components] ([ComponentId], [Name], [ImageUrl], [Volume]) VALUES (25894, N'Large Trimark Armor Pump I', N'https://image.eveonline.com/InventoryType/25894_32.png', 20)
INSERT [dbo].[Components] ([ComponentId], [Name], [ImageUrl], [Volume]) VALUES (25956, N'Large Ancillary Current Router I', N'https://image.eveonline.com/InventoryType/25956_32.png', 20)
INSERT [dbo].[Components] ([ComponentId], [Name], [ImageUrl], [Volume]) VALUES (26929, N'Small Processor Overclocking Unit I', N'https://image.eveonline.com/InventoryType/26929_32.png', 5)
INSERT [dbo].[Components] ([ComponentId], [Name], [ImageUrl], [Volume]) VALUES (27327, N'Caldari Navy Nova Rocket', N'https://image.eveonline.com/InventoryType/27327_32.png', 0.005)
INSERT [dbo].[Components] ([ComponentId], [Name], [ImageUrl], [Volume]) VALUES (27345, N'Caldari Navy Scourge Torpedo', N'https://image.eveonline.com/InventoryType/27345_32.png', 0.1)
INSERT [dbo].[Components] ([ComponentId], [Name], [ImageUrl], [Volume]) VALUES (27351, N'Caldari Navy Inferno Torpedo', N'https://image.eveonline.com/InventoryType/27351_32.png', 0.1)
INSERT [dbo].[Components] ([ComponentId], [Name], [ImageUrl], [Volume]) VALUES (27359, N'Caldari Navy Nova Torpedo', N'https://image.eveonline.com/InventoryType/27359_32.png', 0.1)
INSERT [dbo].[Components] ([ComponentId], [Name], [ImageUrl], [Volume]) VALUES (27381, N'Caldari Navy Nova Light Missile', N'https://image.eveonline.com/InventoryType/27381_32.png', 0.015)
INSERT [dbo].[Components] ([ComponentId], [Name], [ImageUrl], [Volume]) VALUES (27387, N'Caldari Navy Mjolnir Light Missile', N'https://image.eveonline.com/InventoryType/27387_32.png', 0.015)
INSERT [dbo].[Components] ([ComponentId], [Name], [ImageUrl], [Volume]) VALUES (28654, N'Warp Disruption Field Generator I', N'https://image.eveonline.com/InventoryType/28654_32.png', 50)
INSERT [dbo].[Components] ([ComponentId], [Name], [ImageUrl], [Volume]) VALUES (28668, N'Nanite Repair Paste', N'https://image.eveonline.com/InventoryType/28668_32.png', 0.01)
INSERT [dbo].[Components] ([ComponentId], [Name], [ImageUrl], [Volume]) VALUES (28999, N'Optimal Range Script', N'https://image.eveonline.com/InventoryType/28999_32.png', 1)
INSERT [dbo].[Components] ([ComponentId], [Name], [ImageUrl], [Volume]) VALUES (29001, N'Tracking Speed Script', N'https://image.eveonline.com/InventoryType/29001_32.png', 1)
INSERT [dbo].[Components] ([ComponentId], [Name], [ImageUrl], [Volume]) VALUES (29003, N'Focused Warp Disruption Script', N'https://image.eveonline.com/InventoryType/29003_32.png', 1)
INSERT [dbo].[Components] ([ComponentId], [Name], [ImageUrl], [Volume]) VALUES (29009, N'Targeting Range Script', N'https://image.eveonline.com/InventoryType/29009_32.png', 1)
INSERT [dbo].[Components] ([ComponentId], [Name], [ImageUrl], [Volume]) VALUES (29011, N'Scan Resolution Script', N'https://image.eveonline.com/InventoryType/29011_32.png', 1)
INSERT [dbo].[Components] ([ComponentId], [Name], [ImageUrl], [Volume]) VALUES (29013, N'Scan Resolution Dampening Script', N'https://image.eveonline.com/InventoryType/29013_32.png', 1)
INSERT [dbo].[Components] ([ComponentId], [Name], [ImageUrl], [Volume]) VALUES (29015, N'Targeting Range Dampening Script', N'https://image.eveonline.com/InventoryType/29015_32.png', 1)
INSERT [dbo].[Components] ([ComponentId], [Name], [ImageUrl], [Volume]) VALUES (29337, N'Augoror Navy Issue', N'https://image.eveonline.com/InventoryType/29337_32.png', 10000)
INSERT [dbo].[Components] ([ComponentId], [Name], [ImageUrl], [Volume]) VALUES (29964, N'Legion Defensive - Adaptive Augmenter', N'https://image.eveonline.com/InventoryType/29964_32.png', 40)
INSERT [dbo].[Components] ([ComponentId], [Name], [ImageUrl], [Volume]) VALUES (29986, N'Legion', N'https://image.eveonline.com/InventoryType/29986_32.png', 10000)
INSERT [dbo].[Components] ([ComponentId], [Name], [ImageUrl], [Volume]) VALUES (30036, N'Legion Electronics - Energy Parasitic Complex', N'https://image.eveonline.com/InventoryType/30036_32.png', 40)
INSERT [dbo].[Components] ([ComponentId], [Name], [ImageUrl], [Volume]) VALUES (30078, N'Legion Propulsion - Fuel Catalyst', N'https://image.eveonline.com/InventoryType/30078_32.png', 40)
INSERT [dbo].[Components] ([ComponentId], [Name], [ImageUrl], [Volume]) VALUES (30119, N'Legion Offensive - Liquid Crystal Magnifiers', N'https://image.eveonline.com/InventoryType/30119_32.png', 40)
INSERT [dbo].[Components] ([ComponentId], [Name], [ImageUrl], [Volume]) VALUES (30173, N'Legion Engineering - Capacitor Regeneration Matrix', N'https://image.eveonline.com/InventoryType/30173_32.png', 40)
INSERT [dbo].[Components] ([ComponentId], [Name], [ImageUrl], [Volume]) VALUES (30987, N'Small Trimark Armor Pump I', N'https://image.eveonline.com/InventoryType/30987_32.png', 5)
INSERT [dbo].[Components] ([ComponentId], [Name], [ImageUrl], [Volume]) VALUES (30999, N'Medium Anti-EM Pump I', N'https://image.eveonline.com/InventoryType/30999_32.png', 10)
INSERT [dbo].[Components] ([ComponentId], [Name], [ImageUrl], [Volume]) VALUES (31011, N'Medium Anti-Explosive Pump I', N'https://image.eveonline.com/InventoryType/31011_32.png', 10)
INSERT [dbo].[Components] ([ComponentId], [Name], [ImageUrl], [Volume]) VALUES (31023, N'Medium Anti-Kinetic Pump I', N'https://image.eveonline.com/InventoryType/31023_32.png', 10)
INSERT [dbo].[Components] ([ComponentId], [Name], [ImageUrl], [Volume]) VALUES (31035, N'Medium Anti-Thermic Pump I', N'https://image.eveonline.com/InventoryType/31035_32.png', 10)
INSERT [dbo].[Components] ([ComponentId], [Name], [ImageUrl], [Volume]) VALUES (31055, N'Medium Trimark Armor Pump I', N'https://image.eveonline.com/InventoryType/31055_32.png', 10)
INSERT [dbo].[Components] ([ComponentId], [Name], [ImageUrl], [Volume]) VALUES (31059, N'Medium Trimark Armor Pump II', N'https://image.eveonline.com/InventoryType/31059_32.png', 10)
INSERT [dbo].[Components] ([ComponentId], [Name], [ImageUrl], [Volume]) VALUES (31061, N'Capital Trimark Armor Pump II', N'https://image.eveonline.com/InventoryType/31061_32.png', 1000)
INSERT [dbo].[Components] ([ComponentId], [Name], [ImageUrl], [Volume]) VALUES (31073, N'Medium Remote Repair Augmentor I', N'https://image.eveonline.com/InventoryType/31073_32.png', 10)
INSERT [dbo].[Components] ([ComponentId], [Name], [ImageUrl], [Volume]) VALUES (31105, N'Small Auxiliary Thrusters I', N'https://image.eveonline.com/InventoryType/31105_32.png', 5)
INSERT [dbo].[Components] ([ComponentId], [Name], [ImageUrl], [Volume]) VALUES (31262, N'Small Inverted Signal Field Projector I', N'https://image.eveonline.com/InventoryType/31262_32.png', 5)
INSERT [dbo].[Components] ([ComponentId], [Name], [ImageUrl], [Volume]) VALUES (31274, N'Small Ionic Field Projector I', N'https://image.eveonline.com/InventoryType/31274_32.png', 5)
INSERT [dbo].[Components] ([ComponentId], [Name], [ImageUrl], [Volume]) VALUES (31288, N'Medium Particle Dispersion Augmentor I', N'https://image.eveonline.com/InventoryType/31288_32.png', 10)
INSERT [dbo].[Components] ([ComponentId], [Name], [ImageUrl], [Volume]) VALUES (31300, N'Medium Particle Dispersion Projector I', N'https://image.eveonline.com/InventoryType/31300_32.png', 10)
GO
INSERT [dbo].[Components] ([ComponentId], [Name], [ImageUrl], [Volume]) VALUES (31322, N'Small Targeting System Subcontroller I', N'https://image.eveonline.com/InventoryType/31322_32.png', 5)
INSERT [dbo].[Components] ([ComponentId], [Name], [ImageUrl], [Volume]) VALUES (31324, N'Medium Targeting System Subcontroller I', N'https://image.eveonline.com/InventoryType/31324_32.png', 10)
INSERT [dbo].[Components] ([ComponentId], [Name], [ImageUrl], [Volume]) VALUES (31358, N'Small Ancillary Current Router I', N'https://image.eveonline.com/InventoryType/31358_32.png', 5)
INSERT [dbo].[Components] ([ComponentId], [Name], [ImageUrl], [Volume]) VALUES (31360, N'Medium Ancillary Current Router I', N'https://image.eveonline.com/InventoryType/31360_32.png', 10)
INSERT [dbo].[Components] ([ComponentId], [Name], [ImageUrl], [Volume]) VALUES (31370, N'Small Capacitor Control Circuit I', N'https://image.eveonline.com/InventoryType/31370_32.png', 5)
INSERT [dbo].[Components] ([ComponentId], [Name], [ImageUrl], [Volume]) VALUES (31372, N'Medium Capacitor Control Circuit I', N'https://image.eveonline.com/InventoryType/31372_32.png', 10)
INSERT [dbo].[Components] ([ComponentId], [Name], [ImageUrl], [Volume]) VALUES (31378, N'Medium Capacitor Control Circuit II', N'https://image.eveonline.com/InventoryType/31378_32.png', 10)
INSERT [dbo].[Components] ([ComponentId], [Name], [ImageUrl], [Volume]) VALUES (31444, N'Medium Energy Burst Aerator I', N'https://image.eveonline.com/InventoryType/31444_32.png', 10)
INSERT [dbo].[Components] ([ComponentId], [Name], [ImageUrl], [Volume]) VALUES (31456, N'Medium Energy Collision Accelerator I', N'https://image.eveonline.com/InventoryType/31456_32.png', 10)
INSERT [dbo].[Components] ([ComponentId], [Name], [ImageUrl], [Volume]) VALUES (31480, N'Medium Energy Locus Coordinator I', N'https://image.eveonline.com/InventoryType/31480_32.png', 10)
INSERT [dbo].[Components] ([ComponentId], [Name], [ImageUrl], [Volume]) VALUES (31526, N'Small Hybrid Burst Aerator I', N'https://image.eveonline.com/InventoryType/31526_32.png', 5)
INSERT [dbo].[Components] ([ComponentId], [Name], [ImageUrl], [Volume]) VALUES (31538, N'Small Hybrid Collision Accelerator I', N'https://image.eveonline.com/InventoryType/31538_32.png', 5)
INSERT [dbo].[Components] ([ComponentId], [Name], [ImageUrl], [Volume]) VALUES (31540, N'Medium Hybrid Collision Accelerator I', N'https://image.eveonline.com/InventoryType/31540_32.png', 10)
INSERT [dbo].[Components] ([ComponentId], [Name], [ImageUrl], [Volume]) VALUES (31562, N'Small Hybrid Locus Coordinator I', N'https://image.eveonline.com/InventoryType/31562_32.png', 5)
INSERT [dbo].[Components] ([ComponentId], [Name], [ImageUrl], [Volume]) VALUES (31586, N'Small Bay Loading Accelerator I', N'https://image.eveonline.com/InventoryType/31586_32.png', 5)
INSERT [dbo].[Components] ([ComponentId], [Name], [ImageUrl], [Volume]) VALUES (31598, N'Small Hydraulic Bay Thrusters I', N'https://image.eveonline.com/InventoryType/31598_32.png', 5)
INSERT [dbo].[Components] ([ComponentId], [Name], [ImageUrl], [Volume]) VALUES (31608, N'Small Rocket Fuel Cache Partition I', N'https://image.eveonline.com/InventoryType/31608_32.png', 5)
INSERT [dbo].[Components] ([ComponentId], [Name], [ImageUrl], [Volume]) VALUES (31620, N'Small Warhead Calefaction Catalyst I', N'https://image.eveonline.com/InventoryType/31620_32.png', 5)
INSERT [dbo].[Components] ([ComponentId], [Name], [ImageUrl], [Volume]) VALUES (31680, N'Small Projectile Collision Accelerator I', N'https://image.eveonline.com/InventoryType/31680_32.png', 5)
INSERT [dbo].[Components] ([ComponentId], [Name], [ImageUrl], [Volume]) VALUES (31716, N'Small Anti-EM Screen Reinforcer I', N'https://image.eveonline.com/InventoryType/31716_32.png', 5)
INSERT [dbo].[Components] ([ComponentId], [Name], [ImageUrl], [Volume]) VALUES (31718, N'Medium Anti-EM Screen Reinforcer I', N'https://image.eveonline.com/InventoryType/31718_32.png', 10)
INSERT [dbo].[Components] ([ComponentId], [Name], [ImageUrl], [Volume]) VALUES (31752, N'Small Anti-Thermal Screen Reinforcer I', N'https://image.eveonline.com/InventoryType/31752_32.png', 5)
INSERT [dbo].[Components] ([ComponentId], [Name], [ImageUrl], [Volume]) VALUES (31754, N'Medium Anti-Thermal Screen Reinforcer I', N'https://image.eveonline.com/InventoryType/31754_32.png', 10)
INSERT [dbo].[Components] ([ComponentId], [Name], [ImageUrl], [Volume]) VALUES (31788, N'Small Core Defense Field Extender I', N'https://image.eveonline.com/InventoryType/31788_32.png', 5)
INSERT [dbo].[Components] ([ComponentId], [Name], [ImageUrl], [Volume]) VALUES (31790, N'Medium Core Defense Field Extender I', N'https://image.eveonline.com/InventoryType/31790_32.png', 10)
INSERT [dbo].[Components] ([ComponentId], [Name], [ImageUrl], [Volume]) VALUES (32006, N'Navy Cap Booster 400', N'https://image.eveonline.com/InventoryType/32006_32.png', 12)
INSERT [dbo].[Components] ([ComponentId], [Name], [ImageUrl], [Volume]) VALUES (32014, N'Navy Cap Booster 800', N'https://image.eveonline.com/InventoryType/32014_32.png', 24)
INSERT [dbo].[Components] ([ComponentId], [Name], [ImageUrl], [Volume]) VALUES (32878, N'Talwar', N'https://image.eveonline.com/InventoryType/32878_32.png', 5000)
SET IDENTITY_INSERT [dbo].[Components] OFF 

SET IDENTITY_INSERT [dbo].[ShipFits] ON 
INSERT [dbo].[ShipFits] ([ShipFitId], [AccountId], [HullId], [ThumbnailUrl], [RenderImageUrl], [Hull], [Name], [Role], [ContractsAvailable], [FitPackagedVolume], [BuyPrice], [SellPrice], [ShippingCost], [ContractReward], [BuyOrderProfit], [SellOrderProfit], [FittingString], [LastPriceRefresh], [IsMonitored], [FittingHash], [Notes]) VALUES (0, 0, 0, N'/Content/images/misc/nomatch.png', N'/Content/images/misc/nomatchrender.png', N'Unknown', N'No Match Found', N'Unknown', 0, 0, 0, 0, 0, 10000, 10000, 10000, N'0::', CAST(0x0000A2F600BC3DD8 AS DateTime), 0, N'2E0A6DD5757F24D47CBFB1A81A494B32903FCC4D', N'')
INSERT [dbo].[ShipFits] ([ShipFitId], [AccountId], [HullId], [ThumbnailUrl], [RenderImageUrl], [Hull], [Name], [Role], [ContractsAvailable], [FitPackagedVolume], [BuyPrice], [SellPrice], [ShippingCost], [ContractReward], [BuyOrderProfit], [SellOrderProfit], [FittingString], [LastPriceRefresh], [IsMonitored], [FittingHash], [Notes]) VALUES (1, 0, 16227, N'https://image.eveonline.com/InventoryType/16227_64.png', N'https://image.eveonline.com/Render/16227_256.png', N'Ferox', N'Furrox - Main DPS', N'DPS', 8, 15615.3, 68133318.724100009, 72439360.32, 1795759.5, 81489055.852, 13355737.12789999, 9049695.5320000052, N'16227:1999;1:2048;1:2281;2:3568;1:3841;1:5975;1:10190;2:12346;7:12801;2000:12805;2000:16227;1:23025;2000:23031;2000:23037;2000:23707;5:28668;30:31718;1:31790;2:32006;25::', CAST(0x0000A2F6016A4F41 AS DateTime), 1, N'092D29A3F4780AC1DE453DC3921A3D66FBD96297', N'')
INSERT [dbo].[ShipFits] ([ShipFitId], [AccountId], [HullId], [ThumbnailUrl], [RenderImageUrl], [Hull], [Name], [Role], [ContractsAvailable], [FitPackagedVolume], [BuyPrice], [SellPrice], [ShippingCost], [ContractReward], [BuyOrderProfit], [SellOrderProfit], [FittingString], [LastPriceRefresh], [IsMonitored], [FittingHash], [Notes]) VALUES (2, 0, 11961, N'https://image.eveonline.com/InventoryType/11961_64.png', N'https://image.eveonline.com/Render/11961_256.png', N'Huginn', N'Furrox - Huginn', N'Recon', 0, 10337.8, 163964309.60599998, 169349404.78000003, 1188847, 187483192.25800005, 23518882.65200007, 18133787.478000015, N'11961:527;2:1565;2:1877;3:1987;1:2048;1:2281;1:2488;3:2584;1:3841;2:5975;1:11961;1:16273;250:21096;1:23707;5:27381;500:28668;30:31790;2::', CAST(0x0000A2F6016B0395 AS DateTime), 1, N'EEC1E8F871E67367254F53265D8D3E24F30D88DA', N'')
INSERT [dbo].[ShipFits] ([ShipFitId], [AccountId], [HullId], [ThumbnailUrl], [RenderImageUrl], [Hull], [Name], [Role], [ContractsAvailable], [FitPackagedVolume], [BuyPrice], [SellPrice], [ShippingCost], [ContractReward], [BuyOrderProfit], [SellOrderProfit], [FittingString], [LastPriceRefresh], [IsMonitored], [FittingHash], [Notes]) VALUES (3, 0, 11971, N'https://image.eveonline.com/InventoryType/11971_64.png', N'https://image.eveonline.com/Render/11971_256.png', N'Lachesis', N'Furrox - Lachesis', N'Recon', 0, 10356.55, 136742724.59230003, 142639294.30999997, 1424025.625, 158337249.366, 21594524.773699969, 15697955.056000024, N'11971:448;1:1541;1:2048;1:2281;1:2301;1:2488;3:2588;1:3082;3:3244;1:3841;2:5975;1:11971;1:12801;500:12805;500:16273;250:21096;1:23025;500:23031;500:23037;500:23707;5:28668;30:31790;2::', CAST(0x0000A2E90166F221 AS DateTime), 1, N'F4CACA1AA3A66C268804791AE570678A96A5D4AE', N'')
INSERT [dbo].[ShipFits] ([ShipFitId], [AccountId], [HullId], [ThumbnailUrl], [RenderImageUrl], [Hull], [Name], [Role], [ContractsAvailable], [FitPackagedVolume], [BuyPrice], [SellPrice], [ShippingCost], [ContractReward], [BuyOrderProfit], [SellOrderProfit], [FittingString], [LastPriceRefresh], [IsMonitored], [FittingHash], [Notes]) VALUES (4, 0, 633, N'https://image.eveonline.com/InventoryType/633_64.png', N'https://image.eveonline.com/Render/633_256.png', N'Celestis', N'Furrox - Celestis', N'EWAR', 0, 10156.3, 16029345.6021, 18678832.43, 1396491.25, 21953206.923, 5923861.3209000006, 3274374.4930000007, N'633:633;1:1447;3:1987;1:2048;1:2488;5:3841;1:5299;3:5975;1:23707;5:28668;30:29013;3:29015;3:31718;1:31754;1:31790;1::', CAST(0x0000A2E701413D49 AS DateTime), 1, N'90943EB45C0743B5F0B93BD904DC2C1493A78FCD', N'')
INSERT [dbo].[ShipFits] ([ShipFitId], [AccountId], [HullId], [ThumbnailUrl], [RenderImageUrl], [Hull], [Name], [Role], [ContractsAvailable], [FitPackagedVolume], [BuyPrice], [SellPrice], [ShippingCost], [ContractReward], [BuyOrderProfit], [SellOrderProfit], [FittingString], [LastPriceRefresh], [IsMonitored], [FittingHash], [Notes]) VALUES (5, 0, 631, N'https://image.eveonline.com/InventoryType/631_64.png', N'https://image.eveonline.com/Render/631_256.png', N'Scythe', N'Furrox - Scythe', N'Logistics', 7, 10175.3, 22682097.704800002, 25088535.47, 1170159.5, 28777548.517, 6095450.8121999986, 3689013.0470000021, N'631:631;1:1447;4:1541;1:2032;1:2281;2:5975;1:8529;1:8585;3:23707;4:23711;5:28668;30:31790;3::', CAST(0x0000A2EF006E56B3 AS DateTime), 1, N'840812B9AE02D5957F85A7B3E962C0CF21A6AC4E', N'')
INSERT [dbo].[ShipFits] ([ShipFitId], [AccountId], [HullId], [ThumbnailUrl], [RenderImageUrl], [Hull], [Name], [Role], [ContractsAvailable], [FitPackagedVolume], [BuyPrice], [SellPrice], [ShippingCost], [ContractReward], [BuyOrderProfit], [SellOrderProfit], [FittingString], [LastPriceRefresh], [IsMonitored], [FittingHash], [Notes]) VALUES (6, 0, 643, N'https://image.eveonline.com/InventoryType/643_64.png', N'https://image.eveonline.com/Render/643_256.png', N'Armageddon', N'Green Hornet - Geddon', N'Support', 0, 51116.3, 234774339.9857, 251286479.68999997, 5111630, 281536757.659, 46762417.673299968, 30250277.969000012, N'643:643;1:1355;1:1855;1:2048;1:2185;5:2446;5:2488;5:5051;2:5945;1:11644;1:11646;1:11648;1:16479;7:20353;2:23473;5:25736;1:25894;1:25956;1:28668;30:32014;24::', CAST(0x0000A2D5011CCC1B AS DateTime), 0, N'041E3222E79AB7811946FA0A664B1A960D7D0E0E', N'')
INSERT [dbo].[ShipFits] ([ShipFitId], [AccountId], [HullId], [ThumbnailUrl], [RenderImageUrl], [Hull], [Name], [Role], [ContractsAvailable], [FitPackagedVolume], [BuyPrice], [SellPrice], [ShippingCost], [ContractReward], [BuyOrderProfit], [SellOrderProfit], [FittingString], [LastPriceRefresh], [IsMonitored], [FittingHash], [Notes]) VALUES (7, 0, 16229, N'https://image.eveonline.com/InventoryType/16229_64.png', N'https://image.eveonline.com/Render/16229_256.png', N'Brutix', N'Green Hornet - Brutix T1 Guns', N'DPS', 0, 15625.3, 75284402.322000027, 79833758.82, 1796909.5, 89624044.201999992, 14339641.879999965, 9790285.382, N'16229:527;1:2048;1:2185;5:3244;1:5011;1:5975;1:7663;6:10190;2:11269;2:16229;1:16469;1:20351;1:23025;2000:23031;2000:28668;30:31055;2:31540;1:32006;30::', CAST(0x0000A2F0000443B1 AS DateTime), 0, N'CCEDF337AC01294D1177847796C6C727A402B3C7', N'')
INSERT [dbo].[ShipFits] ([ShipFitId], [AccountId], [HullId], [ThumbnailUrl], [RenderImageUrl], [Hull], [Name], [Role], [ContractsAvailable], [FitPackagedVolume], [BuyPrice], [SellPrice], [ShippingCost], [ContractReward], [BuyOrderProfit], [SellOrderProfit], [FittingString], [LastPriceRefresh], [IsMonitored], [FittingHash], [Notes]) VALUES (8, 0, 16229, N'https://image.eveonline.com/InventoryType/16229_64.png', N'https://image.eveonline.com/Render/16229_256.png', N'Brutix', N'Green Hornet - Brutix T2 Guns', N'DPS', 0, 15650.3, 75914223.020499989, 80648613.330000013, 2151916.25, 90875390.913000017, 14961167.892500028, 10226777.583000004, N'16229:2048;1:2185;5:3138;6:3244;1:4027;1:5011;1:5975;1:10190;2:11269;2:12785;2000:12789;2000:16229;1:16469;1:20351;1:23025;2000:28668;30:31055;2:31540;1:32006;30::', CAST(0x0000A2E1013CDDAD AS DateTime), 0, N'ABCBA6A1F5EA008CBC3D56971946ECED12737870', N'')
INSERT [dbo].[ShipFits] ([ShipFitId], [AccountId], [HullId], [ThumbnailUrl], [RenderImageUrl], [Hull], [Name], [Role], [ContractsAvailable], [FitPackagedVolume], [BuyPrice], [SellPrice], [ShippingCost], [ContractReward], [BuyOrderProfit], [SellOrderProfit], [FittingString], [LastPriceRefresh], [IsMonitored], [FittingHash], [Notes]) VALUES (9, 0, 625, N'https://image.eveonline.com/InventoryType/625_64.png', N'https://image.eveonline.com/Render/625_256.png', N'Augoror', N'Green Hornet - Chain AB', N'Logistics', 0, 10151.3, 28911629.265100002, 32641069.18, 1167399.5, 37082575.598000005, 8170946.3329000026, 4441506.4180000052, N'625:625;1:1952;1:2488;4:6005;1:11269;2:11644;1:11646;1:16445;4:16495;1:20218;1:20351;1:28668;30:29011;1:31055;2:31360;1::', CAST(0x0000A2EE01619049 AS DateTime), 0, N'078653D540F959BD66FC7D4D201009F81236FE3A', N'')
INSERT [dbo].[ShipFits] ([ShipFitId], [AccountId], [HullId], [ThumbnailUrl], [RenderImageUrl], [Hull], [Name], [Role], [ContractsAvailable], [FitPackagedVolume], [BuyPrice], [SellPrice], [ShippingCost], [ContractReward], [BuyOrderProfit], [SellOrderProfit], [FittingString], [LastPriceRefresh], [IsMonitored], [FittingHash], [Notes]) VALUES (10, 0, 627, N'https://image.eveonline.com/InventoryType/627_64.png', N'https://image.eveonline.com/Render/627_256.png', N'Thorax', N'Green Hornet - Thorax T1 Guns', N'DPS', 0, 10245.3, 45060931.971300006, 49720883.49000001, 1024529.9999999999, 55727501.839000016, 10666569.867700011, 6006618.3490000069, N'627:448;1:627;1:2048;1:2185;5:4025;2:5975;1:7619;5:10190;2:11269;1:11325;1:23025;2000:23031;2000:28668;30:31055;2:31360;1::', CAST(0x0000A2D20166C39E AS DateTime), 0, N'ACE72B28058A4ADC9197CE38663767BACEF229D0', N'')
INSERT [dbo].[ShipFits] ([ShipFitId], [AccountId], [HullId], [ThumbnailUrl], [RenderImageUrl], [Hull], [Name], [Role], [ContractsAvailable], [FitPackagedVolume], [BuyPrice], [SellPrice], [ShippingCost], [ContractReward], [BuyOrderProfit], [SellOrderProfit], [FittingString], [LastPriceRefresh], [IsMonitored], [FittingHash], [Notes]) VALUES (11, 0, 627, N'https://image.eveonline.com/InventoryType/627_64.png', N'https://image.eveonline.com/Render/627_256.png', N'Thorax', N'Green Hornet - Thorax T2 Guns', N'DPS', 0, 10270.3, 38533245.5123, 40832268.55, 1412166.25, 46337661.655, 7804416.1427000016, 5505393.1050000042, N'627:448;1:627;1:2048;1:2185;5:3130;5:4025;2:5975;1:10190;2:11269;1:11325;1:12785;2000:12789;2000:23025;2000:28668;30:31055;2:31360;1::', CAST(0x0000A2DD01619505 AS DateTime), 0, N'0AA3E475C6BB5A816779B7D372D8688066751AA4', N'')
INSERT [dbo].[ShipFits] ([ShipFitId], [AccountId], [HullId], [ThumbnailUrl], [RenderImageUrl], [Hull], [Name], [Role], [ContractsAvailable], [FitPackagedVolume], [BuyPrice], [SellPrice], [ShippingCost], [ContractReward], [BuyOrderProfit], [SellOrderProfit], [FittingString], [LastPriceRefresh], [IsMonitored], [FittingHash], [Notes]) VALUES (12, 0, 627, N'https://image.eveonline.com/InventoryType/627_64.png', N'https://image.eveonline.com/Render/627_256.png', N'Thorax', N'Pocket Rocket - Thorax 1.0', N'DPS', 0, 10267.3, 33197806.0692, 35607203.12, 1411753.75, 40589677.182000004, 7391871.1128000021, 4982474.0620000064, N'627:627;1:1541;1:1978;1:1999;1:2048;1:2281;1:2486;5:3841;1:7367;5:10190;2:12058;1:23025;2000:23031;2000:23037;2000:23707;5:28668;30:28999;1:29001;1:31360;1:31718;1:31790;1::', CAST(0x0000A2E10152DEF9 AS DateTime), 1, N'BD860425614E85C2D8D13FD3148EE291E9E458A2', N'')
INSERT [dbo].[ShipFits] ([ShipFitId], [AccountId], [HullId], [ThumbnailUrl], [RenderImageUrl], [Hull], [Name], [Role], [ContractsAvailable], [FitPackagedVolume], [BuyPrice], [SellPrice], [ShippingCost], [ContractReward], [BuyOrderProfit], [SellOrderProfit], [FittingString], [LastPriceRefresh], [IsMonitored], [FittingHash], [Notes]) VALUES (13, 0, 627, N'https://image.eveonline.com/InventoryType/627_64.png', N'https://image.eveonline.com/Render/627_256.png', N'Thorax', N'Pocket Rocket - Thorax 2.0', N'DPS', 0, 10267.3, 40638291.1281, 43926392.61, 1180739.5, 49509771.371000007, 8871480.2429000065, 5583378.7610000074, N'627:627;1:1978;1:1999;1:2048;1:2281;1:2488;5:3841;1:7367;5:10190;3:12058;1:23025;2000:23031;2000:23037;2000:23707;5:28668;30:28999;1:29001;1:31360;1:31718;1:31790;1::', CAST(0x0000A2F401851A31 AS DateTime), 1, N'1AFCCD7262610C45C063CD75F4D0DE99161A38FF', N'')
INSERT [dbo].[ShipFits] ([ShipFitId], [AccountId], [HullId], [ThumbnailUrl], [RenderImageUrl], [Hull], [Name], [Role], [ContractsAvailable], [FitPackagedVolume], [BuyPrice], [SellPrice], [ShippingCost], [ContractReward], [BuyOrderProfit], [SellOrderProfit], [FittingString], [LastPriceRefresh], [IsMonitored], [FittingHash], [Notes]) VALUES (14, 0, 631, N'https://image.eveonline.com/InventoryType/631_64.png', N'https://image.eveonline.com/Render/631_256.png', N'Scythe', N'Pocket Rocket - Scythe', N'Logistics', 9, 10170.3, 20130906.091899995, 21892055.96, 1398416.25, 25489677.806, 5358771.714100007, 3597621.8460000008, N'631:631;1:2048;1:2281;2:2301;1:6005;1:8173;4:8529;1:8585;3:23707;4:23711;5:28668;30:31754;1:31790;2::', CAST(0x0000A2E60168BB48 AS DateTime), 1, N'A3F053AE52235CBCA9D3E0645679F0BF16C6364E', N'')
INSERT [dbo].[ShipFits] ([ShipFitId], [AccountId], [HullId], [ThumbnailUrl], [RenderImageUrl], [Hull], [Name], [Role], [ContractsAvailable], [FitPackagedVolume], [BuyPrice], [SellPrice], [ShippingCost], [ContractReward], [BuyOrderProfit], [SellOrderProfit], [FittingString], [LastPriceRefresh], [IsMonitored], [FittingHash], [Notes]) VALUES (15, 0, 621, N'https://image.eveonline.com/InventoryType/621_64.png', N'https://image.eveonline.com/Render/621_256.png', N'Caracal', N'Pocket Rocket - Caracal', N'Anti-Tackle', 0, 10180.3, 27255510.065300003, 29031474.23, 1170734.5, 33115356.153000005, 5859846.0877000019, 4083881.9230000041, N'621:621;1:2048;1:2281;1:2301;1:3841;2:8027;5:12058;1:22291;3:23707;2:27387;1000:28668;30:31754;1:31790;2::', CAST(0x0000A2EC00DA480A AS DateTime), 1, N'D234004469F6537571A57AE5DFCDBB35B15071F9', N'')
INSERT [dbo].[ShipFits] ([ShipFitId], [AccountId], [HullId], [ThumbnailUrl], [RenderImageUrl], [Hull], [Name], [Role], [ContractsAvailable], [FitPackagedVolume], [BuyPrice], [SellPrice], [ShippingCost], [ContractReward], [BuyOrderProfit], [SellOrderProfit], [FittingString], [LastPriceRefresh], [IsMonitored], [FittingHash], [Notes]) VALUES (16, 0, 4302, N'https://image.eveonline.com/InventoryType/4302_64.png', N'https://image.eveonline.com/Render/4302_256.png', N'Oracle', N'SiegeAcle - Oracle 1.0', N'DPS', 0, 234266.3, 80174116.826900035, 83563461.319999978, 32211616.25, 124141423.70199998, 43967306.875099942, 40577962.382, N'4302:255;8:258;8:262;8:1978;1:2032;1:2048;1:2364;3:4302;1:7087;8:11269;1:11325;1:12058;1:28668;30:28999;1:29001;1:31444;1:31456;1::', CAST(0x0000A2E900223A2F AS DateTime), 0, N'0C6814F7A7D0707E48FC4CEBBF8CB1A5327C12B0', N'')
INSERT [dbo].[ShipFits] ([ShipFitId], [AccountId], [HullId], [ThumbnailUrl], [RenderImageUrl], [Hull], [Name], [Role], [ContractsAvailable], [FitPackagedVolume], [BuyPrice], [SellPrice], [ShippingCost], [ContractReward], [BuyOrderProfit], [SellOrderProfit], [FittingString], [LastPriceRefresh], [IsMonitored], [FittingHash], [Notes]) VALUES (17, 0, 4302, N'https://image.eveonline.com/InventoryType/4302_64.png', N'https://image.eveonline.com/Render/4302_256.png', N'Oracle', N'SiegeAcle - Oracle 2.0', N'DPS', 0, 234266.3, 99235063.794100016, 104108306.77, 23426630, 137955767.44700003, 38720703.65290001, 33847460.677000031, N'4302:255;8:258;8:262;8:1978;1:2032;1:2048;1:2364;3:3057;8:4302;1:11269;1:11325;1:12058;1:28668;30:28999;1:29001;1:31444;1:31456;1::', CAST(0x0000A2CB010A123B AS DateTime), 0, N'3D1EB8CF620F718849E9D07AEF95FB5F2F3A71E9', N'')
INSERT [dbo].[ShipFits] ([ShipFitId], [AccountId], [HullId], [ThumbnailUrl], [RenderImageUrl], [Hull], [Name], [Role], [ContractsAvailable], [FitPackagedVolume], [BuyPrice], [SellPrice], [ShippingCost], [ContractReward], [BuyOrderProfit], [SellOrderProfit], [FittingString], [LastPriceRefresh], [IsMonitored], [FittingHash], [Notes]) VALUES (18, 0, 634, N'https://image.eveonline.com/InventoryType/634_64.png', N'https://image.eveonline.com/Render/634_256.png', N'Exequror', N'SiegeAcle - Exequror', N'Logistics', 0, 10182.3, 33488177.039299995, 35230177.930000007, 1400066.25, 40163261.973000012, 6675084.9337000176, 4933084.0430000052, N'634:634;1:1447;1:1952;1:2048;1:3496;1:6005;1:11229;1:11269;2:16447;3:20236;1:20351;1:23707;5:23719;5:28668;30:29009;1:29011;1:31055;1:31073;2::', CAST(0x0000A2E900233D8D AS DateTime), 0, N'0578B46489225D3E4E4564AA3EE0221EFFF5E865', N'')
INSERT [dbo].[ShipFits] ([ShipFitId], [AccountId], [HullId], [ThumbnailUrl], [RenderImageUrl], [Hull], [Name], [Role], [ContractsAvailable], [FitPackagedVolume], [BuyPrice], [SellPrice], [ShippingCost], [ContractReward], [BuyOrderProfit], [SellOrderProfit], [FittingString], [LastPriceRefresh], [IsMonitored], [FittingHash], [Notes]) VALUES (21, 0, 12034, N'https://image.eveonline.com/InventoryType/12034_64.png', N'https://image.eveonline.com/Render/12034_256.png', N'Hound', N'Siege Bombers - Hound', N'DPS', 0, 2820.3, 36961647.5565, 39655087.56, 324334.5, 43954930.816000007, 6993283.2595000044, 4299843.2560000047, N'12034:438;1:2281;1:8117;3:8433;1:11563;1:11578;1:12034;1:22291;2:26929;1:27359;1000:28668;30:31620;1::', CAST(0x0000A2EE01624F9B AS DateTime), 0, N'F4A1FE45A3BFFD5504DDB057321DC69B52DD0031', N'')
INSERT [dbo].[ShipFits] ([ShipFitId], [AccountId], [HullId], [ThumbnailUrl], [RenderImageUrl], [Hull], [Name], [Role], [ContractsAvailable], [FitPackagedVolume], [BuyPrice], [SellPrice], [ShippingCost], [ContractReward], [BuyOrderProfit], [SellOrderProfit], [FittingString], [LastPriceRefresh], [IsMonitored], [FittingHash], [Notes]) VALUES (22, 0, 12032, N'https://image.eveonline.com/InventoryType/12032_64.png', N'https://image.eveonline.com/Render/12032_256.png', N'Manticore', N'Siege Bombers - Manticore', N'DPS', 0, 2820.3, 34986405.8479, 36721773.7, 324334.5, 40728285.570000008, 5741879.7221000046, 4006511.8700000048, N'12032:2281;1:6003;1:8117;3:8433;1:11563;1:11578;1:12032;1:19814;1:22291;1:27345;1000:28668;30:31586;1:31620;1::', CAST(0x0000A2EB0120A380 AS DateTime), 0, N'9D01A9D81A79092FDCA1FB0F11AA67E1B2B353A1', N'')
INSERT [dbo].[ShipFits] ([ShipFitId], [AccountId], [HullId], [ThumbnailUrl], [RenderImageUrl], [Hull], [Name], [Role], [ContractsAvailable], [FitPackagedVolume], [BuyPrice], [SellPrice], [ShippingCost], [ContractReward], [BuyOrderProfit], [SellOrderProfit], [FittingString], [LastPriceRefresh], [IsMonitored], [FittingHash], [Notes]) VALUES (23, 0, 11377, N'https://image.eveonline.com/InventoryType/11377_64.png', N'https://image.eveonline.com/Render/11377_256.png', N'Nemesis', N'Siege Bombers - Nemesis', N'DPS', 0, 2820.3, 34564224.100600004, 35827447.05, 387791.25, 39807983.005, 5243758.9043999985, 3980535.9550000057, N'11377:438;1:2281;1:8117;3:8433;1:11377;1:11563;1:11578;1:19814;1:22291;1:27351;1000:28668;30:31105;1:31620;1::', CAST(0x0000A2E500313285 AS DateTime), 0, N'48677677F3FEFDCBD53652FF016587600D677F6D', N'')
INSERT [dbo].[ShipFits] ([ShipFitId], [AccountId], [HullId], [ThumbnailUrl], [RenderImageUrl], [Hull], [Name], [Role], [ContractsAvailable], [FitPackagedVolume], [BuyPrice], [SellPrice], [ShippingCost], [ContractReward], [BuyOrderProfit], [SellOrderProfit], [FittingString], [LastPriceRefresh], [IsMonitored], [FittingHash], [Notes]) VALUES (24, 0, 12038, N'https://image.eveonline.com/InventoryType/12038_64.png', N'https://image.eveonline.com/Render/12038_256.png', N'Purifier', N'Siege Bombers - Purifier', N'DPS', 0, 2805.3, 34825004.302800007, 36564495.6, 385728.75, 40616673.910000004, 5791669.6071999967, 4052178.3100000024, N'12038:438;1:1236;1:2281;1:8117;3:8433;1:11578;1:12038;1:22291;2:26929;1:27351;1000:28668;30:31620;1::', CAST(0x0000A2DD0161E147 AS DateTime), 0, N'26189D822ED7D279A78C10AD4DBE1CEE18DD03B7', N'')
INSERT [dbo].[ShipFits] ([ShipFitId], [AccountId], [HullId], [ThumbnailUrl], [RenderImageUrl], [Hull], [Name], [Role], [ContractsAvailable], [FitPackagedVolume], [BuyPrice], [SellPrice], [ShippingCost], [ContractReward], [BuyOrderProfit], [SellOrderProfit], [FittingString], [LastPriceRefresh], [IsMonitored], [FittingHash], [Notes]) VALUES (25, 0, 608, N'https://image.eveonline.com/InventoryType/608_64.png', N'https://image.eveonline.com/Render/608_256.png', N'Atron', N'Misc - Fast Tackle Atron', N'Tackle', 0, 2552.5, 679137.6047, 924011.59, 350968.75, 1377381.499, 698243.8943, 453369.9090000001, N'608:222;1000:564;3:608;1:2046;1:4029;1:5441;1:5597;1:5629;1:5971;1::', CAST(0x0000A2E900B2FA83 AS DateTime), 1, N'CC32F6E27F22C779C0442F4458DF8987EC5DBFE6', N'')
INSERT [dbo].[ShipFits] ([ShipFitId], [AccountId], [HullId], [ThumbnailUrl], [RenderImageUrl], [Hull], [Name], [Role], [ContractsAvailable], [FitPackagedVolume], [BuyPrice], [SellPrice], [ShippingCost], [ContractReward], [BuyOrderProfit], [SellOrderProfit], [FittingString], [LastPriceRefresh], [IsMonitored], [FittingHash], [Notes]) VALUES (26, 0, 32878, N'https://image.eveonline.com/InventoryType/32878_64.png', N'https://image.eveonline.com/Render/32878_256.png', N'Talwar', N'Talwars - Talwar 1.0', N'DPS', 0, 5103.8, 6255150.4830000009, 6885561.7, 510380, 8094497.870000001, 1839347.387, 1208936.1700000009, N'32878:499;7:1236;1:1447;1:1973;2:5973;1:22291;1:27381;1120:29009;2:31598;2:31608;1:32878;1::', CAST(0x0000A2D000C74437 AS DateTime), 1, N'FB12300C9456FE7321F034D6070E7E0A3F460959', N'')
INSERT [dbo].[ShipFits] ([ShipFitId], [AccountId], [HullId], [ThumbnailUrl], [RenderImageUrl], [Hull], [Name], [Role], [ContractsAvailable], [FitPackagedVolume], [BuyPrice], [SellPrice], [ShippingCost], [ContractReward], [BuyOrderProfit], [SellOrderProfit], [FittingString], [LastPriceRefresh], [IsMonitored], [FittingHash], [Notes]) VALUES (28, 0, 32878, N'https://image.eveonline.com/InventoryType/32878_64.png', N'https://image.eveonline.com/Render/32878_256.png', N'Talwar', N'Talwars - Talwar 2.0', N'DPS', 14, 5104.95, 8121281.6895999992, 9098973.5300000012, 587069.25, 10605940.133000001, 2484658.4434000021, 1506966.6030000001, N'32878:499;7:1236;1:1447;1:1952;1:5302;1:5973;1:22291;1:27381;1120:28668;15:29009;1:29013;1:29015;1:31274;1:31598;1:31608;1:32878;1::', CAST(0x0000A2F6016DA092 AS DateTime), 1, N'2428EB19B58B49E73F9505C08D0ED1F8C75A7C0F', N'')
INSERT [dbo].[ShipFits] ([ShipFitId], [AccountId], [HullId], [ThumbnailUrl], [RenderImageUrl], [Hull], [Name], [Role], [ContractsAvailable], [FitPackagedVolume], [BuyPrice], [SellPrice], [ShippingCost], [ContractReward], [BuyOrderProfit], [SellOrderProfit], [FittingString], [LastPriceRefresh], [IsMonitored], [FittingHash], [Notes]) VALUES (33, 0, 16242, N'https://image.eveonline.com/InventoryType/16242_64.png', N'https://image.eveonline.com/Render/16242_256.png', N'Thrasher', N'Misc - Thrasher Arty T1', N'DPS', 0, 5082.0999999999995, 2464843.188, 2597790.03, 698788.74999999988, 3566357.783, 1101514.5949999997, 968567.753, N'16242:520;1:2046;1:4025;1:5399;1:5971;1:8905;7:16242;1:21898;280:21906;280:21924;280:31716;1:31752;1:31788;1::', CAST(0x0000A2DD00A91B91 AS DateTime), 0, N'CCBEDA1493D51DA67DAF4D9784752B8877A7F8BD', N'')
INSERT [dbo].[ShipFits] ([ShipFitId], [AccountId], [HullId], [ThumbnailUrl], [RenderImageUrl], [Hull], [Name], [Role], [ContractsAvailable], [FitPackagedVolume], [BuyPrice], [SellPrice], [ShippingCost], [ContractReward], [BuyOrderProfit], [SellOrderProfit], [FittingString], [LastPriceRefresh], [IsMonitored], [FittingHash], [Notes]) VALUES (34, 0, 16242, N'https://image.eveonline.com/InventoryType/16242_64.png', N'https://image.eveonline.com/Render/16242_256.png', N'Thrasher', N'Misc - Thrasher Arty T2', N'DPS', 0, 5102.7999999999993, 8082389.1045000013, 9496173.35, 701634.99999999988, 11157425.685, 3075036.5804999992, 1661252.3350000009, N'16242:519;1:2905;7:3831;1:5971;1:11563;1:12631;280:16242;1:19927;1:21898;280:21906;280:21924;280:31716;2:31752;1::', CAST(0x0000A2E200042D0E AS DateTime), 0, N'86934FB0CE4C7461A41BA5925D8A5C6AB4FE32BF', N'')
INSERT [dbo].[ShipFits] ([ShipFitId], [AccountId], [HullId], [ThumbnailUrl], [RenderImageUrl], [Hull], [Name], [Role], [ContractsAvailable], [FitPackagedVolume], [BuyPrice], [SellPrice], [ShippingCost], [ContractReward], [BuyOrderProfit], [SellOrderProfit], [FittingString], [LastPriceRefresh], [IsMonitored], [FittingHash], [Notes]) VALUES (35, 0, 16242, N'https://image.eveonline.com/InventoryType/16242_64.png', N'https://image.eveonline.com/Render/16242_256.png', N'Thrasher', N'Misc - Thrasher Cockbag T1', N'Anti Frig', 3, 5079.0999999999995, 14751577.048300002, 16069085.91, 584096.49999999988, 18270091.001000002, 3518513.9527000003, 2201005.0910000019, N'16242:519;2:1952;2:3244;1:9411;7:16242;1:21898;280:21906;280:21924;280:29011;2:31322;3::', CAST(0x0000A2F5013065C4 AS DateTime), 0, N'535320EBAA8FE724A614FA8929464B800D8A00F2', N'')
INSERT [dbo].[ShipFits] ([ShipFitId], [AccountId], [HullId], [ThumbnailUrl], [RenderImageUrl], [Hull], [Name], [Role], [ContractsAvailable], [FitPackagedVolume], [BuyPrice], [SellPrice], [ShippingCost], [ContractReward], [BuyOrderProfit], [SellOrderProfit], [FittingString], [LastPriceRefresh], [IsMonitored], [FittingHash], [Notes]) VALUES (36, 0, 16242, N'https://image.eveonline.com/InventoryType/16242_64.png', N'https://image.eveonline.com/Render/16242_256.png', N'Thrasher', N'Misc - Thrasher Cockbag T2', N'Anti Frig', 2, 5079.7999999999993, 12354154.6933, 13108868.84, 584176.99999999988, 15013932.724000001, 2659778.0307000019, 1905063.8840000015, N'16242:519;2:1952;2:2977;7:3244;1:12631;280:16242;1:21898;280:21906;280:21924;280:29011;2:31322;3::', CAST(0x0000A2F5013398FB AS DateTime), 0, N'02452B1C8C8BEEEB5A3B23FBBB0D050593383957', N'')
INSERT [dbo].[ShipFits] ([ShipFitId], [AccountId], [HullId], [ThumbnailUrl], [RenderImageUrl], [Hull], [Name], [Role], [ContractsAvailable], [FitPackagedVolume], [BuyPrice], [SellPrice], [ShippingCost], [ContractReward], [BuyOrderProfit], [SellOrderProfit], [FittingString], [LastPriceRefresh], [IsMonitored], [FittingHash], [Notes]) VALUES (37, 0, 641, N'https://image.eveonline.com/InventoryType/641_64.png', N'https://image.eveonline.com/Render/641_256.png', N'Megathron', N'Megalodon - Megathron T2', N'DPS', 0, 51045.1, 292061980.94160008, 311247856.22, 7018701.25, 349401343.09200007, 57339362.150399983, 38153486.872000039, N'641:641;1:1306;1:2024;1:2048;1:2456;5:2488;5:3090;7:5945;1:6160;1:6173;1:10190;1:11644;1:11648;1:12803;4000:12807;4000:13974;1:20353;2:21740;4000:23045;4000:23051;4000:23707;5:25736;1:25894;2:28668;10:29001;1:29011;1:32014;7::', CAST(0x0000A2E301766BB1 AS DateTime), 1, N'34D416D4EE8D4FAB334666C24D4FEA92AEBBCFEF', N'')
INSERT [dbo].[ShipFits] ([ShipFitId], [AccountId], [HullId], [ThumbnailUrl], [RenderImageUrl], [Hull], [Name], [Role], [ContractsAvailable], [FitPackagedVolume], [BuyPrice], [SellPrice], [ShippingCost], [ContractReward], [BuyOrderProfit], [SellOrderProfit], [FittingString], [LastPriceRefresh], [IsMonitored], [FittingHash], [Notes]) VALUES (38, 0, 641, N'https://image.eveonline.com/InventoryType/641_64.png', N'https://image.eveonline.com/Render/641_256.png', N'Megathron', N'Megalodon - Megathron T1', N'DPS', 0, 50847, 273168975.60280013, 291296149.47, 6991462.5, 327427226.91700006, 54258251.314199924, 36131077.447000027, N'641:641;1:1306;1:2024;1:2048;1:2456;5:2488;5:5945;1:6160;1:6173;1:7447;7:10190;1:11644;1:11648;1:13974;1:20353;2:21740;4000:23045;4000:23051;4000:23707;5:25736;1:25894;2:28999;1:29001;1:29009;1:29011;1:32014;7::', CAST(0x0000A2E30177F333 AS DateTime), 1, N'2E651E20A5F73A8DFC242BDDB52BB4076BAB8021', N'')
INSERT [dbo].[ShipFits] ([ShipFitId], [AccountId], [HullId], [ThumbnailUrl], [RenderImageUrl], [Hull], [Name], [Role], [ContractsAvailable], [FitPackagedVolume], [BuyPrice], [SellPrice], [ShippingCost], [ContractReward], [BuyOrderProfit], [SellOrderProfit], [FittingString], [LastPriceRefresh], [IsMonitored], [FittingHash], [Notes]) VALUES (39, 0, 11987, N'https://image.eveonline.com/InventoryType/11987_64.png', N'https://image.eveonline.com/Render/11987_256.png', N'Guardian', N'Megalodon - Guardian', N'Logistics', 0, 10305.5, 171713398.89229995, 193194947.27, 1417006.25, 213941448.24700004, 42228049.354700088, 20746500.977000028, N'11987:11269;2:11325;1:11987;1:12058;1:13970;1:13982;1:16455;4:16487;1:16495;1:20218;1:23711;5:28668;50:31360;2::', CAST(0x0000A2E301780789 AS DateTime), 1, N'4E6941E1E2DD8A13149DDB9269582D11F5F545C7', N'')
INSERT [dbo].[ShipFits] ([ShipFitId], [AccountId], [HullId], [ThumbnailUrl], [RenderImageUrl], [Hull], [Name], [Role], [ContractsAvailable], [FitPackagedVolume], [BuyPrice], [SellPrice], [ShippingCost], [ContractReward], [BuyOrderProfit], [SellOrderProfit], [FittingString], [LastPriceRefresh], [IsMonitored], [FittingHash], [Notes]) VALUES (40, 0, 29337, N'https://image.eveonline.com/InventoryType/29337_64.png', N'https://image.eveonline.com/Render/29337_256.png', N'Augoror Navy Issue', N'Firefly - Augoror Navy Issue', N'DPS', 0, 10412.1, 73778897.7158, 83527084.13, 1197391.5, 93087184.043, 19308286.327199996, 9560099.9130000025, N'29337:250;3:254;3:1978;1:2048;1:2364;2:3025;3:5011;1:11269;1:11644;1:11646;1:12058;1:20353;1:23089;6:23097;6:23707;3:28668;10:28999;1:29001;1:29337;1:30999;1:31035;1:31480;1:32006;21::', CAST(0x0000A2F601208CB9 AS DateTime), 1, N'029F22F09264BD3B7BDFCCDDA4D643EC7277EC8F', N'')
INSERT [dbo].[ShipFits] ([ShipFitId], [AccountId], [HullId], [ThumbnailUrl], [RenderImageUrl], [Hull], [Name], [Role], [ContractsAvailable], [FitPackagedVolume], [BuyPrice], [SellPrice], [ShippingCost], [ContractReward], [BuyOrderProfit], [SellOrderProfit], [FittingString], [LastPriceRefresh], [IsMonitored], [FittingHash], [Notes]) VALUES (41, 0, 625, N'https://image.eveonline.com/InventoryType/625_64.png', N'https://image.eveonline.com/Render/625_256.png', N'Augoror', N'Firefly - Augoror', N'Logistics', 7, 10152.5, 31748870.0278, 35797614.250000007, 1165237.5, 40552613.175000012, 8803743.14720001, 4754998.9250000045, N'625:625;1:1952;1:2032;1:2048;1:11644;1:11646;1:11648;1:12058;1:16445;4:16495;1:20351;1:28668;50:29009;1:29011;1:30999;1:31035;1:31360;1:23711;4::', CAST(0x0000A2F50153DE7B AS DateTime), 1, N'DF65C20F2EF1BC11E57B1EAD4EC93152D9DE2178', N'')
INSERT [dbo].[ShipFits] ([ShipFitId], [AccountId], [HullId], [ThumbnailUrl], [RenderImageUrl], [Hull], [Name], [Role], [ContractsAvailable], [FitPackagedVolume], [BuyPrice], [SellPrice], [ShippingCost], [ContractReward], [BuyOrderProfit], [SellOrderProfit], [FittingString], [LastPriceRefresh], [IsMonitored], [FittingHash], [Notes]) VALUES (42, 0, 630, N'https://image.eveonline.com/InventoryType/630_64.png', N'https://image.eveonline.com/Render/630_256.png', N'Bellicose', N'Firefly - Bellicose', N'EWAR', 10, 10102.2, 25893905.491899997, 27798758.02, 1161730, 31750363.822, 5856458.3301000036, 3951605.8020000011, N'630:630;1:1952;1:2048;1:11269;2:12058;1:13003;2:19814;3:20353;1:29009;1:29011;1:31011;1:31055;2:28668;20::', CAST(0x0000A2F5012C7C84 AS DateTime), 1, N'75993C87AE041335A81D66D203FC45902704411F', N'')
INSERT [dbo].[ShipFits] ([ShipFitId], [AccountId], [HullId], [ThumbnailUrl], [RenderImageUrl], [Hull], [Name], [Role], [ContractsAvailable], [FitPackagedVolume], [BuyPrice], [SellPrice], [ShippingCost], [ContractReward], [BuyOrderProfit], [SellOrderProfit], [FittingString], [LastPriceRefresh], [IsMonitored], [FittingHash], [Notes]) VALUES (43, 0, 12017, N'https://image.eveonline.com/InventoryType/12017_64.png', N'https://image.eveonline.com/Render/12017_256.png', N'Devoter', N'Megalodon - Devoter Preferred', N'HIC', 0, 10353.5, 286521440.48540008, 296018918.16, 1190652.5, 326821462.47600007, 40300021.99059999, 30802544.316000044, N'12017:2048;1:3568;1:5975;1:11219;1:11249;1:11269;1:12017;1:13982;1:20218;1:20353;2:21096;1:28654;2:28668;50:29003;2:31059;2:32006;8::', CAST(0x0000A2EC016086A9 AS DateTime), 1, N'1F945D64C9EBE6F4275CD7CA18F2D08C1322DEDA', N'')
INSERT [dbo].[ShipFits] ([ShipFitId], [AccountId], [HullId], [ThumbnailUrl], [RenderImageUrl], [Hull], [Name], [Role], [ContractsAvailable], [FitPackagedVolume], [BuyPrice], [SellPrice], [ShippingCost], [ContractReward], [BuyOrderProfit], [SellOrderProfit], [FittingString], [LastPriceRefresh], [IsMonitored], [FittingHash], [Notes]) VALUES (44, 0, 12017, N'https://image.eveonline.com/InventoryType/12017_64.png', N'https://image.eveonline.com/Render/12017_256.png', N'Devoter', N'Megadolon - Devoter', N'HIC', 0, 10353.5, 279440747.9487, 286120332.83, 1423606.25, 316165972.36300004, 36725224.414300025, 30045639.533000052, N'12017:2048;1:3568;1:5975;1:11219;1:11249;1:11269;1:12017;1:13982;1:20218;1:20353;2:21096;1:28654;2:28668;50:29003;2:31055;2:32006;8::', CAST(0x0000A2D801757F66 AS DateTime), 1, N'A15B254F7EB7A038932E1D3DDE6895DD8BA86C68', N'')
INSERT [dbo].[ShipFits] ([ShipFitId], [AccountId], [HullId], [ThumbnailUrl], [RenderImageUrl], [Hull], [Name], [Role], [ContractsAvailable], [FitPackagedVolume], [BuyPrice], [SellPrice], [ShippingCost], [ContractReward], [BuyOrderProfit], [SellOrderProfit], [FittingString], [LastPriceRefresh], [IsMonitored], [FittingHash], [Notes]) VALUES (46, 0, 590, N'https://image.eveonline.com/InventoryType/590_64.png', N'https://image.eveonline.com/Render/590_256.png', N'Inquisitor', N'Wolf Fleet - Inquisitor', N'Logistics', 0, 2570, 6682837.0231999988, 7401861.3800000008, 353375, 8505422.518000003, 1822585.4948000042, 1103561.1380000021, N'590:590;1:2032;1:2456;1:5837;1:6003;1:11269;2:11309;1:16439;3:30987;1:31370;2::', CAST(0x0000A2E100B0110C AS DateTime), 0, N'E9D5989416D96150A368B94E67AA15B07F5A4658', N'')
INSERT [dbo].[ShipFits] ([ShipFitId], [AccountId], [HullId], [ThumbnailUrl], [RenderImageUrl], [Hull], [Name], [Role], [ContractsAvailable], [FitPackagedVolume], [BuyPrice], [SellPrice], [ShippingCost], [ContractReward], [BuyOrderProfit], [SellOrderProfit], [FittingString], [LastPriceRefresh], [IsMonitored], [FittingHash], [Notes]) VALUES (47, 0, 11371, N'https://image.eveonline.com/InventoryType/11371_64.png', N'https://image.eveonline.com/Render/11371_256.png', N'Wolf', N'Wolf Fleet - Wolf', N'DPS', 0, 2586.3000000000011, 33263576.996499997, 34399000.389999993, 297424.50000000012, 38146324.929, 4882747.932500001, 3747324.5390000045, N'11371:1306;1:1999;2:2048;1:2977;4:5302;1:6003;1:11371;1:11563;1:12631;320:12633;320:21898;320:21906;320:21924;320:28668;30:29013;1:29015;1:31680;2::', CAST(0x0000A2F6011BDE79 AS DateTime), 0, N'79BEDB53DE6A8E18169E2492FED05746B7A321A2', N'')
INSERT [dbo].[ShipFits] ([ShipFitId], [AccountId], [HullId], [ThumbnailUrl], [RenderImageUrl], [Hull], [Name], [Role], [ContractsAvailable], [FitPackagedVolume], [BuyPrice], [SellPrice], [ShippingCost], [ContractReward], [BuyOrderProfit], [SellOrderProfit], [FittingString], [LastPriceRefresh], [IsMonitored], [FittingHash], [Notes]) VALUES (1046, 0, 11381, N'https://image.eveonline.com/InventoryType/11381_64.png', N'https://image.eveonline.com/Render/11381_256.png', N'Harpy', N'Hsnips - Harpy', N'DPS', 0, 2589.8, 41324192.42, 43401367.7, 297827, 48049331.470000006, 6725139.0500000045, 4647963.7700000033, N'11381:438;1:2281;1:3074;4:5837;1:6160;1:9580;1:10190;2:11381;1:12618;3000:23009;3000:23013;3000:26929;1:28668;30:29009;1:29011;1:31788;1::', CAST(0x0000A2F60001930C AS DateTime), 1, N'D58974B0A4A626B5D531B3D7D77C24D3CEC892AF', N'')
INSERT [dbo].[ShipFits] ([ShipFitId], [AccountId], [HullId], [ThumbnailUrl], [RenderImageUrl], [Hull], [Name], [Role], [ContractsAvailable], [FitPackagedVolume], [BuyPrice], [SellPrice], [ShippingCost], [ContractReward], [BuyOrderProfit], [SellOrderProfit], [FittingString], [LastPriceRefresh], [IsMonitored], [FittingHash], [Notes]) VALUES (1047, 0, 603, N'https://image.eveonline.com/InventoryType/603_64.png', N'https://image.eveonline.com/Render/603_256.png', N'Merlin', N'Hsnips - Merlin', N'DPS', 0, 2607.5, 11555748.461099999, 12531761.25, 297275, 14092212.375000002, 2536463.9139000028, 1560451.1250000019, N'603:603;1:1999;1:2281;1:5837;1:6003;1:6173;1:7287;3:8433;1:11563;1:31358;1:31562;2:23009;3000:23021;3000:23015;3000::', CAST(0x0000A2F101774C9A AS DateTime), 0, N'9E70D2BB2A74382E50BD2F3AE645D22449AA6975', N'')
INSERT [dbo].[ShipFits] ([ShipFitId], [AccountId], [HullId], [ThumbnailUrl], [RenderImageUrl], [Hull], [Name], [Role], [ContractsAvailable], [FitPackagedVolume], [BuyPrice], [SellPrice], [ShippingCost], [ContractReward], [BuyOrderProfit], [SellOrderProfit], [FittingString], [LastPriceRefresh], [IsMonitored], [FittingHash], [Notes]) VALUES (1049, 0, 16238, N'https://image.eveonline.com/InventoryType/16238_64.png', N'https://image.eveonline.com/Render/16238_256.png', N'Cormorant', N'Hsnips - Cormorant', N'DPS', 0, 5118.8, 13798012.010300003, 17127170.32, 588662, 19438549.352, 5640537.3416999988, 2311379.0320000015, N'16238:2605;1:6003;1:6159;1:7287;7:8433;1:10190;1:10629;1:16238;1:23009;4000:23013;4000:23021;4000:27327;300:28668;30:29009;1:29011;1:31358;2:31562;1::', CAST(0x0000A2F1017E2635 AS DateTime), 0, N'0E9344E1934B6B74459B15C0045A1916C18C9D60', N'')
INSERT [dbo].[ShipFits] ([ShipFitId], [AccountId], [HullId], [ThumbnailUrl], [RenderImageUrl], [Hull], [Name], [Role], [ContractsAvailable], [FitPackagedVolume], [BuyPrice], [SellPrice], [ShippingCost], [ContractReward], [BuyOrderProfit], [SellOrderProfit], [FittingString], [LastPriceRefresh], [IsMonitored], [FittingHash], [Notes]) VALUES (1050, 0, 11176, N'https://image.eveonline.com/InventoryType/11176_64.png', N'https://image.eveonline.com/Render/11176_256.png', N'Crow', N'Hsnips - Crow', N'Tackle', 0, 2561.5, 28740184.562799998, 29679890.93, 294400, 32952280.023000002, 4212095.4602000043, 3272389.0930000022, N'11176:1236;2:2048;1:2281;1:3244;1:5973;1:8517;1:10629;1:11176;1:31716;1:31788;1:2516;300::', CAST(0x0000A2F101770BDF AS DateTime), 0, N'5323B026EE88099F4909F7324EAD0E4A5F303487', N'')
INSERT [dbo].[ShipFits] ([ShipFitId], [AccountId], [HullId], [ThumbnailUrl], [RenderImageUrl], [Hull], [Name], [Role], [ContractsAvailable], [FitPackagedVolume], [BuyPrice], [SellPrice], [ShippingCost], [ContractReward], [BuyOrderProfit], [SellOrderProfit], [FittingString], [LastPriceRefresh], [IsMonitored], [FittingHash], [Notes]) VALUES (1051, 0, 22464, N'https://image.eveonline.com/InventoryType/22464_64.png', N'https://image.eveonline.com/Render/22464_256.png', N'Flycatcher', N'Hsnips - Flycatcher', N'DIC', 0, 5211.25, 47871424.409099996, 53898513.019999996, 716375, 60014739.322, 12143314.9129, 6116226.3020000011, N'22464:2048;1:2281;1:2301;1:3831;1:5973;1:8517;1:8759;1:11370;1:22464;1:22782;1:31752;1:31788;1:184;500::', CAST(0x0000A2E700D91D92 AS DateTime), 0, N'180F1B5E163BEEE85CE02DB0772C1B66174EB43C', N'')
INSERT [dbo].[ShipFits] ([ShipFitId], [AccountId], [HullId], [ThumbnailUrl], [RenderImageUrl], [Hull], [Name], [Role], [ContractsAvailable], [FitPackagedVolume], [BuyPrice], [SellPrice], [ShippingCost], [ContractReward], [BuyOrderProfit], [SellOrderProfit], [FittingString], [LastPriceRefresh], [IsMonitored], [FittingHash], [Notes]) VALUES (1052, 0, 11174, N'https://image.eveonline.com/InventoryType/11174_64.png', N'https://image.eveonline.com/Render/11174_256.png', N'Keres', N'Hsnips - Keres', N'EWAR', 0, 2614.3, 35651860.7301, 37531847.22, 358950.625, 41653982.567, 6002121.8369000033, 4122135.3470000029, N'11174:438;1:1541;1:2048;1:2281;1:2488;5:3831;1:5302;2:8789;2:11174;1:11563;1:21924;2000:28668;30:29013;2:29015;2:31716;1:31788;1::', CAST(0x0000A2E700D90079 AS DateTime), 0, N'BD8CC2FF23CBD710743B9D923254D4ECDC9D2E50', N'')
INSERT [dbo].[ShipFits] ([ShipFitId], [AccountId], [HullId], [ThumbnailUrl], [RenderImageUrl], [Hull], [Name], [Role], [ContractsAvailable], [FitPackagedVolume], [BuyPrice], [SellPrice], [ShippingCost], [ContractReward], [BuyOrderProfit], [SellOrderProfit], [FittingString], [LastPriceRefresh], [IsMonitored], [FittingHash], [Notes]) VALUES (1053, 0, 609, N'https://image.eveonline.com/InventoryType/609_64.png', N'https://image.eveonline.com/Render/609_256.png', N'Maulus', N'Hsnips - Maulus', N'EWAR', 15, 2619.3, 8098207.6537999995, 8926964.620000001, 301219.5, 10130880.582000002, 2032672.9282000028, 1203915.9620000012, N'609:609;1:2048;1:2488;6:2605;1:5299;2:6003;1:8397;1:8863;2:11563;1:21924;2000:28668;30:29013;2:29015;2:31105;1:31262;1:31788;1::', CAST(0x0000A2F000DBF6AF AS DateTime), 0, N'27A52BFFAC1EDC3D3BB6F1B04B50E2E4796327E8', N'')
INSERT [dbo].[ShipFits] ([ShipFitId], [AccountId], [HullId], [ThumbnailUrl], [RenderImageUrl], [Hull], [Name], [Role], [ContractsAvailable], [FitPackagedVolume], [BuyPrice], [SellPrice], [ShippingCost], [ContractReward], [BuyOrderProfit], [SellOrderProfit], [FittingString], [LastPriceRefresh], [IsMonitored], [FittingHash], [Notes]) VALUES (1054, 0, 22456, N'https://image.eveonline.com/InventoryType/22456_64.png', N'https://image.eveonline.com/Render/22456_256.png', N'Sabre', N'Hsnips - Sabre', N'DIC', 0, 5211.25, 54502264.481000006, 59290786.62, 716375, 65946240.282000005, 11443975.800999999, 6655453.6620000079, N'22456:2048;1:2281;1:2605;1:3831;1:5973;1:8517;1:8759;1:11370;1:22456;1:22782;1:31788;2:184;500::', CAST(0x0000A2E8007BF6C0 AS DateTime), 0, N'9CA3E06D38AA90FBC7F7575A6DAF6F768B74B9A9', N'')
INSERT [dbo].[ShipFits] ([ShipFitId], [AccountId], [HullId], [ThumbnailUrl], [RenderImageUrl], [Hull], [Name], [Role], [ContractsAvailable], [FitPackagedVolume], [BuyPrice], [SellPrice], [ShippingCost], [ContractReward], [BuyOrderProfit], [SellOrderProfit], [FittingString], [LastPriceRefresh], [IsMonitored], [FittingHash], [Notes]) VALUES (1055, 0, 631, N'https://image.eveonline.com/InventoryType/631_64.png', N'https://image.eveonline.com/Render/631_256.png', N'Scythe', N'Hsnips - Scythe', N'Logistics', 0, 10156.3, 23658619.0025, 25719280.689999998, 1396491.25, 29697700.009, 6039081.0064999983, 3978419.319000002, N'631:631;1:1952;1:2048;1:2281;2:2488;5:2553;1:8173;4:8585;3:12058;1:23711;4:28668;30:29011;1:31324;2:31372;1::', CAST(0x0000A2E700D86335 AS DateTime), 0, N'552DF78E3DEE13001E262FD2A397AE38E6F5F397', N'')
INSERT [dbo].[ShipFits] ([ShipFitId], [AccountId], [HullId], [ThumbnailUrl], [RenderImageUrl], [Hull], [Name], [Role], [ContractsAvailable], [FitPackagedVolume], [BuyPrice], [SellPrice], [ShippingCost], [ContractReward], [BuyOrderProfit], [SellOrderProfit], [FittingString], [LastPriceRefresh], [IsMonitored], [FittingHash], [Notes]) VALUES (1056, 0, 11198, N'https://image.eveonline.com/InventoryType/11198_64.png', N'https://image.eveonline.com/Render/11198_256.png', N'Stiletto', N'Hsnips - Stiletto', N'Tackle', 0, 2576.25, 26584205.152, 31250229.14, 354062.5, 34739314.554000005, 8155109.4020000063, 3489085.4140000045, N'11198:1236;1:2048;1:2281;1:3244;1:5973;1:8517;1:8759;1:11198;1:11563;1:31716;1:31788;1:184;500::', CAST(0x0000A2E700DB30C1 AS DateTime), 0, N'764879BB699ED610A46EE27AE3E46AD6EAC3512B', N'')
INSERT [dbo].[ShipFits] ([ShipFitId], [AccountId], [HullId], [ThumbnailUrl], [RenderImageUrl], [Hull], [Name], [Role], [ContractsAvailable], [FitPackagedVolume], [BuyPrice], [SellPrice], [ShippingCost], [ContractReward], [BuyOrderProfit], [SellOrderProfit], [FittingString], [LastPriceRefresh], [IsMonitored], [FittingHash], [Notes]) VALUES (1057, 0, 3766, N'https://image.eveonline.com/InventoryType/3766_64.png', N'https://image.eveonline.com/Render/3766_256.png', N'Vigil', N'Hsnips - Vigil', N'EWAR', 0, 2584.5, 5200102.6246000007, 5513059.93, 296700, 6371065.923, 1170963.2983999997, 858005.99300000072, N'3766:499;1:2048;1:2281;1:2488;1:3766;1:3831;1:6003;1:11563;1:19814;2:31716;1:31788;2:213;300::', CAST(0x0000A2EF000FC8FE AS DateTime), 0, N'C34174CD9C53A0F20A5C351D228F17C8A73C34EE', N'')
INSERT [dbo].[ShipFits] ([ShipFitId], [AccountId], [HullId], [ThumbnailUrl], [RenderImageUrl], [Hull], [Name], [Role], [ContractsAvailable], [FitPackagedVolume], [BuyPrice], [SellPrice], [ShippingCost], [ContractReward], [BuyOrderProfit], [SellOrderProfit], [FittingString], [LastPriceRefresh], [IsMonitored], [FittingHash], [Notes]) VALUES (1058, 0, 599, N'https://image.eveonline.com/InventoryType/599_64.png', N'https://image.eveonline.com/Render/599_256.png', N'Burst', N'Hsnips - Burst', N'Logistics', 4, 2570, 4774440.9425, 5695462.17, 295550, 6570558.387, 1796117.4445000002, 875096.21700000018, N'599:599;1:2048;1:2281;1:3831;1:6003;1:8173;2:8537;3:23711;1:31370;2:31716;1::', CAST(0x0000A2EF013BF4BA AS DateTime), 0, N'B9E89F177F404BCE0FAA2CFC8D86C97208E8EB61', N'')
INSERT [dbo].[ShipFits] ([ShipFitId], [AccountId], [HullId], [ThumbnailUrl], [RenderImageUrl], [Hull], [Name], [Role], [ContractsAvailable], [FitPackagedVolume], [BuyPrice], [SellPrice], [ShippingCost], [ContractReward], [BuyOrderProfit], [SellOrderProfit], [FittingString], [LastPriceRefresh], [IsMonitored], [FittingHash], [Notes]) VALUES (1059, 0, 609, N'https://image.eveonline.com/InventoryType/609_64.png', N'https://image.eveonline.com/Render/609_256.png', N'Maulus', N'Non-Doctrine - Newbro Multi-Role Armour Maulus', N'EWAR', 0, 2606, 1131698.4451000001, 1401935.3599999999, 299690, 1851818.896, 720120.45089999982, 449883.53600000008, N'609:179;400:185;400:486;2:609;1:2046;1:2486;4:5299;2:5405;1:5971;1:11349;1:11563;1:23711;2:29013;2:29015;2::', CAST(0x0000A2F6016869CF AS DateTime), 0, N'521FA4F1B35B8AAC8F6191CA34CD966242522FE2', N'-Do not tackle and damp you will run out of capacitor. They have auto-cannon as weapons because they use no capacitor.

-These are not fast tackle but have some tank. If you are skilled for the light armor maintenance bots assign them to logi if the the FC calls for drones. 

-If your drones have the range in the engagement assign warriors to the FC or keep them for defense.

-If you are dampening targets keep aligned to a bookmark and warp out when yellow boxed and come back afterwards.

-The best way of doing this is to make a bookmark whilst you are warping in close to the combat area so you are not off field for too long.')
INSERT [dbo].[ShipFits] ([ShipFitId], [AccountId], [HullId], [ThumbnailUrl], [RenderImageUrl], [Hull], [Name], [Role], [ContractsAvailable], [FitPackagedVolume], [BuyPrice], [SellPrice], [ShippingCost], [ContractReward], [BuyOrderProfit], [SellOrderProfit], [FittingString], [LastPriceRefresh], [IsMonitored], [FittingHash], [Notes]) VALUES (1060, 0, 632, N'https://image.eveonline.com/InventoryType/632_64.png', N'https://image.eveonline.com/Render/632_256.png', N'Blackbird', N'Non-Doctrine 4and20 Armour Blackbird', N'EWAR', 9, 10215, 16691668.9187, 18018373.620000005, 1174725, 21004935.982000008, 4313267.063300008, 2986562.3620000035, N'632:499;3:632;1:1952;1:2048;1:2456;2:11325;1:11370;1:12058;1:19927;1:19939;1:19946;1:19952;1:25563;1:31288;1:31300;2::', CAST(0x0000A2F50136D9F7 AS DateTime), 0, N'28BD9CE6BE87BB79A8017D83F8507AA76ABD897A', N'')
INSERT [dbo].[ShipFits] ([ShipFitId], [AccountId], [HullId], [ThumbnailUrl], [RenderImageUrl], [Hull], [Name], [Role], [ContractsAvailable], [FitPackagedVolume], [BuyPrice], [SellPrice], [ShippingCost], [ContractReward], [BuyOrderProfit], [SellOrderProfit], [FittingString], [LastPriceRefresh], [IsMonitored], [FittingHash], [Notes]) VALUES (1062, 0, 624, N'https://image.eveonline.com/InventoryType/624_64.png', N'https://image.eveonline.com/Render/624_256.png', N'Maller', N'Non-Doctrine Falsefly - Maller', N'DPS', 0, 10182, 0, 0, 0, 0, 0, 0, N'624:248;5:250;5:254;5:624;1:1978;1:2032;1:2048;1:2364;2:6963;5:8261;1:11269;1:11325;1:12058;1:23089;5:23097;5:23707;3:28999;1:29001;1:31055;2:31360;1::', CAST(0x0000A2F2014C4D6A AS DateTime), 0, N'4C0E1168DA11369AA02BC13682C5E2765DFA4033', N'')
INSERT [dbo].[ShipFits] ([ShipFitId], [AccountId], [HullId], [ThumbnailUrl], [RenderImageUrl], [Hull], [Name], [Role], [ContractsAvailable], [FitPackagedVolume], [BuyPrice], [SellPrice], [ShippingCost], [ContractReward], [BuyOrderProfit], [SellOrderProfit], [FittingString], [LastPriceRefresh], [IsMonitored], [FittingHash], [Notes]) VALUES (1063, 0, 624, N'https://image.eveonline.com/InventoryType/624_64.png', N'https://image.eveonline.com/Render/624_256.png', N'Maller', N'Non-Doctrine Falsefly EHP CAP Variant', N'DPS', 0, 10429.2, 0, 0, 0, 0, 0, 0, N'624:250;5:254;5:624;1:1306;1:1978;1:2048;1:2364;2:5011;1:6865;5:11269;1:12058;1:20353;1:23089;5:23097;5:23707;3:28668;20:28999;1:29001;1:31023;1:31055;2:32006;21::', CAST(0x0000A2F2014C745E AS DateTime), 0, N'A27645582BBAE0D259A02B18721A197B3B5E2567', N'')
INSERT [dbo].[ShipFits] ([ShipFitId], [AccountId], [HullId], [ThumbnailUrl], [RenderImageUrl], [Hull], [Name], [Role], [ContractsAvailable], [FitPackagedVolume], [BuyPrice], [SellPrice], [ShippingCost], [ContractReward], [BuyOrderProfit], [SellOrderProfit], [FittingString], [LastPriceRefresh], [IsMonitored], [FittingHash], [Notes]) VALUES (1064, 0, 597, N'https://image.eveonline.com/InventoryType/597_64.png', N'https://image.eveonline.com/Render/597_256.png', N'Punisher', N'Firefly - Tacklewing', N'Tackle', 0, 2574, 3851675.8545000004, 4775364.2100000009, 296010, 5558910.631000001, 1707234.7765000006, 783546.42100000009, N'597:239;3:242;3:246;3:597;1:1306;2:2046;1:5439;1:6003;1:6635;3:11309;1:30987;3::', CAST(0x0000A2F6016B32AA AS DateTime), 0, N'DC5EBB6C84417EF0D4B9D908B356013B459CC3FD', N'This a brawler tackle leave chasing things to the interceptors. Once the fleet has engaged at close range you can spiral in for tackling. Do not call for armour from logistics you will take too long to lock instead if you are targeted warp out.
')
SET IDENTITY_INSERT [dbo].[ShipFits] OFF

INSERT [dbo].[Contracts] ([ContractId], [StartStationId], [SolarSystemId], [AssigneeId], [StartStationName], [SolarSystemName], [Status], [Type], [Availability], [Title], [ForCorp], [Price], [Volume], [DateIssued], [DateExpired], [IssuerCorpId], [IssuerId], [ShipFitId], [IsValid]) VALUES (78830770, 60013453, 30003342, 98169165, N'Y-W6GF VIII - Moon 17 - Intaki Space Police Logistic Support', N'Y-W6GF', 0, 0, 1, N'DS28', 0, 12500000, 43000, CAST(0x0000A2DE01668C48 AS DateTime), CAST(0x0000A2EC01668C48 AS DateTime), 98169165, 92701544, 28, 1)
INSERT [dbo].[Contracts] ([ContractId], [StartStationId], [SolarSystemId], [AssigneeId], [StartStationName], [SolarSystemName], [Status], [Type], [Availability], [Title], [ForCorp], [Price], [Volume], [DateIssued], [DateExpired], [IssuerCorpId], [IssuerId], [ShipFitId], [IsValid]) VALUES (78830777, 60013453, 30003342, 98169165, N'Y-W6GF VIII - Moon 17 - Intaki Space Police Logistic Support', N'Y-W6GF', 0, 0, 1, N'DS28', 0, 12500000, 43000, CAST(0x0000A2DE01669CB0 AS DateTime), CAST(0x0000A2EC01669CB0 AS DateTime), 98169165, 92701544, 28, 1)
INSERT [dbo].[Contracts] ([ContractId], [StartStationId], [SolarSystemId], [AssigneeId], [StartStationName], [SolarSystemName], [Status], [Type], [Availability], [Title], [ForCorp], [Price], [Volume], [DateIssued], [DateExpired], [IssuerCorpId], [IssuerId], [ShipFitId], [IsValid]) VALUES (78830787, 60013453, 30003342, 98169165, N'Y-W6GF VIII - Moon 17 - Intaki Space Police Logistic Support', N'Y-W6GF', 0, 0, 1, N'DS28', 0, 12500000, 43000, CAST(0x0000A2DE0166AD18 AS DateTime), CAST(0x0000A2EC0166AD18 AS DateTime), 98169165, 92701544, 28, 1)
INSERT [dbo].[Contracts] ([ContractId], [StartStationId], [SolarSystemId], [AssigneeId], [StartStationName], [SolarSystemName], [Status], [Type], [Availability], [Title], [ForCorp], [Price], [Volume], [DateIssued], [DateExpired], [IssuerCorpId], [IssuerId], [ShipFitId], [IsValid]) VALUES (78830804, 60013453, 30003342, 98169165, N'Y-W6GF VIII - Moon 17 - Intaki Space Police Logistic Support', N'Y-W6GF', 0, 0, 1, N'DS28', 0, 12500000, 43000, CAST(0x0000A2DE0166BD80 AS DateTime), CAST(0x0000A2EC0166BD80 AS DateTime), 98169165, 92701544, 28, 1)
INSERT [dbo].[Contracts] ([ContractId], [StartStationId], [SolarSystemId], [AssigneeId], [StartStationName], [SolarSystemName], [Status], [Type], [Availability], [Title], [ForCorp], [Price], [Volume], [DateIssued], [DateExpired], [IssuerCorpId], [IssuerId], [ShipFitId], [IsValid]) VALUES (78830814, 60013453, 30003342, 98169165, N'Y-W6GF VIII - Moon 17 - Intaki Space Police Logistic Support', N'Y-W6GF', 0, 0, 1, N'DS28', 0, 12500000, 43000, CAST(0x0000A2DE0166D040 AS DateTime), CAST(0x0000A2EC0166D040 AS DateTime), 98169165, 92701544, 28, 1)
INSERT [dbo].[Contracts] ([ContractId], [StartStationId], [SolarSystemId], [AssigneeId], [StartStationName], [SolarSystemName], [Status], [Type], [Availability], [Title], [ForCorp], [Price], [Volume], [DateIssued], [DateExpired], [IssuerCorpId], [IssuerId], [ShipFitId], [IsValid]) VALUES (78830828, 60013453, 30003342, 98169165, N'Y-W6GF VIII - Moon 17 - Intaki Space Police Logistic Support', N'Y-W6GF', 0, 0, 1, N'DS28', 0, 12500000, 43000, CAST(0x0000A2DE0166E42C AS DateTime), CAST(0x0000A2EC0166E42C AS DateTime), 98169165, 92701544, 28, 1)
INSERT [dbo].[Contracts] ([ContractId], [StartStationId], [SolarSystemId], [AssigneeId], [StartStationName], [SolarSystemName], [Status], [Type], [Availability], [Title], [ForCorp], [Price], [Volume], [DateIssued], [DateExpired], [IssuerCorpId], [IssuerId], [ShipFitId], [IsValid]) VALUES (78830841, 60013453, 30003342, 98169165, N'Y-W6GF VIII - Moon 17 - Intaki Space Police Logistic Support', N'Y-W6GF', 0, 0, 1, N'DS28', 0, 12500000, 43000, CAST(0x0000A2DE016704FC AS DateTime), CAST(0x0000A2EC016704FC AS DateTime), 98169165, 92701544, 28, 1)
INSERT [dbo].[Contracts] ([ContractId], [StartStationId], [SolarSystemId], [AssigneeId], [StartStationName], [SolarSystemName], [Status], [Type], [Availability], [Title], [ForCorp], [Price], [Volume], [DateIssued], [DateExpired], [IssuerCorpId], [IssuerId], [ShipFitId], [IsValid]) VALUES (78830848, 60013453, 30003342, 98169165, N'Y-W6GF VIII - Moon 17 - Intaki Space Police Logistic Support', N'Y-W6GF', 0, 0, 1, N'DS28', 0, 12500000, 43000, CAST(0x0000A2DE016718E8 AS DateTime), CAST(0x0000A2EC016718E8 AS DateTime), 98169165, 92701544, 28, 1)
INSERT [dbo].[Contracts] ([ContractId], [StartStationId], [SolarSystemId], [AssigneeId], [StartStationName], [SolarSystemName], [Status], [Type], [Availability], [Title], [ForCorp], [Price], [Volume], [DateIssued], [DateExpired], [IssuerCorpId], [IssuerId], [ShipFitId], [IsValid]) VALUES (78830857, 60013453, 30003342, 98169165, N'Y-W6GF VIII - Moon 17 - Intaki Space Police Logistic Support', N'Y-W6GF', 0, 0, 1, N'DS28', 0, 12500000, 43000, CAST(0x0000A2DE01672E00 AS DateTime), CAST(0x0000A2EC01672E00 AS DateTime), 98169165, 92701544, 28, 1)
INSERT [dbo].[Contracts] ([ContractId], [StartStationId], [SolarSystemId], [AssigneeId], [StartStationName], [SolarSystemName], [Status], [Type], [Availability], [Title], [ForCorp], [Price], [Volume], [DateIssued], [DateExpired], [IssuerCorpId], [IssuerId], [ShipFitId], [IsValid]) VALUES (78830873, 60013453, 30003342, 98169165, N'Y-W6GF VIII - Moon 17 - Intaki Space Police Logistic Support', N'Y-W6GF', 0, 0, 1, N'DS28', 0, 12500000, 43000, CAST(0x0000A2DE01674444 AS DateTime), CAST(0x0000A2EC01674444 AS DateTime), 98169165, 92701544, 28, 1)
INSERT [dbo].[Contracts] ([ContractId], [StartStationId], [SolarSystemId], [AssigneeId], [StartStationName], [SolarSystemName], [Status], [Type], [Availability], [Title], [ForCorp], [Price], [Volume], [DateIssued], [DateExpired], [IssuerCorpId], [IssuerId], [ShipFitId], [IsValid]) VALUES (78830893, 60013453, 30003342, 98169165, N'Y-W6GF VIII - Moon 17 - Intaki Space Police Logistic Support', N'Y-W6GF', 0, 0, 1, N'DS28', 0, 12500000, 43000, CAST(0x0000A2DE0167676C AS DateTime), CAST(0x0000A2EC0167676C AS DateTime), 98169165, 92701544, 28, 1)
INSERT [dbo].[Contracts] ([ContractId], [StartStationId], [SolarSystemId], [AssigneeId], [StartStationName], [SolarSystemName], [Status], [Type], [Availability], [Title], [ForCorp], [Price], [Volume], [DateIssued], [DateExpired], [IssuerCorpId], [IssuerId], [ShipFitId], [IsValid]) VALUES (78830907, 60013453, 30003342, 98169165, N'Y-W6GF VIII - Moon 17 - Intaki Space Police Logistic Support', N'Y-W6GF', 0, 0, 1, N'DS28', 0, 12500000, 43000, CAST(0x0000A2DE01677EDC AS DateTime), CAST(0x0000A2EC01677EDC AS DateTime), 98169165, 92701544, 28, 1)
INSERT [dbo].[Contracts] ([ContractId], [StartStationId], [SolarSystemId], [AssigneeId], [StartStationName], [SolarSystemName], [Status], [Type], [Availability], [Title], [ForCorp], [Price], [Volume], [DateIssued], [DateExpired], [IssuerCorpId], [IssuerId], [ShipFitId], [IsValid]) VALUES (78830918, 60013453, 30003342, 98169165, N'Y-W6GF VIII - Moon 17 - Intaki Space Police Logistic Support', N'Y-W6GF', 0, 0, 1, N'DS28', 0, 12500000, 43000, CAST(0x0000A2DE01679070 AS DateTime), CAST(0x0000A2EC01679070 AS DateTime), 98169165, 92701544, 28, 1)
INSERT [dbo].[Contracts] ([ContractId], [StartStationId], [SolarSystemId], [AssigneeId], [StartStationName], [SolarSystemName], [Status], [Type], [Availability], [Title], [ForCorp], [Price], [Volume], [DateIssued], [DateExpired], [IssuerCorpId], [IssuerId], [ShipFitId], [IsValid]) VALUES (79296737, 60012301, 30000015, 98169165, N'Sendaya V - CONCORD Bureau', N'Sendaya', 0, 0, 1, N'DS41', 0, 42296364, 115000, CAST(0x0000A2EA0111D20C AS DateTime), CAST(0x0000A2F80111D20C AS DateTime), 98169165, 979584747, 41, 1)
INSERT [dbo].[Contracts] ([ContractId], [StartStationId], [SolarSystemId], [AssigneeId], [StartStationName], [SolarSystemName], [Status], [Type], [Availability], [Title], [ForCorp], [Price], [Volume], [DateIssued], [DateExpired], [IssuerCorpId], [IssuerId], [ShipFitId], [IsValid]) VALUES (79296750, 60012301, 30000015, 98169165, N'Sendaya V - CONCORD Bureau', N'Sendaya', 0, 0, 1, N'DS41', 0, 42296364, 115000, CAST(0x0000A2EA0111F1B0 AS DateTime), CAST(0x0000A2F80111F1B0 AS DateTime), 98169165, 979584747, 41, 1)
INSERT [dbo].[Contracts] ([ContractId], [StartStationId], [SolarSystemId], [AssigneeId], [StartStationName], [SolarSystemName], [Status], [Type], [Availability], [Title], [ForCorp], [Price], [Volume], [DateIssued], [DateExpired], [IssuerCorpId], [IssuerId], [ShipFitId], [IsValid]) VALUES (79296793, 60012301, 30000015, 98169165, N'Sendaya V - CONCORD Bureau', N'Sendaya', 0, 0, 1, N'DS41', 0, 42296364, 115000, CAST(0x0000A2EA01124AC0 AS DateTime), CAST(0x0000A2F801124AC0 AS DateTime), 98169165, 979584747, 41, 1)
INSERT [dbo].[Contracts] ([ContractId], [StartStationId], [SolarSystemId], [AssigneeId], [StartStationName], [SolarSystemName], [Status], [Type], [Availability], [Title], [ForCorp], [Price], [Volume], [DateIssued], [DateExpired], [IssuerCorpId], [IssuerId], [ShipFitId], [IsValid]) VALUES (79296811, 60012301, 30000015, 98169165, N'Sendaya V - CONCORD Bureau', N'Sendaya', 0, 0, 1, N'DS41', 0, 42296364, 115000, CAST(0x0000A2EA0112680C AS DateTime), CAST(0x0000A2F80112680C AS DateTime), 98169165, 979584747, 41, 1)
INSERT [dbo].[Contracts] ([ContractId], [StartStationId], [SolarSystemId], [AssigneeId], [StartStationName], [SolarSystemName], [Status], [Type], [Availability], [Title], [ForCorp], [Price], [Volume], [DateIssued], [DateExpired], [IssuerCorpId], [IssuerId], [ShipFitId], [IsValid]) VALUES (79296821, 60012301, 30000015, 98169165, N'Sendaya V - CONCORD Bureau', N'Sendaya', 0, 0, 1, N'DS41', 0, 42296364, 115000, CAST(0x0000A2EA01128A08 AS DateTime), CAST(0x0000A2F801128A08 AS DateTime), 98169165, 979584747, 41, 1)
INSERT [dbo].[Contracts] ([ContractId], [StartStationId], [SolarSystemId], [AssigneeId], [StartStationName], [SolarSystemName], [Status], [Type], [Availability], [Title], [ForCorp], [Price], [Volume], [DateIssued], [DateExpired], [IssuerCorpId], [IssuerId], [ShipFitId], [IsValid]) VALUES (79296834, 60012301, 30000015, 98169165, N'Sendaya V - CONCORD Bureau', N'Sendaya', 0, 0, 1, N'DS41', 0, 42296364, 115000, CAST(0x0000A2EA0112A3D0 AS DateTime), CAST(0x0000A2F80112A3D0 AS DateTime), 98169165, 979584747, 41, 1)
INSERT [dbo].[Contracts] ([ContractId], [StartStationId], [SolarSystemId], [AssigneeId], [StartStationName], [SolarSystemName], [Status], [Type], [Availability], [Title], [ForCorp], [Price], [Volume], [DateIssued], [DateExpired], [IssuerCorpId], [IssuerId], [ShipFitId], [IsValid]) VALUES (79296846, 60012301, 30000015, 98169165, N'Sendaya V - CONCORD Bureau', N'Sendaya', 0, 0, 1, N'DS41', 0, 42296364, 115000, CAST(0x0000A2EA0112C374 AS DateTime), CAST(0x0000A2F80112C374 AS DateTime), 98169165, 979584747, 41, 1)
INSERT [dbo].[Contracts] ([ContractId], [StartStationId], [SolarSystemId], [AssigneeId], [StartStationName], [SolarSystemName], [Status], [Type], [Availability], [Title], [ForCorp], [Price], [Volume], [DateIssued], [DateExpired], [IssuerCorpId], [IssuerId], [ShipFitId], [IsValid]) VALUES (79404629, 60014722, 30003819, 99003214, N'Barleguet VII - Moon 6 - Center for Advanced Studies School', N'Barleguet', 0, 0, 1, N'DS5', 0, 29000000, 89000, CAST(0x0000A2ED01232598 AS DateTime), CAST(0x0000A2FB01232598 AS DateTime), 98169165, 91051262, 5, 1)
INSERT [dbo].[Contracts] ([ContractId], [StartStationId], [SolarSystemId], [AssigneeId], [StartStationName], [SolarSystemName], [Status], [Type], [Availability], [Title], [ForCorp], [Price], [Volume], [DateIssued], [DateExpired], [IssuerCorpId], [IssuerId], [ShipFitId], [IsValid]) VALUES (79404641, 60014722, 30003819, 99003214, N'Barleguet VII - Moon 6 - Center for Advanced Studies School', N'Barleguet', 0, 0, 1, N'DS14', 0, 27000000, 89000, CAST(0x0000A2ED01233E34 AS DateTime), CAST(0x0000A2FB01233E34 AS DateTime), 98169165, 91051262, 14, 1)
INSERT [dbo].[Contracts] ([ContractId], [StartStationId], [SolarSystemId], [AssigneeId], [StartStationName], [SolarSystemName], [Status], [Type], [Availability], [Title], [ForCorp], [Price], [Volume], [DateIssued], [DateExpired], [IssuerCorpId], [IssuerId], [ShipFitId], [IsValid]) VALUES (79404648, 60014722, 30003819, 99003214, N'Barleguet VII - Moon 6 - Center for Advanced Studies School', N'Barleguet', 0, 0, 1, N'DS14', 0, 27000000, 89000, CAST(0x0000A2ED01234E9C AS DateTime), CAST(0x0000A2FB01234E9C AS DateTime), 98169165, 91051262, 14, 1)
INSERT [dbo].[Contracts] ([ContractId], [StartStationId], [SolarSystemId], [AssigneeId], [StartStationName], [SolarSystemName], [Status], [Type], [Availability], [Title], [ForCorp], [Price], [Volume], [DateIssued], [DateExpired], [IssuerCorpId], [IssuerId], [ShipFitId], [IsValid]) VALUES (79404666, 60014722, 30003819, 99003214, N'Barleguet VII - Moon 6 - Center for Advanced Studies School', N'Barleguet', 0, 0, 1, N'DS14', 0, 27000000, 89000, CAST(0x0000A2ED01238100 AS DateTime), CAST(0x0000A2FB01238100 AS DateTime), 98169165, 91051262, 14, 1)
INSERT [dbo].[Contracts] ([ContractId], [StartStationId], [SolarSystemId], [AssigneeId], [StartStationName], [SolarSystemName], [Status], [Type], [Availability], [Title], [ForCorp], [Price], [Volume], [DateIssued], [DateExpired], [IssuerCorpId], [IssuerId], [ShipFitId], [IsValid]) VALUES (79404671, 60014722, 30003819, 99003214, N'Barleguet VII - Moon 6 - Center for Advanced Studies School', N'Barleguet', 0, 0, 1, N'DS14', 0, 27000000, 89000, CAST(0x0000A2ED01238F10 AS DateTime), CAST(0x0000A2FB01238F10 AS DateTime), 98169165, 91051262, 14, 1)
INSERT [dbo].[Contracts] ([ContractId], [StartStationId], [SolarSystemId], [AssigneeId], [StartStationName], [SolarSystemName], [Status], [Type], [Availability], [Title], [ForCorp], [Price], [Volume], [DateIssued], [DateExpired], [IssuerCorpId], [IssuerId], [ShipFitId], [IsValid]) VALUES (79404692, 60014722, 30003819, 99003214, N'Barleguet VII - Moon 6 - Center for Advanced Studies School', N'Barleguet', 0, 0, 1, N'DS13', 0, 47000000, 112000, CAST(0x0000A2ED0123CE58 AS DateTime), CAST(0x0000A2FB0123CE58 AS DateTime), 98169165, 91051262, 13, 0)
INSERT [dbo].[Contracts] ([ContractId], [StartStationId], [SolarSystemId], [AssigneeId], [StartStationName], [SolarSystemName], [Status], [Type], [Availability], [Title], [ForCorp], [Price], [Volume], [DateIssued], [DateExpired], [IssuerCorpId], [IssuerId], [ShipFitId], [IsValid]) VALUES (79404700, 60014722, 30003819, 99003214, N'Barleguet VII - Moon 6 - Center for Advanced Studies School', N'Barleguet', 0, 0, 1, N'DS13', 0, 47000000, 112000, CAST(0x0000A2ED0123DD94 AS DateTime), CAST(0x0000A2FB0123DD94 AS DateTime), 98169165, 91051262, 13, 0)
INSERT [dbo].[Contracts] ([ContractId], [StartStationId], [SolarSystemId], [AssigneeId], [StartStationName], [SolarSystemName], [Status], [Type], [Availability], [Title], [ForCorp], [Price], [Volume], [DateIssued], [DateExpired], [IssuerCorpId], [IssuerId], [ShipFitId], [IsValid]) VALUES (79404712, 60014722, 30003819, 99003214, N'Barleguet VII - Moon 6 - Center for Advanced Studies School', N'Barleguet', 0, 0, 1, N'DS13', 0, 47000000, 112000, CAST(0x0000A2ED0123EDFC AS DateTime), CAST(0x0000A2FB0123EDFC AS DateTime), 98169165, 91051262, 13, 0)
INSERT [dbo].[Contracts] ([ContractId], [StartStationId], [SolarSystemId], [AssigneeId], [StartStationName], [SolarSystemName], [Status], [Type], [Availability], [Title], [ForCorp], [Price], [Volume], [DateIssued], [DateExpired], [IssuerCorpId], [IssuerId], [ShipFitId], [IsValid]) VALUES (79404841, 60014722, 30003819, 98169165, N'Barleguet VII - Moon 6 - Center for Advanced Studies School', N'Barleguet', 0, 0, 1, N'DS5', 0, 29000000, 89000, CAST(0x0000A2ED0125154C AS DateTime), CAST(0x0000A2FB0125154C AS DateTime), 98169165, 91051262, 5, 1)
INSERT [dbo].[Contracts] ([ContractId], [StartStationId], [SolarSystemId], [AssigneeId], [StartStationName], [SolarSystemName], [Status], [Type], [Availability], [Title], [ForCorp], [Price], [Volume], [DateIssued], [DateExpired], [IssuerCorpId], [IssuerId], [ShipFitId], [IsValid]) VALUES (79404846, 60014722, 30003819, 98169165, N'Barleguet VII - Moon 6 - Center for Advanced Studies School', N'Barleguet', 0, 0, 1, N'DS5', 0, 29000000, 89000, CAST(0x0000A2ED01252488 AS DateTime), CAST(0x0000A2FB01252488 AS DateTime), 98169165, 91051262, 5, 1)
INSERT [dbo].[Contracts] ([ContractId], [StartStationId], [SolarSystemId], [AssigneeId], [StartStationName], [SolarSystemName], [Status], [Type], [Availability], [Title], [ForCorp], [Price], [Volume], [DateIssued], [DateExpired], [IssuerCorpId], [IssuerId], [ShipFitId], [IsValid]) VALUES (79404855, 60014722, 30003819, 98169165, N'Barleguet VII - Moon 6 - Center for Advanced Studies School', N'Barleguet', 0, 0, 1, N'DS5', 0, 29000000, 89000, CAST(0x0000A2ED0125361C AS DateTime), CAST(0x0000A2FB0125361C AS DateTime), 98169165, 91051262, 5, 1)
INSERT [dbo].[Contracts] ([ContractId], [StartStationId], [SolarSystemId], [AssigneeId], [StartStationName], [SolarSystemName], [Status], [Type], [Availability], [Title], [ForCorp], [Price], [Volume], [DateIssued], [DateExpired], [IssuerCorpId], [IssuerId], [ShipFitId], [IsValid]) VALUES (79404881, 60014722, 30003819, 98169165, N'Barleguet VII - Moon 6 - Center for Advanced Studies School', N'Barleguet', 0, 0, 1, N'DS1', 0, 89000000, 252000, CAST(0x0000A2ED01256178 AS DateTime), CAST(0x0000A2FB01256178 AS DateTime), 98169165, 91051262, 1, 1)
INSERT [dbo].[Contracts] ([ContractId], [StartStationId], [SolarSystemId], [AssigneeId], [StartStationName], [SolarSystemName], [Status], [Type], [Availability], [Title], [ForCorp], [Price], [Volume], [DateIssued], [DateExpired], [IssuerCorpId], [IssuerId], [ShipFitId], [IsValid]) VALUES (79430269, 60014722, 30003819, 99003214, N'Barleguet VII - Moon 6 - Center for Advanced Studies School', N'Barleguet', 0, 0, 1, N'DS14', 0, 27000000, 89000, CAST(0x0000A2EE00A9A934 AS DateTime), CAST(0x0000A2FC00A9A934 AS DateTime), 98169165, 91051262, 14, 1)
INSERT [dbo].[Contracts] ([ContractId], [StartStationId], [SolarSystemId], [AssigneeId], [StartStationName], [SolarSystemName], [Status], [Type], [Availability], [Title], [ForCorp], [Price], [Volume], [DateIssued], [DateExpired], [IssuerCorpId], [IssuerId], [ShipFitId], [IsValid]) VALUES (79440329, 60012301, 30000015, 98169165, N'Sendaya V - CONCORD Bureau', N'Sendaya', 0, 0, 1, N'DS1053', 0, 10004102, 23000, CAST(0x0000A2EE011C0AD8 AS DateTime), CAST(0x0000A2FC011C0AD8 AS DateTime), 98169165, 979584747, 1053, 1)
INSERT [dbo].[Contracts] ([ContractId], [StartStationId], [SolarSystemId], [AssigneeId], [StartStationName], [SolarSystemName], [Status], [Type], [Availability], [Title], [ForCorp], [Price], [Volume], [DateIssued], [DateExpired], [IssuerCorpId], [IssuerId], [ShipFitId], [IsValid]) VALUES (79441323, 60012301, 30000015, 98169165, N'Sendaya V - CONCORD Bureau', N'Sendaya', 0, 0, 1, N'DS1053', 0, 10004102, 23000, CAST(0x0000A2EE01244004 AS DateTime), CAST(0x0000A2FC01244004 AS DateTime), 98169165, 979584747, 1053, 1)
INSERT [dbo].[Contracts] ([ContractId], [StartStationId], [SolarSystemId], [AssigneeId], [StartStationName], [SolarSystemName], [Status], [Type], [Availability], [Title], [ForCorp], [Price], [Volume], [DateIssued], [DateExpired], [IssuerCorpId], [IssuerId], [ShipFitId], [IsValid]) VALUES (79441335, 60012301, 30000015, 98169165, N'Sendaya V - CONCORD Bureau', N'Sendaya', 0, 0, 1, N'DS1053', 0, 10004102, 23000, CAST(0x0000A2EE01245C24 AS DateTime), CAST(0x0000A2FC01245C24 AS DateTime), 98169165, 979584747, 1053, 1)
INSERT [dbo].[Contracts] ([ContractId], [StartStationId], [SolarSystemId], [AssigneeId], [StartStationName], [SolarSystemName], [Status], [Type], [Availability], [Title], [ForCorp], [Price], [Volume], [DateIssued], [DateExpired], [IssuerCorpId], [IssuerId], [ShipFitId], [IsValid]) VALUES (79441347, 60012301, 30000015, 98169165, N'Sendaya V - CONCORD Bureau', N'Sendaya', 0, 0, 1, N'DS1053', 0, 10004102, 23000, CAST(0x0000A2EE0124713C AS DateTime), CAST(0x0000A2FC0124713C AS DateTime), 98169165, 979584747, 1053, 1)
INSERT [dbo].[Contracts] ([ContractId], [StartStationId], [SolarSystemId], [AssigneeId], [StartStationName], [SolarSystemName], [Status], [Type], [Availability], [Title], [ForCorp], [Price], [Volume], [DateIssued], [DateExpired], [IssuerCorpId], [IssuerId], [ShipFitId], [IsValid]) VALUES (79441362, 60012301, 30000015, 98169165, N'Sendaya V - CONCORD Bureau', N'Sendaya', 0, 0, 1, N'DS1053', 0, 10004102, 23000, CAST(0x0000A2EE01248FB4 AS DateTime), CAST(0x0000A2FC01248FB4 AS DateTime), 98169165, 979584747, 1053, 1)
INSERT [dbo].[Contracts] ([ContractId], [StartStationId], [SolarSystemId], [AssigneeId], [StartStationName], [SolarSystemName], [Status], [Type], [Availability], [Title], [ForCorp], [Price], [Volume], [DateIssued], [DateExpired], [IssuerCorpId], [IssuerId], [ShipFitId], [IsValid]) VALUES (79441388, 60012301, 30000015, 98169165, N'Sendaya V - CONCORD Bureau', N'Sendaya', 0, 0, 1, N'DS1053', 0, 10004102, 23000, CAST(0x0000A2EE0124BFC0 AS DateTime), CAST(0x0000A2FC0124BFC0 AS DateTime), 98169165, 979584747, 1053, 1)
INSERT [dbo].[Contracts] ([ContractId], [StartStationId], [SolarSystemId], [AssigneeId], [StartStationName], [SolarSystemName], [Status], [Type], [Availability], [Title], [ForCorp], [Price], [Volume], [DateIssued], [DateExpired], [IssuerCorpId], [IssuerId], [ShipFitId], [IsValid]) VALUES (79441404, 60012301, 30000015, 98169165, N'Sendaya V - CONCORD Bureau', N'Sendaya', 0, 0, 1, N'DS1053', 0, 10004102, 23000, CAST(0x0000A2EE0124E540 AS DateTime), CAST(0x0000A2FC0124E540 AS DateTime), 98169165, 979584747, 1053, 1)
INSERT [dbo].[Contracts] ([ContractId], [StartStationId], [SolarSystemId], [AssigneeId], [StartStationName], [SolarSystemName], [Status], [Type], [Availability], [Title], [ForCorp], [Price], [Volume], [DateIssued], [DateExpired], [IssuerCorpId], [IssuerId], [ShipFitId], [IsValid]) VALUES (79441433, 60012301, 30000015, 98169165, N'Sendaya V - CONCORD Bureau', N'Sendaya', 0, 0, 1, N'DS1053', 0, 10004102, 23000, CAST(0x0000A2EE0125235C AS DateTime), CAST(0x0000A2FC0125235C AS DateTime), 98169165, 979584747, 1053, 1)
INSERT [dbo].[Contracts] ([ContractId], [StartStationId], [SolarSystemId], [AssigneeId], [StartStationName], [SolarSystemName], [Status], [Type], [Availability], [Title], [ForCorp], [Price], [Volume], [DateIssued], [DateExpired], [IssuerCorpId], [IssuerId], [ShipFitId], [IsValid]) VALUES (79441459, 60012301, 30000015, 98169165, N'Sendaya V - CONCORD Bureau', N'Sendaya', 0, 0, 1, N'DS1053', 0, 10004102, 23000, CAST(0x0000A2EE012563D0 AS DateTime), CAST(0x0000A2FC012563D0 AS DateTime), 98169165, 979584747, 1053, 1)
INSERT [dbo].[Contracts] ([ContractId], [StartStationId], [SolarSystemId], [AssigneeId], [StartStationName], [SolarSystemName], [Status], [Type], [Availability], [Title], [ForCorp], [Price], [Volume], [DateIssued], [DateExpired], [IssuerCorpId], [IssuerId], [ShipFitId], [IsValid]) VALUES (79441472, 60012301, 30000015, 98169165, N'Sendaya V - CONCORD Bureau', N'Sendaya', 0, 0, 1, N'DS1053', 0, 10004102, 23000, CAST(0x0000A2EE01257EC4 AS DateTime), CAST(0x0000A2FC01257EC4 AS DateTime), 98169165, 979584747, 1053, 1)
INSERT [dbo].[Contracts] ([ContractId], [StartStationId], [SolarSystemId], [AssigneeId], [StartStationName], [SolarSystemName], [Status], [Type], [Availability], [Title], [ForCorp], [Price], [Volume], [DateIssued], [DateExpired], [IssuerCorpId], [IssuerId], [ShipFitId], [IsValid]) VALUES (79441487, 60012301, 30000015, 98169165, N'Sendaya V - CONCORD Bureau', N'Sendaya', 0, 0, 1, N'DS1053', 0, 10004102, 23000, CAST(0x0000A2EE01259E68 AS DateTime), CAST(0x0000A2FC01259E68 AS DateTime), 98169165, 979584747, 1053, 1)
INSERT [dbo].[Contracts] ([ContractId], [StartStationId], [SolarSystemId], [AssigneeId], [StartStationName], [SolarSystemName], [Status], [Type], [Availability], [Title], [ForCorp], [Price], [Volume], [DateIssued], [DateExpired], [IssuerCorpId], [IssuerId], [ShipFitId], [IsValid]) VALUES (79441501, 60012301, 30000015, 98169165, N'Sendaya V - CONCORD Bureau', N'Sendaya', 0, 0, 1, N'DS1053', 0, 10004102, 23000, CAST(0x0000A2EE0125BA88 AS DateTime), CAST(0x0000A2FC0125BA88 AS DateTime), 98169165, 979584747, 1053, 1)
INSERT [dbo].[Contracts] ([ContractId], [StartStationId], [SolarSystemId], [AssigneeId], [StartStationName], [SolarSystemName], [Status], [Type], [Availability], [Title], [ForCorp], [Price], [Volume], [DateIssued], [DateExpired], [IssuerCorpId], [IssuerId], [ShipFitId], [IsValid]) VALUES (79441526, 60012301, 30000015, 98169165, N'Sendaya V - CONCORD Bureau', N'Sendaya', 0, 0, 1, N'DS1053', 0, 10004102, 23000, CAST(0x0000A2EE0125F9D0 AS DateTime), CAST(0x0000A2FC0125F9D0 AS DateTime), 98169165, 979584747, 1053, 1)
INSERT [dbo].[Contracts] ([ContractId], [StartStationId], [SolarSystemId], [AssigneeId], [StartStationName], [SolarSystemName], [Status], [Type], [Availability], [Title], [ForCorp], [Price], [Volume], [DateIssued], [DateExpired], [IssuerCorpId], [IssuerId], [ShipFitId], [IsValid]) VALUES (79441538, 60012301, 30000015, 98169165, N'Sendaya V - CONCORD Bureau', N'Sendaya', 0, 0, 1, N'DS1053', 0, 10004102, 23000, CAST(0x0000A2EE0126171C AS DateTime), CAST(0x0000A2FC0126171C AS DateTime), 98169165, 979584747, 1053, 1)
INSERT [dbo].[Contracts] ([ContractId], [StartStationId], [SolarSystemId], [AssigneeId], [StartStationName], [SolarSystemName], [Status], [Type], [Availability], [Title], [ForCorp], [Price], [Volume], [DateIssued], [DateExpired], [IssuerCorpId], [IssuerId], [ShipFitId], [IsValid]) VALUES (79441546, 60012301, 30000015, 98169165, N'Sendaya V - CONCORD Bureau', N'Sendaya', 0, 0, 1, N'DS1053', 0, 10004102, 23000, CAST(0x0000A2EE012629DC AS DateTime), CAST(0x0000A2FC012629DC AS DateTime), 98169165, 979584747, 1053, 1)
INSERT [dbo].[Contracts] ([ContractId], [StartStationId], [SolarSystemId], [AssigneeId], [StartStationName], [SolarSystemName], [Status], [Type], [Availability], [Title], [ForCorp], [Price], [Volume], [DateIssued], [DateExpired], [IssuerCorpId], [IssuerId], [ShipFitId], [IsValid]) VALUES (79464716, 60012301, 30000015, 98169165, N'Sendaya V - CONCORD Bureau', N'Sendaya', 0, 0, 1, N'DS1058', 0, 8385314, 17100, CAST(0x0000A2EF007786D4 AS DateTime), CAST(0x0000A2FD007786D4 AS DateTime), 98169165, 979584747, 1058, 1)
INSERT [dbo].[Contracts] ([ContractId], [StartStationId], [SolarSystemId], [AssigneeId], [StartStationName], [SolarSystemName], [Status], [Type], [Availability], [Title], [ForCorp], [Price], [Volume], [DateIssued], [DateExpired], [IssuerCorpId], [IssuerId], [ShipFitId], [IsValid]) VALUES (79464745, 60012301, 30000015, 98169165, N'Sendaya V - CONCORD Bureau', N'Sendaya', 0, 0, 1, N'DS1058', 0, 8385314, 17100, CAST(0x0000A2EF0077D8DC AS DateTime), CAST(0x0000A2FD0077D8DC AS DateTime), 98169165, 979584747, 1058, 1)
INSERT [dbo].[Contracts] ([ContractId], [StartStationId], [SolarSystemId], [AssigneeId], [StartStationName], [SolarSystemName], [Status], [Type], [Availability], [Title], [ForCorp], [Price], [Volume], [DateIssued], [DateExpired], [IssuerCorpId], [IssuerId], [ShipFitId], [IsValid]) VALUES (79464751, 60012301, 30000015, 98169165, N'Sendaya V - CONCORD Bureau', N'Sendaya', 0, 0, 1, N'DS1058', 0, 8385314, 17100, CAST(0x0000A2EF0077F2A4 AS DateTime), CAST(0x0000A2FD0077F2A4 AS DateTime), 98169165, 979584747, 1058, 1)
INSERT [dbo].[Contracts] ([ContractId], [StartStationId], [SolarSystemId], [AssigneeId], [StartStationName], [SolarSystemName], [Status], [Type], [Availability], [Title], [ForCorp], [Price], [Volume], [DateIssued], [DateExpired], [IssuerCorpId], [IssuerId], [ShipFitId], [IsValid]) VALUES (79464764, 60012301, 30000015, 98169165, N'Sendaya V - CONCORD Bureau', N'Sendaya', 0, 0, 1, N'DS1058', 0, 8385314, 17100, CAST(0x0000A2EF00782F94 AS DateTime), CAST(0x0000A2FD00782F94 AS DateTime), 98169165, 979584747, 1058, 1)
INSERT [dbo].[Contracts] ([ContractId], [StartStationId], [SolarSystemId], [AssigneeId], [StartStationName], [SolarSystemName], [Status], [Type], [Availability], [Title], [ForCorp], [Price], [Volume], [DateIssued], [DateExpired], [IssuerCorpId], [IssuerId], [ShipFitId], [IsValid]) VALUES (79499560, 60014722, 30003819, 98169165, N'Barleguet VII - Moon 6 - Center for Advanced Studies School', N'Barleguet', 0, 0, 1, N'DS13', 0, 47000000, 112000, CAST(0x0000A2F0001F43E8 AS DateTime), CAST(0x0000A2FE001F43E8 AS DateTime), 98169165, 91051262, 13, 0)
INSERT [dbo].[Contracts] ([ContractId], [StartStationId], [SolarSystemId], [AssigneeId], [StartStationName], [SolarSystemName], [Status], [Type], [Availability], [Title], [ForCorp], [Price], [Volume], [DateIssued], [DateExpired], [IssuerCorpId], [IssuerId], [ShipFitId], [IsValid]) VALUES (79499596, 60014722, 30003819, 99003214, N'Barleguet VII - Moon 6 - Center for Advanced Studies School', N'Barleguet', 0, 0, 1, N'DS5', 0, 29000000, 89000, CAST(0x0000A2F0001FB210 AS DateTime), CAST(0x0000A2FE001FB210 AS DateTime), 98169165, 91051262, 5, 1)
INSERT [dbo].[Contracts] ([ContractId], [StartStationId], [SolarSystemId], [AssigneeId], [StartStationName], [SolarSystemName], [Status], [Type], [Availability], [Title], [ForCorp], [Price], [Volume], [DateIssued], [DateExpired], [IssuerCorpId], [IssuerId], [ShipFitId], [IsValid]) VALUES (79499599, 60014722, 30003819, 99003214, N'Barleguet VII - Moon 6 - Center for Advanced Studies School', N'Barleguet', 0, 0, 1, N'DS5', 0, 29000000, 89000, CAST(0x0000A2F0001FC4D0 AS DateTime), CAST(0x0000A2FE001FC4D0 AS DateTime), 98169165, 91051262, 5, 1)
INSERT [dbo].[Contracts] ([ContractId], [StartStationId], [SolarSystemId], [AssigneeId], [StartStationName], [SolarSystemName], [Status], [Type], [Availability], [Title], [ForCorp], [Price], [Volume], [DateIssued], [DateExpired], [IssuerCorpId], [IssuerId], [ShipFitId], [IsValid]) VALUES (79499606, 60014722, 30003819, 99003214, N'Barleguet VII - Moon 6 - Center for Advanced Studies School', N'Barleguet', 0, 0, 1, N'DS5', 0, 29000000, 89000, CAST(0x0000A2F0001FD664 AS DateTime), CAST(0x0000A2FE001FD664 AS DateTime), 98169165, 91051262, 5, 1)
INSERT [dbo].[Contracts] ([ContractId], [StartStationId], [SolarSystemId], [AssigneeId], [StartStationName], [SolarSystemName], [Status], [Type], [Availability], [Title], [ForCorp], [Price], [Volume], [DateIssued], [DateExpired], [IssuerCorpId], [IssuerId], [ShipFitId], [IsValid]) VALUES (79499634, 60014722, 30003819, 98169165, N'Barleguet VII - Moon 6 - Center for Advanced Studies School', N'Barleguet', 0, 0, 1, N'DS14', 0, 27000000, 89000, CAST(0x0000A2F0002037A8 AS DateTime), CAST(0x0000A2FE002037A8 AS DateTime), 98169165, 91051262, 14, 1)
INSERT [dbo].[Contracts] ([ContractId], [StartStationId], [SolarSystemId], [AssigneeId], [StartStationName], [SolarSystemName], [Status], [Type], [Availability], [Title], [ForCorp], [Price], [Volume], [DateIssued], [DateExpired], [IssuerCorpId], [IssuerId], [ShipFitId], [IsValid]) VALUES (79499639, 60014722, 30003819, 98169165, N'Barleguet VII - Moon 6 - Center for Advanced Studies School', N'Barleguet', 0, 0, 1, N'DS14', 0, 27000000, 89000, CAST(0x0000A2F000204A68 AS DateTime), CAST(0x0000A2FE00204A68 AS DateTime), 98169165, 91051262, 14, 1)
INSERT [dbo].[Contracts] ([ContractId], [StartStationId], [SolarSystemId], [AssigneeId], [StartStationName], [SolarSystemName], [Status], [Type], [Availability], [Title], [ForCorp], [Price], [Volume], [DateIssued], [DateExpired], [IssuerCorpId], [IssuerId], [ShipFitId], [IsValid]) VALUES (79499725, 60014722, 30003819, 98169165, N'Barleguet VII - Moon 6 - Center for Advanced Studies School', N'Barleguet', 0, 0, 1, N'DS14', 0, 27000000, 89000, CAST(0x0000A2F0002142D8 AS DateTime), CAST(0x0000A2FE002142D8 AS DateTime), 98169165, 91051262, 14, 1)
INSERT [dbo].[Contracts] ([ContractId], [StartStationId], [SolarSystemId], [AssigneeId], [StartStationName], [SolarSystemName], [Status], [Type], [Availability], [Title], [ForCorp], [Price], [Volume], [DateIssued], [DateExpired], [IssuerCorpId], [IssuerId], [ShipFitId], [IsValid]) VALUES (79499739, 60014722, 30003819, 98169165, N'Barleguet VII - Moon 6 - Center for Advanced Studies School', N'Barleguet', 0, 0, 1, N'DS14', 0, 27000000, 89000, CAST(0x0000A2F00021753C AS DateTime), CAST(0x0000A2FE0021753C AS DateTime), 98169165, 91051262, 14, 1)
INSERT [dbo].[Contracts] ([ContractId], [StartStationId], [SolarSystemId], [AssigneeId], [StartStationName], [SolarSystemName], [Status], [Type], [Availability], [Title], [ForCorp], [Price], [Volume], [DateIssued], [DateExpired], [IssuerCorpId], [IssuerId], [ShipFitId], [IsValid]) VALUES (79667282, 60014722, 30003819, 98169165, N'Barleguet VII - Moon 6 - Center for Advanced Studies School', N'Barleguet', 0, 0, 1, N'DS1', 0, 89000000, 252000, CAST(0x0000A2F400E56E60 AS DateTime), CAST(0x0000A30200E56E60 AS DateTime), 98169165, 91051262, 1, 1)
INSERT [dbo].[Contracts] ([ContractId], [StartStationId], [SolarSystemId], [AssigneeId], [StartStationName], [SolarSystemName], [Status], [Type], [Availability], [Title], [ForCorp], [Price], [Volume], [DateIssued], [DateExpired], [IssuerCorpId], [IssuerId], [ShipFitId], [IsValid]) VALUES (79667288, 60014722, 30003819, 98169165, N'Barleguet VII - Moon 6 - Center for Advanced Studies School', N'Barleguet', 0, 0, 1, N'DS1', 0, 89000000, 252000, CAST(0x0000A2F400E57D9C AS DateTime), CAST(0x0000A30200E57D9C AS DateTime), 98169165, 91051262, 1, 1)
INSERT [dbo].[Contracts] ([ContractId], [StartStationId], [SolarSystemId], [AssigneeId], [StartStationName], [SolarSystemName], [Status], [Type], [Availability], [Title], [ForCorp], [Price], [Volume], [DateIssued], [DateExpired], [IssuerCorpId], [IssuerId], [ShipFitId], [IsValid]) VALUES (79667292, 60014722, 30003819, 98169165, N'Barleguet VII - Moon 6 - Center for Advanced Studies School', N'Barleguet', 0, 0, 1, N'DS1', 0, 89000000, 252000, CAST(0x0000A2F400E58CD8 AS DateTime), CAST(0x0000A30200E58CD8 AS DateTime), 98169165, 91051262, 1, 1)
INSERT [dbo].[Contracts] ([ContractId], [StartStationId], [SolarSystemId], [AssigneeId], [StartStationName], [SolarSystemName], [Status], [Type], [Availability], [Title], [ForCorp], [Price], [Volume], [DateIssued], [DateExpired], [IssuerCorpId], [IssuerId], [ShipFitId], [IsValid]) VALUES (79667328, 60014722, 30003819, 99003214, N'Barleguet VII - Moon 6 - Center for Advanced Studies School', N'Barleguet', 0, 0, 1, N'DS1', 0, 89000000, 252000, CAST(0x0000A2F400E5F650 AS DateTime), CAST(0x0000A30200E5F650 AS DateTime), 98169165, 91051262, 1, 1)
INSERT [dbo].[Contracts] ([ContractId], [StartStationId], [SolarSystemId], [AssigneeId], [StartStationName], [SolarSystemName], [Status], [Type], [Availability], [Title], [ForCorp], [Price], [Volume], [DateIssued], [DateExpired], [IssuerCorpId], [IssuerId], [ShipFitId], [IsValid]) VALUES (79667331, 60014722, 30003819, 99003214, N'Barleguet VII - Moon 6 - Center for Advanced Studies School', N'Barleguet', 0, 0, 1, N'DS1', 0, 89000000, 252000, CAST(0x0000A2F400E60460 AS DateTime), CAST(0x0000A30200E60460 AS DateTime), 98169165, 91051262, 1, 1)
INSERT [dbo].[Contracts] ([ContractId], [StartStationId], [SolarSystemId], [AssigneeId], [StartStationName], [SolarSystemName], [Status], [Type], [Availability], [Title], [ForCorp], [Price], [Volume], [DateIssued], [DateExpired], [IssuerCorpId], [IssuerId], [ShipFitId], [IsValid]) VALUES (79667334, 60014722, 30003819, 99003214, N'Barleguet VII - Moon 6 - Center for Advanced Studies School', N'Barleguet', 0, 0, 1, N'DS1', 0, 89000000, 252000, CAST(0x0000A2F400E61144 AS DateTime), CAST(0x0000A30200E61144 AS DateTime), 98169165, 91051262, 1, 1)
INSERT [dbo].[Contracts] ([ContractId], [StartStationId], [SolarSystemId], [AssigneeId], [StartStationName], [SolarSystemName], [Status], [Type], [Availability], [Title], [ForCorp], [Price], [Volume], [DateIssued], [DateExpired], [IssuerCorpId], [IssuerId], [ShipFitId], [IsValid]) VALUES (79667342, 60014722, 30003819, 99003214, N'Barleguet VII - Moon 6 - Center for Advanced Studies School', N'Barleguet', 0, 0, 1, N'DS1', 0, 89000000, 252000, CAST(0x0000A2F400E62530 AS DateTime), CAST(0x0000A30200E62530 AS DateTime), 98169165, 91051262, 1, 1)
INSERT [dbo].[Contracts] ([ContractId], [StartStationId], [SolarSystemId], [AssigneeId], [StartStationName], [SolarSystemName], [Status], [Type], [Availability], [Title], [ForCorp], [Price], [Volume], [DateIssued], [DateExpired], [IssuerCorpId], [IssuerId], [ShipFitId], [IsValid]) VALUES (79667402, 60014722, 30003819, 99003214, N'Barleguet VII - Moon 6 - Center for Advanced Studies School', N'Barleguet', 0, 0, 1, N'Arbitrator - fully fit', 0, 39000000, 120000, CAST(0x0000A2F400E6F244 AS DateTime), CAST(0x0000A30200E6F244 AS DateTime), 98169165, 91051262, 0, 0)
INSERT [dbo].[Contracts] ([ContractId], [StartStationId], [SolarSystemId], [AssigneeId], [StartStationName], [SolarSystemName], [Status], [Type], [Availability], [Title], [ForCorp], [Price], [Volume], [DateIssued], [DateExpired], [IssuerCorpId], [IssuerId], [ShipFitId], [IsValid]) VALUES (79667418, 60014722, 30003819, 99003214, N'Barleguet VII - Moon 6 - Center for Advanced Studies School', N'Barleguet', 0, 0, 1, N'DS28', 0, 13000000, 43000, CAST(0x0000A2F400E70E64 AS DateTime), CAST(0x0000A30200E70E64 AS DateTime), 98169165, 91051262, 28, 1)
INSERT [dbo].[Contracts] ([ContractId], [StartStationId], [SolarSystemId], [AssigneeId], [StartStationName], [SolarSystemName], [Status], [Type], [Availability], [Title], [ForCorp], [Price], [Volume], [DateIssued], [DateExpired], [IssuerCorpId], [IssuerId], [ShipFitId], [IsValid]) VALUES (79667433, 60014722, 30003819, 99003214, N'Barleguet VII - Moon 6 - Center for Advanced Studies School', N'Barleguet', 0, 0, 1, N'DS13', 0, 47000000, 112000, CAST(0x0000A2F400E7444C AS DateTime), CAST(0x0000A30200E7444C AS DateTime), 98169165, 91051262, 13, 0)
INSERT [dbo].[Contracts] ([ContractId], [StartStationId], [SolarSystemId], [AssigneeId], [StartStationName], [SolarSystemName], [Status], [Type], [Availability], [Title], [ForCorp], [Price], [Volume], [DateIssued], [DateExpired], [IssuerCorpId], [IssuerId], [ShipFitId], [IsValid]) VALUES (79710252, 60012301, 30000015, 98169165, N'Sendaya V - CONCORD Bureau', N'Sendaya', 0, 0, 1, N'DS42', 0, 31750363, 85000, CAST(0x0000A2F5012EF9B8 AS DateTime), CAST(0x0000A303012EF9B8 AS DateTime), 98169165, 979584747, 42, 1)
INSERT [dbo].[Contracts] ([ContractId], [StartStationId], [SolarSystemId], [AssigneeId], [StartStationName], [SolarSystemName], [Status], [Type], [Availability], [Title], [ForCorp], [Price], [Volume], [DateIssued], [DateExpired], [IssuerCorpId], [IssuerId], [ShipFitId], [IsValid]) VALUES (79710265, 60012301, 30000015, 98169165, N'Sendaya V - CONCORD Bureau', N'Sendaya', 0, 0, 1, N'DS42', 0, 31750363, 85000, CAST(0x0000A2F5012F1380 AS DateTime), CAST(0x0000A303012F1380 AS DateTime), 98169165, 979584747, 42, 1)
INSERT [dbo].[Contracts] ([ContractId], [StartStationId], [SolarSystemId], [AssigneeId], [StartStationName], [SolarSystemName], [Status], [Type], [Availability], [Title], [ForCorp], [Price], [Volume], [DateIssued], [DateExpired], [IssuerCorpId], [IssuerId], [ShipFitId], [IsValid]) VALUES (79710282, 60012301, 30000015, 98169165, N'Sendaya V - CONCORD Bureau', N'Sendaya', 0, 0, 1, N'DS42', 0, 31750363, 85000, CAST(0x0000A2F5012F31F8 AS DateTime), CAST(0x0000A303012F31F8 AS DateTime), 98169165, 979584747, 42, 1)
INSERT [dbo].[Contracts] ([ContractId], [StartStationId], [SolarSystemId], [AssigneeId], [StartStationName], [SolarSystemName], [Status], [Type], [Availability], [Title], [ForCorp], [Price], [Volume], [DateIssued], [DateExpired], [IssuerCorpId], [IssuerId], [ShipFitId], [IsValid]) VALUES (79710298, 60012301, 30000015, 98169165, N'Sendaya V - CONCORD Bureau', N'Sendaya', 0, 0, 1, N'DS42', 0, 31750363, 85000, CAST(0x0000A2F5012F4CEC AS DateTime), CAST(0x0000A303012F4CEC AS DateTime), 98169165, 979584747, 42, 1)
INSERT [dbo].[Contracts] ([ContractId], [StartStationId], [SolarSystemId], [AssigneeId], [StartStationName], [SolarSystemName], [Status], [Type], [Availability], [Title], [ForCorp], [Price], [Volume], [DateIssued], [DateExpired], [IssuerCorpId], [IssuerId], [ShipFitId], [IsValid]) VALUES (79710324, 60012301, 30000015, 98169165, N'Sendaya V - CONCORD Bureau', N'Sendaya', 0, 0, 1, N'DS42', 0, 31750363, 85000, CAST(0x0000A2F5012F852C AS DateTime), CAST(0x0000A303012F852C AS DateTime), 98169165, 979584747, 42, 1)
INSERT [dbo].[Contracts] ([ContractId], [StartStationId], [SolarSystemId], [AssigneeId], [StartStationName], [SolarSystemName], [Status], [Type], [Availability], [Title], [ForCorp], [Price], [Volume], [DateIssued], [DateExpired], [IssuerCorpId], [IssuerId], [ShipFitId], [IsValid]) VALUES (79710342, 60012301, 30000015, 98169165, N'Sendaya V - CONCORD Bureau', N'Sendaya', 0, 0, 1, N'DS42', 0, 31750363, 85000, CAST(0x0000A2F5012FA14C AS DateTime), CAST(0x0000A303012FA14C AS DateTime), 98169165, 979584747, 42, 1)
INSERT [dbo].[Contracts] ([ContractId], [StartStationId], [SolarSystemId], [AssigneeId], [StartStationName], [SolarSystemName], [Status], [Type], [Availability], [Title], [ForCorp], [Price], [Volume], [DateIssued], [DateExpired], [IssuerCorpId], [IssuerId], [ShipFitId], [IsValid]) VALUES (79710363, 60012301, 30000015, 98169165, N'Sendaya V - CONCORD Bureau', N'Sendaya', 0, 0, 1, N'DS42', 0, 31750363, 85000, CAST(0x0000A2F5012FBB14 AS DateTime), CAST(0x0000A303012FBB14 AS DateTime), 98169165, 979584747, 42, 1)
INSERT [dbo].[Contracts] ([ContractId], [StartStationId], [SolarSystemId], [AssigneeId], [StartStationName], [SolarSystemName], [Status], [Type], [Availability], [Title], [ForCorp], [Price], [Volume], [DateIssued], [DateExpired], [IssuerCorpId], [IssuerId], [ShipFitId], [IsValid]) VALUES (79710391, 60012301, 30000015, 98169165, N'Sendaya V - CONCORD Bureau', N'Sendaya', 0, 0, 1, N'DS42', 0, 31750363, 85000, CAST(0x0000A2F5012FD608 AS DateTime), CAST(0x0000A303012FD608 AS DateTime), 98169165, 979584747, 42, 1)
INSERT [dbo].[Contracts] ([ContractId], [StartStationId], [SolarSystemId], [AssigneeId], [StartStationName], [SolarSystemName], [Status], [Type], [Availability], [Title], [ForCorp], [Price], [Volume], [DateIssued], [DateExpired], [IssuerCorpId], [IssuerId], [ShipFitId], [IsValid]) VALUES (79710408, 60012301, 30000015, 98169165, N'Sendaya V - CONCORD Bureau', N'Sendaya', 0, 0, 1, N'DS42', 0, 31750363, 85000, CAST(0x0000A2F5012FF5AC AS DateTime), CAST(0x0000A303012FF5AC AS DateTime), 98169165, 979584747, 42, 1)
INSERT [dbo].[Contracts] ([ContractId], [StartStationId], [SolarSystemId], [AssigneeId], [StartStationName], [SolarSystemName], [Status], [Type], [Availability], [Title], [ForCorp], [Price], [Volume], [DateIssued], [DateExpired], [IssuerCorpId], [IssuerId], [ShipFitId], [IsValid]) VALUES (79710425, 60012301, 30000015, 98169165, N'Sendaya V - CONCORD Bureau', N'Sendaya', 0, 0, 1, N'DS42', 0, 31750363, 85000, CAST(0x0000A2F5013010A0 AS DateTime), CAST(0x0000A303013010A0 AS DateTime), 98169165, 979584747, 42, 1)
INSERT [dbo].[Contracts] ([ContractId], [StartStationId], [SolarSystemId], [AssigneeId], [StartStationName], [SolarSystemName], [Status], [Type], [Availability], [Title], [ForCorp], [Price], [Volume], [DateIssued], [DateExpired], [IssuerCorpId], [IssuerId], [ShipFitId], [IsValid]) VALUES (79710689, 60012301, 30000015, 98169165, N'Sendaya V - CONCORD Bureau', N'Sendaya', 0, 0, 1, N'DS35', 0, 18270091, 43000, CAST(0x0000A2F50131EFEC AS DateTime), CAST(0x0000A3030131EFEC AS DateTime), 98169165, 979584747, 35, 1)
INSERT [dbo].[Contracts] ([ContractId], [StartStationId], [SolarSystemId], [AssigneeId], [StartStationName], [SolarSystemName], [Status], [Type], [Availability], [Title], [ForCorp], [Price], [Volume], [DateIssued], [DateExpired], [IssuerCorpId], [IssuerId], [ShipFitId], [IsValid]) VALUES (79710710, 60012301, 30000015, 98169165, N'Sendaya V - CONCORD Bureau', N'Sendaya', 0, 0, 1, N'DS35', 0, 18270091, 43000, CAST(0x0000A2F501321440 AS DateTime), CAST(0x0000A30301321440 AS DateTime), 98169165, 979584747, 35, 1)
INSERT [dbo].[Contracts] ([ContractId], [StartStationId], [SolarSystemId], [AssigneeId], [StartStationName], [SolarSystemName], [Status], [Type], [Availability], [Title], [ForCorp], [Price], [Volume], [DateIssued], [DateExpired], [IssuerCorpId], [IssuerId], [ShipFitId], [IsValid]) VALUES (79710733, 60012301, 30000015, 98169165, N'Sendaya V - CONCORD Bureau', N'Sendaya', 0, 0, 1, N'DS35', 0, 18270091, 43000, CAST(0x0000A2F5013233E4 AS DateTime), CAST(0x0000A303013233E4 AS DateTime), 98169165, 979584747, 35, 1)
INSERT [dbo].[Contracts] ([ContractId], [StartStationId], [SolarSystemId], [AssigneeId], [StartStationName], [SolarSystemName], [Status], [Type], [Availability], [Title], [ForCorp], [Price], [Volume], [DateIssued], [DateExpired], [IssuerCorpId], [IssuerId], [ShipFitId], [IsValid]) VALUES (79710998, 60012301, 30000015, 98169165, N'Sendaya V - CONCORD Bureau', N'Sendaya', 0, 0, 1, N'DS36', 0, 15013932, 43000, CAST(0x0000A2F50133E6A8 AS DateTime), CAST(0x0000A3030133E6A8 AS DateTime), 98169165, 979584747, 36, 1)
INSERT [dbo].[Contracts] ([ContractId], [StartStationId], [SolarSystemId], [AssigneeId], [StartStationName], [SolarSystemName], [Status], [Type], [Availability], [Title], [ForCorp], [Price], [Volume], [DateIssued], [DateExpired], [IssuerCorpId], [IssuerId], [ShipFitId], [IsValid]) VALUES (79711187, 60012301, 30000015, 98169165, N'Sendaya V - CONCORD Bureau', N'Sendaya', 0, 0, 1, N'DS36', 0, 15013932, 43000, CAST(0x0000A2F501357068 AS DateTime), CAST(0x0000A30301357068 AS DateTime), 98169165, 979584747, 36, 1)
INSERT [dbo].[Contracts] ([ContractId], [StartStationId], [SolarSystemId], [AssigneeId], [StartStationName], [SolarSystemName], [Status], [Type], [Availability], [Title], [ForCorp], [Price], [Volume], [DateIssued], [DateExpired], [IssuerCorpId], [IssuerId], [ShipFitId], [IsValid]) VALUES (79711419, 60012301, 30000015, 98169165, N'Sendaya V - CONCORD Bureau', N'Sendaya', 0, 0, 1, N'DS1060', 0, 21004936, 96000, CAST(0x0000A2F501373CF4 AS DateTime), CAST(0x0000A30301373CF4 AS DateTime), 98169165, 979584747, 1060, 1)
INSERT [dbo].[Contracts] ([ContractId], [StartStationId], [SolarSystemId], [AssigneeId], [StartStationName], [SolarSystemName], [Status], [Type], [Availability], [Title], [ForCorp], [Price], [Volume], [DateIssued], [DateExpired], [IssuerCorpId], [IssuerId], [ShipFitId], [IsValid]) VALUES (79711432, 60012301, 30000015, 98169165, N'Sendaya V - CONCORD Bureau', N'Sendaya', 0, 0, 1, N'DS1060', 0, 21004936, 96000, CAST(0x0000A2F501375590 AS DateTime), CAST(0x0000A30301375590 AS DateTime), 98169165, 979584747, 1060, 1)
INSERT [dbo].[Contracts] ([ContractId], [StartStationId], [SolarSystemId], [AssigneeId], [StartStationName], [SolarSystemName], [Status], [Type], [Availability], [Title], [ForCorp], [Price], [Volume], [DateIssued], [DateExpired], [IssuerCorpId], [IssuerId], [ShipFitId], [IsValid]) VALUES (79711443, 60012301, 30000015, 98169165, N'Sendaya V - CONCORD Bureau', N'Sendaya', 0, 0, 1, N'DS1060', 0, 21004936, 96000, CAST(0x0000A2F5013772DC AS DateTime), CAST(0x0000A303013772DC AS DateTime), 98169165, 979584747, 1060, 1)
INSERT [dbo].[Contracts] ([ContractId], [StartStationId], [SolarSystemId], [AssigneeId], [StartStationName], [SolarSystemName], [Status], [Type], [Availability], [Title], [ForCorp], [Price], [Volume], [DateIssued], [DateExpired], [IssuerCorpId], [IssuerId], [ShipFitId], [IsValid]) VALUES (79711462, 60012301, 30000015, 98169165, N'Sendaya V - CONCORD Bureau', N'Sendaya', 0, 0, 1, N'DS1060', 0, 21004936, 96000, CAST(0x0000A2F501378CA4 AS DateTime), CAST(0x0000A30301378CA4 AS DateTime), 98169165, 979584747, 1060, 1)
INSERT [dbo].[Contracts] ([ContractId], [StartStationId], [SolarSystemId], [AssigneeId], [StartStationName], [SolarSystemName], [Status], [Type], [Availability], [Title], [ForCorp], [Price], [Volume], [DateIssued], [DateExpired], [IssuerCorpId], [IssuerId], [ShipFitId], [IsValid]) VALUES (79711482, 60012301, 30000015, 98169165, N'Sendaya V - CONCORD Bureau', N'Sendaya', 0, 0, 1, N'DS1060', 0, 21004936, 96000, CAST(0x0000A2F50137AEA0 AS DateTime), CAST(0x0000A3030137AEA0 AS DateTime), 98169165, 979584747, 1060, 1)
INSERT [dbo].[Contracts] ([ContractId], [StartStationId], [SolarSystemId], [AssigneeId], [StartStationName], [SolarSystemName], [Status], [Type], [Availability], [Title], [ForCorp], [Price], [Volume], [DateIssued], [DateExpired], [IssuerCorpId], [IssuerId], [ShipFitId], [IsValid]) VALUES (79711494, 60012301, 30000015, 98169165, N'Sendaya V - CONCORD Bureau', N'Sendaya', 0, 0, 1, N'DS1060', 0, 21004936, 96000, CAST(0x0000A2F50137C868 AS DateTime), CAST(0x0000A3030137C868 AS DateTime), 98169165, 979584747, 1060, 1)
INSERT [dbo].[Contracts] ([ContractId], [StartStationId], [SolarSystemId], [AssigneeId], [StartStationName], [SolarSystemName], [Status], [Type], [Availability], [Title], [ForCorp], [Price], [Volume], [DateIssued], [DateExpired], [IssuerCorpId], [IssuerId], [ShipFitId], [IsValid]) VALUES (79711511, 60012301, 30000015, 98169165, N'Sendaya V - CONCORD Bureau', N'Sendaya', 0, 0, 1, N'DS1060', 0, 21004936, 96000, CAST(0x0000A2F50137F4F0 AS DateTime), CAST(0x0000A3030137F4F0 AS DateTime), 98169165, 979584747, 1060, 1)
INSERT [dbo].[Contracts] ([ContractId], [StartStationId], [SolarSystemId], [AssigneeId], [StartStationName], [SolarSystemName], [Status], [Type], [Availability], [Title], [ForCorp], [Price], [Volume], [DateIssued], [DateExpired], [IssuerCorpId], [IssuerId], [ShipFitId], [IsValid]) VALUES (79711520, 60012301, 30000015, 98169165, N'Sendaya V - CONCORD Bureau', N'Sendaya', 0, 0, 1, N'DS1060', 0, 21004936, 96000, CAST(0x0000A2F501380FE4 AS DateTime), CAST(0x0000A30301380FE4 AS DateTime), 98169165, 979584747, 1060, 1)
INSERT [dbo].[Contracts] ([ContractId], [StartStationId], [SolarSystemId], [AssigneeId], [StartStationName], [SolarSystemName], [Status], [Type], [Availability], [Title], [ForCorp], [Price], [Volume], [DateIssued], [DateExpired], [IssuerCorpId], [IssuerId], [ShipFitId], [IsValid]) VALUES (79711528, 60012301, 30000015, 98169165, N'Sendaya V - CONCORD Bureau', N'Sendaya', 0, 0, 1, N'DS1060', 0, 21004936, 96000, CAST(0x0000A2F501382D30 AS DateTime), CAST(0x0000A30301382D30 AS DateTime), 98169165, 979584747, 1060, 1)
INSERT [dbo].[Contracts] ([ContractId], [StartStationId], [SolarSystemId], [AssigneeId], [StartStationName], [SolarSystemName], [Status], [Type], [Availability], [Title], [ForCorp], [Price], [Volume], [DateIssued], [DateExpired], [IssuerCorpId], [IssuerId], [ShipFitId], [IsValid]) VALUES (79717250, 60012301, 30000015, 98169165, N'Sendaya V - CONCORD Bureau', N'Sendaya', 0, 0, 1, N'None', 0, 20000000, 0.0125, CAST(0x0000A2F5016585C8 AS DateTime), CAST(0x0000A2F6016585C8 AS DateTime), 98169165, 90768946, 0, 0)

INSERT [dbo].[Customers] ([CustomerId], [Name], [ImageUrl], [IsCorp], [LastRefresh]) VALUES (0, N'Public Contracts', N'/Content/images/misc/eve.png', 0, CAST(0x0000A29400C5C100 AS DateTime))
INSERT [dbo].[Customers] ([CustomerId], [Name], [ImageUrl], [IsCorp], [LastRefresh]) VALUES (98169165, N'Brave Newbies Inc', N'https://image.eveonline.com/Corporation/98169165_128.png', 1, CAST(0x0000A29400C5C100 AS DateTime))
INSERT [dbo].[Customers] ([CustomerId], [Name], [ImageUrl], [IsCorp], [LastRefresh]) VALUES (99000819, N'Nexus Fleet', N'https://image.eveonline.com/Alliance/99000819_128.png', 1, CAST(0x0000A2E9001B2057 AS DateTime))
INSERT [dbo].[Customers] ([CustomerId], [Name], [ImageUrl], [IsCorp], [LastRefresh]) VALUES (99001904, N'Spaceship Samurai', N'https://image.eveonline.com/Alliance/99001904_128.png', 1, CAST(0x0000A2E9001AD207 AS DateTime))
INSERT [dbo].[Customers] ([CustomerId], [Name], [ImageUrl], [IsCorp], [LastRefresh]) VALUES (99003214, N'Brave Collective', N'https://image.eveonline.com/Alliance/99003214_128.png', 1, CAST(0x0000A29400C5C100 AS DateTime))
INSERT [dbo].[Customers] ([CustomerId], [Name], [ImageUrl], [IsCorp], [LastRefresh]) VALUES (498125261, N'Test Alliance Please Ignore', N'https://image.eveonline.com/Alliance/498125261_128.png', 1, CAST(0x0000A2E9001AD901 AS DateTime))

SET IDENTITY_INSERT [dbo].[ShipFitComponents] ON 
INSERT [dbo].[ShipFitComponents] ([ShipFitComponentId], [ShipFitId], [ComponentId], [BuyPrice], [SellPrice], [Quantity], [SlotType]) VALUES (448, 1, 1999, 881553.26010000007, 916322.78, 1, 4)
INSERT [dbo].[ShipFitComponents] ([ShipFitComponentId], [ShipFitId], [ComponentId], [BuyPrice], [SellPrice], [Quantity], [SlotType]) VALUES (449, 1, 2048, 722151.01, 744465.94, 1, 4)
INSERT [dbo].[ShipFitComponents] ([ShipFitComponentId], [ShipFitId], [ComponentId], [BuyPrice], [SellPrice], [Quantity], [SlotType]) VALUES (450, 1, 2281, 1567885.2968, 1634998.3, 2, 3)
INSERT [dbo].[ShipFitComponents] ([ShipFitComponentId], [ShipFitId], [ComponentId], [BuyPrice], [SellPrice], [Quantity], [SlotType]) VALUES (451, 1, 3568, 914204.96430000011, 994999.99, 1, 3)
INSERT [dbo].[ShipFitComponents] ([ShipFitComponentId], [ShipFitId], [ComponentId], [BuyPrice], [SellPrice], [Quantity], [SlotType]) VALUES (452, 1, 3841, 798683.2045, 828982.33, 1, 3)
INSERT [dbo].[ShipFitComponents] ([ShipFitComponentId], [ShipFitId], [ComponentId], [BuyPrice], [SellPrice], [Quantity], [SlotType]) VALUES (453, 1, 5975, 11110.090900000001, 12149.85, 1, 3)
INSERT [dbo].[ShipFitComponents] ([ShipFitComponentId], [ShipFitId], [ComponentId], [BuyPrice], [SellPrice], [Quantity], [SlotType]) VALUES (454, 1, 10190, 917805.382, 933498.85, 2, 4)
INSERT [dbo].[ShipFitComponents] ([ShipFitComponentId], [ShipFitId], [ComponentId], [BuyPrice], [SellPrice], [Quantity], [SlotType]) VALUES (455, 1, 12346, 1040300.0101000001, 1179999.57, 7, 2)
INSERT [dbo].[ShipFitComponents] ([ShipFitComponentId], [ShipFitId], [ComponentId], [BuyPrice], [SellPrice], [Quantity], [SlotType]) VALUES (456, 1, 12801, 319.81649999999996, 366.94, 2000, 8)
INSERT [dbo].[ShipFitComponents] ([ShipFitComponentId], [ShipFitId], [ComponentId], [BuyPrice], [SellPrice], [Quantity], [SlotType]) VALUES (457, 1, 12805, 315.16040000000004, 329.66, 2000, 8)
INSERT [dbo].[ShipFitComponents] ([ShipFitComponentId], [ShipFitId], [ComponentId], [BuyPrice], [SellPrice], [Quantity], [SlotType]) VALUES (458, 1, 16227, 40400013.7057, 42426655.54, 1, 1)
INSERT [dbo].[ShipFitComponents] ([ShipFitComponentId], [ShipFitId], [ComponentId], [BuyPrice], [SellPrice], [Quantity], [SlotType]) VALUES (459, 1, 23025, 597.72809999999993, 688.81, 2000, 8)
INSERT [dbo].[ShipFitComponents] ([ShipFitComponentId], [ShipFitId], [ComponentId], [BuyPrice], [SellPrice], [Quantity], [SlotType]) VALUES (460, 1, 23031, 653.975, 699.91, 2000, 8)
INSERT [dbo].[ShipFitComponents] ([ShipFitComponentId], [ShipFitId], [ComponentId], [BuyPrice], [SellPrice], [Quantity], [SlotType]) VALUES (461, 1, 23037, 651.4601, 699.99, 2000, 8)
INSERT [dbo].[ShipFitComponents] ([ShipFitComponentId], [ShipFitId], [ComponentId], [BuyPrice], [SellPrice], [Quantity], [SlotType]) VALUES (462, 1, 23707, 6712.5105, 7999.21, 5, 7)
INSERT [dbo].[ShipFitComponents] ([ShipFitComponentId], [ShipFitId], [ComponentId], [BuyPrice], [SellPrice], [Quantity], [SlotType]) VALUES (463, 1, 28668, 16569.201500000003, 17077.21, 30, 8)
INSERT [dbo].[ShipFitComponents] ([ShipFitComponentId], [ShipFitId], [ComponentId], [BuyPrice], [SellPrice], [Quantity], [SlotType]) VALUES (464, 1, 31718, 90906.1004, 100990.77, 1, 5)
INSERT [dbo].[ShipFitComponents] ([ShipFitComponentId], [ShipFitId], [ComponentId], [BuyPrice], [SellPrice], [Quantity], [SlotType]) VALUES (465, 1, 31790, 2023030.1212000002, 2195359.74, 2, 5)
INSERT [dbo].[ShipFitComponents] ([ShipFitComponentId], [ShipFitId], [ComponentId], [BuyPrice], [SellPrice], [Quantity], [SlotType]) VALUES (466, 1, 32006, 96329.4368, 100166, 25, 8)
INSERT [dbo].[ShipFitComponents] ([ShipFitComponentId], [ShipFitId], [ComponentId], [BuyPrice], [SellPrice], [Quantity], [SlotType]) VALUES (467, 2, 527, 777710.13030000008, 799999.78, 2, 3)
INSERT [dbo].[ShipFitComponents] ([ShipFitComponentId], [ShipFitId], [ComponentId], [BuyPrice], [SellPrice], [Quantity], [SlotType]) VALUES (468, 2, 1565, 262849.7427, 457463.17, 2, 2)
INSERT [dbo].[ShipFitComponents] ([ShipFitComponentId], [ShipFitId], [ComponentId], [BuyPrice], [SellPrice], [Quantity], [SlotType]) VALUES (469, 2, 1877, 614332.6212, 765253.75, 3, 2)
INSERT [dbo].[ShipFitComponents] ([ShipFitComponentId], [ShipFitId], [ComponentId], [BuyPrice], [SellPrice], [Quantity], [SlotType]) VALUES (470, 2, 1987, 508031.2221, 517999.85, 1, 4)
INSERT [dbo].[ShipFitComponents] ([ShipFitComponentId], [ShipFitId], [ComponentId], [BuyPrice], [SellPrice], [Quantity], [SlotType]) VALUES (471, 2, 2048, 722151.01, 744465.94, 1, 4)
INSERT [dbo].[ShipFitComponents] ([ShipFitComponentId], [ShipFitId], [ComponentId], [BuyPrice], [SellPrice], [Quantity], [SlotType]) VALUES (472, 2, 2281, 1567885.2968, 1634991.58, 1, 3)
INSERT [dbo].[ShipFitComponents] ([ShipFitComponentId], [ShipFitId], [ComponentId], [BuyPrice], [SellPrice], [Quantity], [SlotType]) VALUES (473, 2, 2488, 424200.03030000004, 439984.85, 3, 7)
INSERT [dbo].[ShipFitComponents] ([ShipFitComponentId], [ShipFitId], [ComponentId], [BuyPrice], [SellPrice], [Quantity], [SlotType]) VALUES (474, 2, 2584, 77064.01, 499283.48, 1, 4)
INSERT [dbo].[ShipFitComponents] ([ShipFitComponentId], [ShipFitId], [ComponentId], [BuyPrice], [SellPrice], [Quantity], [SlotType]) VALUES (475, 2, 3841, 798683.2045, 828982.33, 2, 3)
INSERT [dbo].[ShipFitComponents] ([ShipFitComponentId], [ShipFitId], [ComponentId], [BuyPrice], [SellPrice], [Quantity], [SlotType]) VALUES (476, 2, 5975, 11110.090900000001, 12149.85, 1, 3)
INSERT [dbo].[ShipFitComponents] ([ShipFitComponentId], [ShipFitId], [ComponentId], [BuyPrice], [SellPrice], [Quantity], [SlotType]) VALUES (477, 2, 11961, 147793300.2828, 151152581.25, 1, 1)
INSERT [dbo].[ShipFitComponents] ([ShipFitComponentId], [ShipFitId], [ComponentId], [BuyPrice], [SellPrice], [Quantity], [SlotType]) VALUES (478, 2, 16273, 561.6408, 580, 250, 8)
INSERT [dbo].[ShipFitComponents] ([ShipFitComponentId], [ShipFitId], [ComponentId], [BuyPrice], [SellPrice], [Quantity], [SlotType]) VALUES (479, 2, 21096, 1314024.544, 1410991, 1, 2)
INSERT [dbo].[ShipFitComponents] ([ShipFitComponentId], [ShipFitId], [ComponentId], [BuyPrice], [SellPrice], [Quantity], [SlotType]) VALUES (480, 2, 23707, 6712.5105, 7999.21, 5, 7)
INSERT [dbo].[ShipFitComponents] ([ShipFitComponentId], [ShipFitId], [ComponentId], [BuyPrice], [SellPrice], [Quantity], [SlotType]) VALUES (481, 2, 27381, 919.1, 998.43, 500, 8)
INSERT [dbo].[ShipFitComponents] ([ShipFitComponentId], [ShipFitId], [ComponentId], [BuyPrice], [SellPrice], [Quantity], [SlotType]) VALUES (482, 2, 28668, 16569.201500000003, 17077.21, 30, 8)
INSERT [dbo].[ShipFitComponents] ([ShipFitComponentId], [ShipFitId], [ComponentId], [BuyPrice], [SellPrice], [Quantity], [SlotType]) VALUES (483, 2, 31790, 2023030.1212000002, 2195904.06, 2, 5)
INSERT [dbo].[ShipFitComponents] ([ShipFitComponentId], [ShipFitId], [ComponentId], [BuyPrice], [SellPrice], [Quantity], [SlotType]) VALUES (484, 3, 448, 1112490.2146, 1174899.04, 1, 3)
INSERT [dbo].[ShipFitComponents] ([ShipFitComponentId], [ShipFitId], [ComponentId], [BuyPrice], [SellPrice], [Quantity], [SlotType]) VALUES (485, 3, 1541, 596910, 610971.94, 1, 4)
INSERT [dbo].[ShipFitComponents] ([ShipFitComponentId], [ShipFitId], [ComponentId], [BuyPrice], [SellPrice], [Quantity], [SlotType]) VALUES (486, 3, 2048, 628520.4043, 664104.66, 1, 4)
INSERT [dbo].[ShipFitComponents] ([ShipFitComponentId], [ShipFitId], [ComponentId], [BuyPrice], [SellPrice], [Quantity], [SlotType]) VALUES (487, 3, 2281, 1610042.3635000002, 1667987.06, 1, 3)
INSERT [dbo].[ShipFitComponents] ([ShipFitComponentId], [ShipFitId], [ComponentId], [BuyPrice], [SellPrice], [Quantity], [SlotType]) VALUES (488, 3, 2301, 1326130.1919, 1444999.79, 1, 3)
INSERT [dbo].[ShipFitComponents] ([ShipFitComponentId], [ShipFitId], [ComponentId], [BuyPrice], [SellPrice], [Quantity], [SlotType]) VALUES (489, 3, 2488, 439350.0101, 449999.95, 3, 7)
INSERT [dbo].[ShipFitComponents] ([ShipFitComponentId], [ShipFitId], [ComponentId], [BuyPrice], [SellPrice], [Quantity], [SlotType]) VALUES (490, 3, 2588, 67673.0603, 0, 1, 4)
INSERT [dbo].[ShipFitComponents] ([ShipFitComponentId], [ShipFitId], [ComponentId], [BuyPrice], [SellPrice], [Quantity], [SlotType]) VALUES (491, 3, 3082, 1525100.7676000001, 1727395.82, 3, 2)
INSERT [dbo].[ShipFitComponents] ([ShipFitComponentId], [ShipFitId], [ComponentId], [BuyPrice], [SellPrice], [Quantity], [SlotType]) VALUES (492, 3, 3244, 1112010.0303, 1144992.4, 1, 3)
INSERT [dbo].[ShipFitComponents] ([ShipFitComponentId], [ShipFitId], [ComponentId], [BuyPrice], [SellPrice], [Quantity], [SlotType]) VALUES (493, 3, 3841, 780823.1624, 824945.64, 2, 3)
INSERT [dbo].[ShipFitComponents] ([ShipFitComponentId], [ShipFitId], [ComponentId], [BuyPrice], [SellPrice], [Quantity], [SlotType]) VALUES (494, 3, 5975, 16564.313100000003, 17138.94, 1, 3)
INSERT [dbo].[ShipFitComponents] ([ShipFitComponentId], [ShipFitId], [ComponentId], [BuyPrice], [SellPrice], [Quantity], [SlotType]) VALUES (495, 3, 11971, 115140000.0303, 119492000, 1, 1)
INSERT [dbo].[ShipFitComponents] ([ShipFitComponentId], [ShipFitId], [ComponentId], [BuyPrice], [SellPrice], [Quantity], [SlotType]) VALUES (496, 3, 12801, 303.3737, 449.96, 500, 8)
INSERT [dbo].[ShipFitComponents] ([ShipFitComponentId], [ShipFitId], [ComponentId], [BuyPrice], [SellPrice], [Quantity], [SlotType]) VALUES (497, 3, 12805, 329.26, 346.68, 500, 8)
INSERT [dbo].[ShipFitComponents] ([ShipFitComponentId], [ShipFitId], [ComponentId], [BuyPrice], [SellPrice], [Quantity], [SlotType]) VALUES (498, 3, 16273, 592.1731, 613.83, 250, 8)
INSERT [dbo].[ShipFitComponents] ([ShipFitComponentId], [ShipFitId], [ComponentId], [BuyPrice], [SellPrice], [Quantity], [SlotType]) VALUES (499, 3, 21096, 1464508.282, 1482453.8, 1, 2)
INSERT [dbo].[ShipFitComponents] ([ShipFitComponentId], [ShipFitId], [ComponentId], [BuyPrice], [SellPrice], [Quantity], [SlotType]) VALUES (500, 3, 23025, 671.8015, 690, 500, 8)
INSERT [dbo].[ShipFitComponents] ([ShipFitComponentId], [ShipFitId], [ComponentId], [BuyPrice], [SellPrice], [Quantity], [SlotType]) VALUES (501, 3, 23031, 662.2671, 1180, 500, 8)
INSERT [dbo].[ShipFitComponents] ([ShipFitComponentId], [ShipFitId], [ComponentId], [BuyPrice], [SellPrice], [Quantity], [SlotType]) VALUES (502, 3, 23037, 612.0903, 849.94, 500, 8)
INSERT [dbo].[ShipFitComponents] ([ShipFitComponentId], [ShipFitId], [ComponentId], [BuyPrice], [SellPrice], [Quantity], [SlotType]) VALUES (503, 3, 23707, 6699.2997000000005, 7454.99, 5, 7)
INSERT [dbo].[ShipFitComponents] ([ShipFitComponentId], [ShipFitId], [ComponentId], [BuyPrice], [SellPrice], [Quantity], [SlotType]) VALUES (504, 3, 28668, 16664.353600000002, 17288.19, 30, 8)
INSERT [dbo].[ShipFitComponents] ([ShipFitComponentId], [ShipFitId], [ComponentId], [BuyPrice], [SellPrice], [Quantity], [SlotType]) VALUES (505, 3, 31790, 2121005.1813, 2144999.97, 2, 5)
INSERT [dbo].[ShipFitComponents] ([ShipFitComponentId], [ShipFitId], [ComponentId], [BuyPrice], [SellPrice], [Quantity], [SlotType]) VALUES (506, 4, 633, 7027590.9180999994, 8833747.69, 1, 1)
INSERT [dbo].[ShipFitComponents] ([ShipFitComponentId], [ShipFitId], [ComponentId], [BuyPrice], [SellPrice], [Quantity], [SlotType]) VALUES (507, 4, 1447, 682020.81130000006, 705997.92, 3, 4)
INSERT [dbo].[ShipFitComponents] ([ShipFitComponentId], [ShipFitId], [ComponentId], [BuyPrice], [SellPrice], [Quantity], [SlotType]) VALUES (508, 4, 1987, 271773.1634, 557188.11, 1, 4)
INSERT [dbo].[ShipFitComponents] ([ShipFitComponentId], [ShipFitId], [ComponentId], [BuyPrice], [SellPrice], [Quantity], [SlotType]) VALUES (509, 4, 2048, 657671.095, 681099.63, 1, 4)
INSERT [dbo].[ShipFitComponents] ([ShipFitComponentId], [ShipFitId], [ComponentId], [BuyPrice], [SellPrice], [Quantity], [SlotType]) VALUES (510, 4, 2488, 447430.0505, 459847.95, 5, 7)
INSERT [dbo].[ShipFitComponents] ([ShipFitComponentId], [ShipFitId], [ComponentId], [BuyPrice], [SellPrice], [Quantity], [SlotType]) VALUES (511, 4, 3841, 768615.1409, 799443.99, 1, 3)
INSERT [dbo].[ShipFitComponents] ([ShipFitComponentId], [ShipFitId], [ComponentId], [BuyPrice], [SellPrice], [Quantity], [SlotType]) VALUES (512, 4, 5299, 68783.1412, 81389.99, 3, 3)
INSERT [dbo].[ShipFitComponents] ([ShipFitComponentId], [ShipFitId], [ComponentId], [BuyPrice], [SellPrice], [Quantity], [SlotType]) VALUES (513, 4, 5975, 16564.111100000002, 17348.97, 1, 3)
INSERT [dbo].[ShipFitComponents] ([ShipFitComponentId], [ShipFitId], [ComponentId], [BuyPrice], [SellPrice], [Quantity], [SlotType]) VALUES (514, 4, 23707, 6697.4918000000007, 7487.19, 5, 7)
INSERT [dbo].[ShipFitComponents] ([ShipFitComponentId], [ShipFitId], [ComponentId], [BuyPrice], [SellPrice], [Quantity], [SlotType]) VALUES (515, 4, 28668, 17054.0621, 17410.67, 30, 8)
INSERT [dbo].[ShipFitComponents] ([ShipFitComponentId], [ShipFitId], [ComponentId], [BuyPrice], [SellPrice], [Quantity], [SlotType]) VALUES (516, 4, 29013, 10757.1767, 11989.87, 3, 8)
INSERT [dbo].[ShipFitComponents] ([ShipFitComponentId], [ShipFitId], [ComponentId], [BuyPrice], [SellPrice], [Quantity], [SlotType]) VALUES (517, 4, 29015, 8484.0404000000017, 9588.45, 3, 8)
INSERT [dbo].[ShipFitComponents] ([ShipFitComponentId], [ShipFitId], [ComponentId], [BuyPrice], [SellPrice], [Quantity], [SlotType]) VALUES (518, 4, 31718, 99990.10100000001, 113993.08, 1, 5)
INSERT [dbo].[ShipFitComponents] ([ShipFitComponentId], [ShipFitId], [ComponentId], [BuyPrice], [SellPrice], [Quantity], [SlotType]) VALUES (519, 4, 31754, 115142.7775, 141359.58, 1, 5)
INSERT [dbo].[ShipFitComponents] ([ShipFitComponentId], [ShipFitId], [ComponentId], [BuyPrice], [SellPrice], [Quantity], [SlotType]) VALUES (520, 4, 31790, 1979603.2118, 2248756.89, 1, 5)
INSERT [dbo].[ShipFitComponents] ([ShipFitComponentId], [ShipFitId], [ComponentId], [BuyPrice], [SellPrice], [Quantity], [SlotType]) VALUES (521, 5, 631, 8207272.5947, 8981999.76, 1, 1)
INSERT [dbo].[ShipFitComponents] ([ShipFitComponentId], [ShipFitId], [ComponentId], [BuyPrice], [SellPrice], [Quantity], [SlotType]) VALUES (522, 5, 1447, 641352.06040000007, 668546.91, 4, 4)
INSERT [dbo].[ShipFitComponents] ([ShipFitComponentId], [ShipFitId], [ComponentId], [BuyPrice], [SellPrice], [Quantity], [SlotType]) VALUES (523, 5, 1541, 597011.01010000007, 610970.92, 1, 4)
INSERT [dbo].[ShipFitComponents] ([ShipFitComponentId], [ShipFitId], [ComponentId], [BuyPrice], [SellPrice], [Quantity], [SlotType]) VALUES (524, 5, 2032, 616100.0303, 639668, 1, 3)
INSERT [dbo].[ShipFitComponents] ([ShipFitComponentId], [ShipFitId], [ComponentId], [BuyPrice], [SellPrice], [Quantity], [SlotType]) VALUES (525, 5, 2281, 1616022.4422, 1667398.51, 2, 3)
INSERT [dbo].[ShipFitComponents] ([ShipFitComponentId], [ShipFitId], [ComponentId], [BuyPrice], [SellPrice], [Quantity], [SlotType]) VALUES (526, 5, 5975, 14646.484699999999, 15999.89, 1, 3)
INSERT [dbo].[ShipFitComponents] ([ShipFitComponentId], [ShipFitId], [ComponentId], [BuyPrice], [SellPrice], [Quantity], [SlotType]) VALUES (527, 5, 8529, 101000, 103999.71, 1, 3)
INSERT [dbo].[ShipFitComponents] ([ShipFitComponentId], [ShipFitId], [ComponentId], [BuyPrice], [SellPrice], [Quantity], [SlotType]) VALUES (528, 5, 8585, 244533.98859999998, 347000, 3, 2)
INSERT [dbo].[ShipFitComponents] ([ShipFitComponentId], [ShipFitId], [ComponentId], [BuyPrice], [SellPrice], [Quantity], [SlotType]) VALUES (529, 5, 23707, 7374.1210999999994, 10196.13, 4, 7)
INSERT [dbo].[ShipFitComponents] ([ShipFitComponentId], [ShipFitId], [ComponentId], [BuyPrice], [SellPrice], [Quantity], [SlotType]) VALUES (530, 5, 23711, 5048.99, 10896.68, 5, 7)
INSERT [dbo].[ShipFitComponents] ([ShipFitComponentId], [ShipFitId], [ComponentId], [BuyPrice], [SellPrice], [Quantity], [SlotType]) VALUES (531, 5, 28668, 16675.200999999997, 17029.97, 30, 8)
INSERT [dbo].[ShipFitComponents] ([ShipFitComponentId], [ShipFitId], [ComponentId], [BuyPrice], [SellPrice], [Quantity], [SlotType]) VALUES (532, 5, 31790, 2020005.0096, 2359915.17, 3, 5)
INSERT [dbo].[ShipFitComponents] ([ShipFitComponentId], [ShipFitId], [ComponentId], [BuyPrice], [SellPrice], [Quantity], [SlotType]) VALUES (533, 6, 643, 156555050.98979998, 165586522.77, 1, 1)
INSERT [dbo].[ShipFitComponents] ([ShipFitComponentId], [ShipFitId], [ComponentId], [BuyPrice], [SellPrice], [Quantity], [SlotType]) VALUES (534, 6, 1355, 366630.0101, 387988.85, 1, 4)
INSERT [dbo].[ShipFitComponents] ([ShipFitComponentId], [ShipFitId], [ComponentId], [BuyPrice], [SellPrice], [Quantity], [SlotType]) VALUES (535, 6, 1855, 858510.3121, 1048999.57, 1, 3)
INSERT [dbo].[ShipFitComponents] ([ShipFitComponentId], [ShipFitId], [ComponentId], [BuyPrice], [SellPrice], [Quantity], [SlotType]) VALUES (536, 6, 2048, 657937.6743999999, 669440.7, 1, 4)
INSERT [dbo].[ShipFitComponents] ([ShipFitComponentId], [ShipFitId], [ComponentId], [BuyPrice], [SellPrice], [Quantity], [SlotType]) VALUES (537, 6, 2185, 633271.07060000009, 651865.98, 5, 7)
INSERT [dbo].[ShipFitComponents] ([ShipFitComponentId], [ShipFitId], [ComponentId], [BuyPrice], [SellPrice], [Quantity], [SlotType]) VALUES (538, 6, 2446, 847897.3533, 874699.85, 5, 7)
INSERT [dbo].[ShipFitComponents] ([ShipFitComponentId], [ShipFitId], [ComponentId], [BuyPrice], [SellPrice], [Quantity], [SlotType]) VALUES (539, 6, 2488, 466637.40229999996, 484400.33, 5, 7)
INSERT [dbo].[ShipFitComponents] ([ShipFitComponentId], [ShipFitId], [ComponentId], [BuyPrice], [SellPrice], [Quantity], [SlotType]) VALUES (540, 6, 5051, 184831.4241, 201611.86, 2, 3)
INSERT [dbo].[ShipFitComponents] ([ShipFitComponentId], [ShipFitId], [ComponentId], [BuyPrice], [SellPrice], [Quantity], [SlotType]) VALUES (541, 6, 5945, 1011313.4646, 1039258.11, 1, 3)
INSERT [dbo].[ShipFitComponents] ([ShipFitComponentId], [ShipFitId], [ComponentId], [BuyPrice], [SellPrice], [Quantity], [SlotType]) VALUES (542, 6, 11644, 1869513.4542, 1973998.95, 1, 4)
INSERT [dbo].[ShipFitComponents] ([ShipFitComponentId], [ShipFitId], [ComponentId], [BuyPrice], [SellPrice], [Quantity], [SlotType]) VALUES (543, 6, 11646, 2020081.0424, 2111092.2, 1, 4)
INSERT [dbo].[ShipFitComponents] ([ShipFitComponentId], [ShipFitId], [ComponentId], [BuyPrice], [SellPrice], [Quantity], [SlotType]) VALUES (544, 6, 11648, 1809950.6333, 1899979.17, 1, 4)
INSERT [dbo].[ShipFitComponents] ([ShipFitComponentId], [ShipFitId], [ComponentId], [BuyPrice], [SellPrice], [Quantity], [SlotType]) VALUES (545, 6, 16479, 323540.06700000004, 375259.12, 7, 2)
INSERT [dbo].[ShipFitComponents] ([ShipFitComponentId], [ShipFitId], [ComponentId], [BuyPrice], [SellPrice], [Quantity], [SlotType]) VALUES (546, 6, 20353, 2438147.7568, 2499999.96, 2, 4)
GO
INSERT [dbo].[ShipFitComponents] ([ShipFitComponentId], [ShipFitId], [ComponentId], [BuyPrice], [SellPrice], [Quantity], [SlotType]) VALUES (547, 6, 23473, 39516.2601, 97807.35, 5, 7)
INSERT [dbo].[ShipFitComponents] ([ShipFitComponentId], [ShipFitId], [ComponentId], [BuyPrice], [SellPrice], [Quantity], [SlotType]) VALUES (548, 6, 25736, 13261312.1503, 14699794, 1, 5)
INSERT [dbo].[ShipFitComponents] ([ShipFitComponentId], [ShipFitId], [ComponentId], [BuyPrice], [SellPrice], [Quantity], [SlotType]) VALUES (549, 6, 25894, 11766498.1214, 12648122.98, 1, 5)
INSERT [dbo].[ShipFitComponents] ([ShipFitComponentId], [ShipFitId], [ComponentId], [BuyPrice], [SellPrice], [Quantity], [SlotType]) VALUES (550, 6, 25956, 21881650.4444, 25199922.64, 1, 5)
INSERT [dbo].[ShipFitComponents] ([ShipFitComponentId], [ShipFitId], [ComponentId], [BuyPrice], [SellPrice], [Quantity], [SlotType]) VALUES (551, 6, 28668, 17220.904000000002, 17581.88, 30, 8)
INSERT [dbo].[ShipFitComponents] ([ShipFitComponentId], [ShipFitId], [ComponentId], [BuyPrice], [SellPrice], [Quantity], [SlotType]) VALUES (552, 6, 32014, 197996.4711, 204999.93, 24, 8)
INSERT [dbo].[ShipFitComponents] ([ShipFitComponentId], [ShipFitId], [ComponentId], [BuyPrice], [SellPrice], [Quantity], [SlotType]) VALUES (553, 7, 527, 787800.101, 816199.35, 1, 3)
INSERT [dbo].[ShipFitComponents] ([ShipFitComponentId], [ShipFitId], [ComponentId], [BuyPrice], [SellPrice], [Quantity], [SlotType]) VALUES (554, 7, 2048, 646405.252, 669999.88, 1, 4)
INSERT [dbo].[ShipFitComponents] ([ShipFitComponentId], [ShipFitId], [ComponentId], [BuyPrice], [SellPrice], [Quantity], [SlotType]) VALUES (555, 7, 2185, 612162.4342, 649099.83, 5, 7)
INSERT [dbo].[ShipFitComponents] ([ShipFitComponentId], [ShipFitId], [ComponentId], [BuyPrice], [SellPrice], [Quantity], [SlotType]) VALUES (556, 7, 3244, 1112298.052, 1174997.89, 1, 3)
INSERT [dbo].[ShipFitComponents] ([ShipFitComponentId], [ShipFitId], [ComponentId], [BuyPrice], [SellPrice], [Quantity], [SlotType]) VALUES (557, 7, 5011, 118069.2525, 184399.64, 1, 3)
INSERT [dbo].[ShipFitComponents] ([ShipFitComponentId], [ShipFitId], [ComponentId], [BuyPrice], [SellPrice], [Quantity], [SlotType]) VALUES (558, 7, 5975, 14646.5251, 15695.91, 1, 3)
INSERT [dbo].[ShipFitComponents] ([ShipFitComponentId], [ShipFitId], [ComponentId], [BuyPrice], [SellPrice], [Quantity], [SlotType]) VALUES (559, 7, 7663, 959505.151, 1059998.93, 6, 2)
INSERT [dbo].[ShipFitComponents] ([ShipFitComponentId], [ShipFitId], [ComponentId], [BuyPrice], [SellPrice], [Quantity], [SlotType]) VALUES (560, 7, 10190, 908819.816, 963853.74, 2, 4)
INSERT [dbo].[ShipFitComponents] ([ShipFitComponentId], [ShipFitId], [ComponentId], [BuyPrice], [SellPrice], [Quantity], [SlotType]) VALUES (561, 7, 11269, 889911.1111, 939877.8, 2, 4)
INSERT [dbo].[ShipFitComponents] ([ShipFitComponentId], [ShipFitId], [ComponentId], [BuyPrice], [SellPrice], [Quantity], [SlotType]) VALUES (562, 7, 16229, 47267998.0204, 48799997.77, 1, 1)
INSERT [dbo].[ShipFitComponents] ([ShipFitComponentId], [ShipFitId], [ComponentId], [BuyPrice], [SellPrice], [Quantity], [SlotType]) VALUES (563, 7, 16469, 56454.2328, 74998.77, 1, 2)
INSERT [dbo].[ShipFitComponents] ([ShipFitComponentId], [ShipFitId], [ComponentId], [BuyPrice], [SellPrice], [Quantity], [SlotType]) VALUES (564, 7, 20351, 2048394.0189, 2398990.26, 1, 4)
INSERT [dbo].[ShipFitComponents] ([ShipFitComponentId], [ShipFitId], [ComponentId], [BuyPrice], [SellPrice], [Quantity], [SlotType]) VALUES (565, 7, 23025, 667.1555, 717.35, 2000, 8)
INSERT [dbo].[ShipFitComponents] ([ShipFitComponentId], [ShipFitId], [ComponentId], [BuyPrice], [SellPrice], [Quantity], [SlotType]) VALUES (566, 7, 23031, 485.2343, 748.73, 2000, 8)
INSERT [dbo].[ShipFitComponents] ([ShipFitComponentId], [ShipFitId], [ComponentId], [BuyPrice], [SellPrice], [Quantity], [SlotType]) VALUES (567, 7, 28668, 16697.0877, 16998.2, 30, 8)
INSERT [dbo].[ShipFitComponents] ([ShipFitComponentId], [ShipFitId], [ComponentId], [BuyPrice], [SellPrice], [Quantity], [SlotType]) VALUES (568, 7, 31055, 2525001.1211, 2761994.86, 2, 5)
INSERT [dbo].[ShipFitComponents] ([ShipFitComponentId], [ShipFitId], [ComponentId], [BuyPrice], [SellPrice], [Quantity], [SlotType]) VALUES (569, 7, 31540, 173722.31290000002, 215954.82, 1, 5)
INSERT [dbo].[ShipFitComponents] ([ShipFitComponentId], [ShipFitId], [ComponentId], [BuyPrice], [SellPrice], [Quantity], [SlotType]) VALUES (570, 7, 32006, 92920.505, 103449.1, 30, 8)
INSERT [dbo].[ShipFitComponents] ([ShipFitComponentId], [ShipFitId], [ComponentId], [BuyPrice], [SellPrice], [Quantity], [SlotType]) VALUES (571, 8, 2048, 651463.5845, 694384.85, 1, 4)
INSERT [dbo].[ShipFitComponents] ([ShipFitComponentId], [ShipFitId], [ComponentId], [BuyPrice], [SellPrice], [Quantity], [SlotType]) VALUES (572, 8, 2185, 660758.362, 667896.63, 5, 7)
INSERT [dbo].[ShipFitComponents] ([ShipFitComponentId], [ShipFitId], [ComponentId], [BuyPrice], [SellPrice], [Quantity], [SlotType]) VALUES (573, 8, 3138, 1323959.0454, 1529424.97, 6, 2)
INSERT [dbo].[ShipFitComponents] ([ShipFitComponentId], [ShipFitId], [ComponentId], [BuyPrice], [SellPrice], [Quantity], [SlotType]) VALUES (574, 8, 3244, 1111047.5609000002, 1187981.71, 1, 3)
INSERT [dbo].[ShipFitComponents] ([ShipFitComponentId], [ShipFitId], [ComponentId], [BuyPrice], [SellPrice], [Quantity], [SlotType]) VALUES (575, 8, 4027, 1795575.8991999999, 1859997.53, 1, 3)
INSERT [dbo].[ShipFitComponents] ([ShipFitComponentId], [ShipFitId], [ComponentId], [BuyPrice], [SellPrice], [Quantity], [SlotType]) VALUES (576, 8, 5011, 110150.6707, 397999.98, 1, 3)
INSERT [dbo].[ShipFitComponents] ([ShipFitComponentId], [ShipFitId], [ComponentId], [BuyPrice], [SellPrice], [Quantity], [SlotType]) VALUES (577, 8, 5975, 16564.1414, 17783.08, 1, 3)
INSERT [dbo].[ShipFitComponents] ([ShipFitComponentId], [ShipFitId], [ComponentId], [BuyPrice], [SellPrice], [Quantity], [SlotType]) VALUES (578, 8, 10190, 939701.2528, 947998.97, 2, 4)
INSERT [dbo].[ShipFitComponents] ([ShipFitComponentId], [ShipFitId], [ComponentId], [BuyPrice], [SellPrice], [Quantity], [SlotType]) VALUES (579, 8, 11269, 860532.4937, 929972.81, 2, 4)
INSERT [dbo].[ShipFitComponents] ([ShipFitComponentId], [ShipFitId], [ComponentId], [BuyPrice], [SellPrice], [Quantity], [SlotType]) VALUES (580, 8, 12785, 221.9778, 230.41, 2000, 8)
INSERT [dbo].[ShipFitComponents] ([ShipFitComponentId], [ShipFitId], [ComponentId], [BuyPrice], [SellPrice], [Quantity], [SlotType]) VALUES (581, 8, 12789, 187.02169999999998, 201.96, 2000, 8)
INSERT [dbo].[ShipFitComponents] ([ShipFitComponentId], [ShipFitId], [ComponentId], [BuyPrice], [SellPrice], [Quantity], [SlotType]) VALUES (582, 8, 16229, 45225561.0118, 46999398.75, 1, 1)
INSERT [dbo].[ShipFitComponents] ([ShipFitComponentId], [ShipFitId], [ComponentId], [BuyPrice], [SellPrice], [Quantity], [SlotType]) VALUES (583, 8, 16469, 69509.866499999989, 81999.85, 1, 2)
INSERT [dbo].[ShipFitComponents] ([ShipFitComponentId], [ShipFitId], [ComponentId], [BuyPrice], [SellPrice], [Quantity], [SlotType]) VALUES (584, 8, 20351, 1573661.0222, 1999993.9, 1, 4)
INSERT [dbo].[ShipFitComponents] ([ShipFitComponentId], [ShipFitId], [ComponentId], [BuyPrice], [SellPrice], [Quantity], [SlotType]) VALUES (585, 8, 23025, 687.00200000000007, 710.96, 2000, 8)
INSERT [dbo].[ShipFitComponents] ([ShipFitComponentId], [ShipFitId], [ComponentId], [BuyPrice], [SellPrice], [Quantity], [SlotType]) VALUES (586, 8, 28668, 17271.2222, 17984.9, 30, 8)
INSERT [dbo].[ShipFitComponents] ([ShipFitComponentId], [ShipFitId], [ComponentId], [BuyPrice], [SellPrice], [Quantity], [SlotType]) VALUES (587, 8, 31055, 2331076.7983, 2438960.32, 2, 5)
INSERT [dbo].[ShipFitComponents] ([ShipFitComponentId], [ShipFitId], [ComponentId], [BuyPrice], [SellPrice], [Quantity], [SlotType]) VALUES (588, 8, 31540, 170690.0303, 222999.51, 1, 5)
INSERT [dbo].[ShipFitComponents] ([ShipFitComponentId], [ShipFitId], [ComponentId], [BuyPrice], [SellPrice], [Quantity], [SlotType]) VALUES (589, 8, 32006, 98989.7465, 106999, 30, 8)
INSERT [dbo].[ShipFitComponents] ([ShipFitComponentId], [ShipFitId], [ComponentId], [BuyPrice], [SellPrice], [Quantity], [SlotType]) VALUES (590, 9, 625, 8100227.4114, 8850004.22, 1, 1)
INSERT [dbo].[ShipFitComponents] ([ShipFitComponentId], [ShipFitId], [ComponentId], [BuyPrice], [SellPrice], [Quantity], [SlotType]) VALUES (591, 9, 1952, 812432.3547, 1001999.81, 1, 3)
INSERT [dbo].[ShipFitComponents] ([ShipFitComponentId], [ShipFitId], [ComponentId], [BuyPrice], [SellPrice], [Quantity], [SlotType]) VALUES (592, 9, 2488, 431284.19049999997, 444799.88, 4, 7)
INSERT [dbo].[ShipFitComponents] ([ShipFitComponentId], [ShipFitId], [ComponentId], [BuyPrice], [SellPrice], [Quantity], [SlotType]) VALUES (593, 9, 6005, 3497.9128, 3699.95, 1, 3)
INSERT [dbo].[ShipFitComponents] ([ShipFitComponentId], [ShipFitId], [ComponentId], [BuyPrice], [SellPrice], [Quantity], [SlotType]) VALUES (594, 9, 11269, 891829.3031, 900000, 2, 4)
INSERT [dbo].[ShipFitComponents] ([ShipFitComponentId], [ShipFitId], [ComponentId], [BuyPrice], [SellPrice], [Quantity], [SlotType]) VALUES (595, 9, 11644, 2028040.0747, 2168992.39, 1, 4)
INSERT [dbo].[ShipFitComponents] ([ShipFitComponentId], [ShipFitId], [ComponentId], [BuyPrice], [SellPrice], [Quantity], [SlotType]) VALUES (596, 9, 11646, 2021010, 2100111.35, 1, 4)
INSERT [dbo].[ShipFitComponents] ([ShipFitComponentId], [ShipFitId], [ComponentId], [BuyPrice], [SellPrice], [Quantity], [SlotType]) VALUES (597, 9, 16445, 209777, 310999.98, 4, 2)
INSERT [dbo].[ShipFitComponents] ([ShipFitComponentId], [ShipFitId], [ComponentId], [BuyPrice], [SellPrice], [Quantity], [SlotType]) VALUES (598, 9, 16495, 101101, 183152.95, 1, 2)
INSERT [dbo].[ShipFitComponents] ([ShipFitComponentId], [ShipFitId], [ComponentId], [BuyPrice], [SellPrice], [Quantity], [SlotType]) VALUES (599, 9, 20218, 42871.8033, 66720.31, 1, 3)
INSERT [dbo].[ShipFitComponents] ([ShipFitComponentId], [ShipFitId], [ComponentId], [BuyPrice], [SellPrice], [Quantity], [SlotType]) VALUES (600, 9, 20351, 2020080.0728, 2400069.08, 1, 4)
INSERT [dbo].[ShipFitComponents] ([ShipFitComponentId], [ShipFitId], [ComponentId], [BuyPrice], [SellPrice], [Quantity], [SlotType]) VALUES (601, 9, 28668, 16756.9605, 17044.83, 30, 8)
INSERT [dbo].[ShipFitComponents] ([ShipFitComponentId], [ShipFitId], [ComponentId], [BuyPrice], [SellPrice], [Quantity], [SlotType]) VALUES (602, 9, 29011, 11113.03, 13339.87, 1, 8)
INSERT [dbo].[ShipFitComponents] ([ShipFitComponentId], [ShipFitId], [ComponentId], [BuyPrice], [SellPrice], [Quantity], [SlotType]) VALUES (603, 9, 31055, 2243213.6764, 2764870, 2, 5)
INSERT [dbo].[ShipFitComponents] ([ShipFitComponentId], [ShipFitId], [ComponentId], [BuyPrice], [SellPrice], [Quantity], [SlotType]) VALUES (604, 9, 31360, 4434216.0694, 4988694.91, 1, 5)
INSERT [dbo].[ShipFitComponents] ([ShipFitComponentId], [ShipFitId], [ComponentId], [BuyPrice], [SellPrice], [Quantity], [SlotType]) VALUES (605, 10, 448, 1334216.6054, 1374299.98, 1, 3)
INSERT [dbo].[ShipFitComponents] ([ShipFitComponentId], [ShipFitId], [ComponentId], [BuyPrice], [SellPrice], [Quantity], [SlotType]) VALUES (606, 10, 627, 10352500, 10961672.36, 1, 1)
INSERT [dbo].[ShipFitComponents] ([ShipFitComponentId], [ShipFitId], [ComponentId], [BuyPrice], [SellPrice], [Quantity], [SlotType]) VALUES (607, 10, 2048, 644380.2727, 665317.81, 1, 4)
INSERT [dbo].[ShipFitComponents] ([ShipFitComponentId], [ShipFitId], [ComponentId], [BuyPrice], [SellPrice], [Quantity], [SlotType]) VALUES (608, 10, 2185, 630749.5753, 651993.15, 5, 7)
INSERT [dbo].[ShipFitComponents] ([ShipFitComponentId], [ShipFitId], [ComponentId], [BuyPrice], [SellPrice], [Quantity], [SlotType]) VALUES (609, 10, 4025, 169684.11070000002, 214747.23, 2, 3)
INSERT [dbo].[ShipFitComponents] ([ShipFitComponentId], [ShipFitId], [ComponentId], [BuyPrice], [SellPrice], [Quantity], [SlotType]) VALUES (610, 10, 5975, 17119.5, 17991.82, 1, 3)
INSERT [dbo].[ShipFitComponents] ([ShipFitComponentId], [ShipFitId], [ComponentId], [BuyPrice], [SellPrice], [Quantity], [SlotType]) VALUES (611, 10, 7619, 2406729, 2999899.21, 5, 2)
INSERT [dbo].[ShipFitComponents] ([ShipFitComponentId], [ShipFitId], [ComponentId], [BuyPrice], [SellPrice], [Quantity], [SlotType]) VALUES (612, 10, 10190, 1061515.2924, 1127745.44, 2, 4)
INSERT [dbo].[ShipFitComponents] ([ShipFitComponentId], [ShipFitId], [ComponentId], [BuyPrice], [SellPrice], [Quantity], [SlotType]) VALUES (613, 10, 11269, 821144.6955, 869999.99, 1, 4)
INSERT [dbo].[ShipFitComponents] ([ShipFitComponentId], [ShipFitId], [ComponentId], [BuyPrice], [SellPrice], [Quantity], [SlotType]) VALUES (614, 10, 11325, 994954.07040000008, 1073023.72, 1, 4)
INSERT [dbo].[ShipFitComponents] ([ShipFitComponentId], [ShipFitId], [ComponentId], [BuyPrice], [SellPrice], [Quantity], [SlotType]) VALUES (615, 10, 23025, 697.9706, 723.74, 2000, 8)
INSERT [dbo].[ShipFitComponents] ([ShipFitComponentId], [ShipFitId], [ComponentId], [BuyPrice], [SellPrice], [Quantity], [SlotType]) VALUES (616, 10, 23031, 688.82, 750.12, 2000, 8)
INSERT [dbo].[ShipFitComponents] ([ShipFitComponentId], [ShipFitId], [ComponentId], [BuyPrice], [SellPrice], [Quantity], [SlotType]) VALUES (617, 10, 28668, 17174.9389, 17447.99, 30, 8)
INSERT [dbo].[ShipFitComponents] ([ShipFitComponentId], [ShipFitId], [ComponentId], [BuyPrice], [SellPrice], [Quantity], [SlotType]) VALUES (618, 10, 31055, 2577722.8888, 2698993, 2, 5)
INSERT [dbo].[ShipFitComponents] ([ShipFitComponentId], [ShipFitId], [ComponentId], [BuyPrice], [SellPrice], [Quantity], [SlotType]) VALUES (619, 10, 31360, 4802550, 4944984.97, 1, 5)
INSERT [dbo].[ShipFitComponents] ([ShipFitComponentId], [ShipFitId], [ComponentId], [BuyPrice], [SellPrice], [Quantity], [SlotType]) VALUES (620, 11, 448, 1161500.0707, 1238784.33, 1, 3)
INSERT [dbo].[ShipFitComponents] ([ShipFitComponentId], [ShipFitId], [ComponentId], [BuyPrice], [SellPrice], [Quantity], [SlotType]) VALUES (621, 11, 627, 10296928.3052, 10725497.28, 1, 1)
INSERT [dbo].[ShipFitComponents] ([ShipFitComponentId], [ShipFitId], [ComponentId], [BuyPrice], [SellPrice], [Quantity], [SlotType]) VALUES (622, 11, 2048, 646501.1111, 674248.97, 1, 4)
INSERT [dbo].[ShipFitComponents] ([ShipFitComponentId], [ShipFitId], [ComponentId], [BuyPrice], [SellPrice], [Quantity], [SlotType]) VALUES (623, 11, 2185, 656521.0282, 779994.47, 5, 7)
INSERT [dbo].[ShipFitComponents] ([ShipFitComponentId], [ShipFitId], [ComponentId], [BuyPrice], [SellPrice], [Quantity], [SlotType]) VALUES (624, 11, 3130, 1385245.7949, 1450092.8, 5, 2)
INSERT [dbo].[ShipFitComponents] ([ShipFitComponentId], [ShipFitId], [ComponentId], [BuyPrice], [SellPrice], [Quantity], [SlotType]) VALUES (625, 11, 4025, 168670.14140000002, 179999.96, 2, 3)
INSERT [dbo].[ShipFitComponents] ([ShipFitComponentId], [ShipFitId], [ComponentId], [BuyPrice], [SellPrice], [Quantity], [SlotType]) VALUES (626, 11, 5975, 17129.6303, 17789.95, 1, 3)
INSERT [dbo].[ShipFitComponents] ([ShipFitComponentId], [ShipFitId], [ComponentId], [BuyPrice], [SellPrice], [Quantity], [SlotType]) VALUES (627, 11, 10190, 974650.0303, 1007650.73, 2, 4)
INSERT [dbo].[ShipFitComponents] ([ShipFitComponentId], [ShipFitId], [ComponentId], [BuyPrice], [SellPrice], [Quantity], [SlotType]) VALUES (628, 11, 11269, 904961.07060000009, 929999.66, 1, 4)
INSERT [dbo].[ShipFitComponents] ([ShipFitComponentId], [ShipFitId], [ComponentId], [BuyPrice], [SellPrice], [Quantity], [SlotType]) VALUES (629, 11, 11325, 990810.5252, 1075741.16, 1, 4)
INSERT [dbo].[ShipFitComponents] ([ShipFitComponentId], [ShipFitId], [ComponentId], [BuyPrice], [SellPrice], [Quantity], [SlotType]) VALUES (630, 11, 12785, 223.74530000000001, 232.43, 2000, 8)
INSERT [dbo].[ShipFitComponents] ([ShipFitComponentId], [ShipFitId], [ComponentId], [BuyPrice], [SellPrice], [Quantity], [SlotType]) VALUES (631, 11, 12789, 186.6076, 198.97, 2000, 8)
INSERT [dbo].[ShipFitComponents] ([ShipFitComponentId], [ShipFitId], [ComponentId], [BuyPrice], [SellPrice], [Quantity], [SlotType]) VALUES (632, 11, 23025, 684.9012, 713.73, 2000, 8)
INSERT [dbo].[ShipFitComponents] ([ShipFitComponentId], [ShipFitId], [ComponentId], [BuyPrice], [SellPrice], [Quantity], [SlotType]) VALUES (633, 11, 28668, 17375.959199999998, 17698.99, 30, 8)
INSERT [dbo].[ShipFitComponents] ([ShipFitComponentId], [ShipFitId], [ComponentId], [BuyPrice], [SellPrice], [Quantity], [SlotType]) VALUES (634, 11, 31055, 2331076.6872, 2556793.26, 2, 5)
INSERT [dbo].[ShipFitComponents] ([ShipFitComponentId], [ShipFitId], [ComponentId], [BuyPrice], [SellPrice], [Quantity], [SlotType]) VALUES (635, 11, 31360, 4645999.9899, 4709653.25, 1, 5)
INSERT [dbo].[ShipFitComponents] ([ShipFitComponentId], [ShipFitId], [ComponentId], [BuyPrice], [SellPrice], [Quantity], [SlotType]) VALUES (636, 12, 627, 10302000.9393, 10594999.37, 1, 1)
INSERT [dbo].[ShipFitComponents] ([ShipFitComponentId], [ShipFitId], [ComponentId], [BuyPrice], [SellPrice], [Quantity], [SlotType]) VALUES (637, 12, 1541, 589841.1514, 618999.72, 1, 4)
INSERT [dbo].[ShipFitComponents] ([ShipFitComponentId], [ShipFitId], [ComponentId], [BuyPrice], [SellPrice], [Quantity], [SlotType]) VALUES (638, 12, 1978, 900489.69959999993, 917887.42, 1, 3)
INSERT [dbo].[ShipFitComponents] ([ShipFitComponentId], [ShipFitId], [ComponentId], [BuyPrice], [SellPrice], [Quantity], [SlotType]) VALUES (639, 12, 1999, 858514.0895, 911967.85, 1, 4)
INSERT [dbo].[ShipFitComponents] ([ShipFitComponentId], [ShipFitId], [ComponentId], [BuyPrice], [SellPrice], [Quantity], [SlotType]) VALUES (640, 12, 2048, 651463.6047, 694487.48, 1, 4)
INSERT [dbo].[ShipFitComponents] ([ShipFitComponentId], [ShipFitId], [ComponentId], [BuyPrice], [SellPrice], [Quantity], [SlotType]) VALUES (641, 12, 2281, 1606174.9927, 1666998.96, 1, 3)
INSERT [dbo].[ShipFitComponents] ([ShipFitComponentId], [ShipFitId], [ComponentId], [BuyPrice], [SellPrice], [Quantity], [SlotType]) VALUES (642, 12, 2486, 7908.4110999999994, 8594.97, 5, 7)
INSERT [dbo].[ShipFitComponents] ([ShipFitComponentId], [ShipFitId], [ComponentId], [BuyPrice], [SellPrice], [Quantity], [SlotType]) VALUES (643, 12, 3841, 790064.824, 832005.6, 1, 3)
INSERT [dbo].[ShipFitComponents] ([ShipFitComponentId], [ShipFitId], [ComponentId], [BuyPrice], [SellPrice], [Quantity], [SlotType]) VALUES (644, 12, 7367, 665697.64579999994, 719983.84, 5, 2)
INSERT [dbo].[ShipFitComponents] ([ShipFitComponentId], [ShipFitId], [ComponentId], [BuyPrice], [SellPrice], [Quantity], [SlotType]) VALUES (645, 12, 10190, 940258.1769, 947998.98, 2, 4)
INSERT [dbo].[ShipFitComponents] ([ShipFitComponentId], [ShipFitId], [ComponentId], [BuyPrice], [SellPrice], [Quantity], [SlotType]) VALUES (646, 12, 12058, 1868596.9701, 1947981.7, 1, 3)
GO
INSERT [dbo].[ShipFitComponents] ([ShipFitComponentId], [ShipFitId], [ComponentId], [BuyPrice], [SellPrice], [Quantity], [SlotType]) VALUES (647, 12, 23025, 687.81000000000006, 710.73, 2000, 8)
INSERT [dbo].[ShipFitComponents] ([ShipFitComponentId], [ShipFitId], [ComponentId], [BuyPrice], [SellPrice], [Quantity], [SlotType]) VALUES (648, 12, 23031, 454.5606, 746.04, 2000, 8)
INSERT [dbo].[ShipFitComponents] ([ShipFitComponentId], [ShipFitId], [ComponentId], [BuyPrice], [SellPrice], [Quantity], [SlotType]) VALUES (649, 12, 23037, 648.52100000000007, 714.8, 2000, 8)
INSERT [dbo].[ShipFitComponents] ([ShipFitComponentId], [ShipFitId], [ComponentId], [BuyPrice], [SellPrice], [Quantity], [SlotType]) VALUES (650, 12, 23707, 6067.0801, 7494.99, 5, 7)
INSERT [dbo].[ShipFitComponents] ([ShipFitComponentId], [ShipFitId], [ComponentId], [BuyPrice], [SellPrice], [Quantity], [SlotType]) VALUES (651, 12, 28668, 17271.5252, 17984.9, 30, 8)
INSERT [dbo].[ShipFitComponents] ([ShipFitComponentId], [ShipFitId], [ComponentId], [BuyPrice], [SellPrice], [Quantity], [SlotType]) VALUES (652, 12, 28999, 9918.8161, 27368.74, 1, 8)
INSERT [dbo].[ShipFitComponents] ([ShipFitComponentId], [ShipFitId], [ComponentId], [BuyPrice], [SellPrice], [Quantity], [SlotType]) VALUES (653, 12, 29001, 9799.0301, 10776.41, 1, 8)
INSERT [dbo].[ShipFitComponents] ([ShipFitComponentId], [ShipFitId], [ComponentId], [BuyPrice], [SellPrice], [Quantity], [SlotType]) VALUES (654, 12, 31360, 4192512.0806, 4709699.68, 1, 5)
INSERT [dbo].[ShipFitComponents] ([ShipFitComponentId], [ShipFitId], [ComponentId], [BuyPrice], [SellPrice], [Quantity], [SlotType]) VALUES (655, 12, 31718, 95950.0303, 116998.99, 1, 5)
INSERT [dbo].[ShipFitComponents] ([ShipFitComponentId], [ShipFitId], [ComponentId], [BuyPrice], [SellPrice], [Quantity], [SlotType]) VALUES (656, 12, 31790, 1943668.8460000001, 2097977.24, 1, 5)
INSERT [dbo].[ShipFitComponents] ([ShipFitComponentId], [ShipFitId], [ComponentId], [BuyPrice], [SellPrice], [Quantity], [SlotType]) VALUES (657, 13, 627, 9858610, 10049994.97, 1, 1)
INSERT [dbo].[ShipFitComponents] ([ShipFitComponentId], [ShipFitId], [ComponentId], [BuyPrice], [SellPrice], [Quantity], [SlotType]) VALUES (658, 13, 1978, 980716.06, 1027294.58, 1, 3)
INSERT [dbo].[ShipFitComponents] ([ShipFitComponentId], [ShipFitId], [ComponentId], [BuyPrice], [SellPrice], [Quantity], [SlotType]) VALUES (659, 13, 1999, 876271.6065, 933978.63, 1, 4)
INSERT [dbo].[ShipFitComponents] ([ShipFitComponentId], [ShipFitId], [ComponentId], [BuyPrice], [SellPrice], [Quantity], [SlotType]) VALUES (660, 13, 2048, 733066.0901, 822900, 1, 4)
INSERT [dbo].[ShipFitComponents] ([ShipFitComponentId], [ShipFitId], [ComponentId], [BuyPrice], [SellPrice], [Quantity], [SlotType]) VALUES (661, 13, 2281, 1616009.7869, 1650234.76, 1, 3)
INSERT [dbo].[ShipFitComponents] ([ShipFitComponentId], [ShipFitId], [ComponentId], [BuyPrice], [SellPrice], [Quantity], [SlotType]) VALUES (662, 13, 2488, 431270.2626, 441950.95, 5, 7)
INSERT [dbo].[ShipFitComponents] ([ShipFitComponentId], [ShipFitId], [ComponentId], [BuyPrice], [SellPrice], [Quantity], [SlotType]) VALUES (663, 13, 3841, 798121.9374, 830975.84, 1, 3)
INSERT [dbo].[ShipFitComponents] ([ShipFitComponentId], [ShipFitId], [ComponentId], [BuyPrice], [SellPrice], [Quantity], [SlotType]) VALUES (664, 13, 7367, 1484701.2524, 1838985.98, 5, 2)
INSERT [dbo].[ShipFitComponents] ([ShipFitComponentId], [ShipFitId], [ComponentId], [BuyPrice], [SellPrice], [Quantity], [SlotType]) VALUES (665, 13, 10190, 950420.2111, 979889.75, 3, 4)
INSERT [dbo].[ShipFitComponents] ([ShipFitComponentId], [ShipFitId], [ComponentId], [BuyPrice], [SellPrice], [Quantity], [SlotType]) VALUES (666, 13, 12058, 2282615.1601, 2486785.07, 1, 3)
INSERT [dbo].[ShipFitComponents] ([ShipFitComponentId], [ShipFitId], [ComponentId], [BuyPrice], [SellPrice], [Quantity], [SlotType]) VALUES (667, 13, 23025, 662.6408, 699.52, 2000, 8)
INSERT [dbo].[ShipFitComponents] ([ShipFitComponentId], [ShipFitId], [ComponentId], [BuyPrice], [SellPrice], [Quantity], [SlotType]) VALUES (668, 13, 23031, 627.3615, 726.96, 2000, 8)
INSERT [dbo].[ShipFitComponents] ([ShipFitComponentId], [ShipFitId], [ComponentId], [BuyPrice], [SellPrice], [Quantity], [SlotType]) VALUES (669, 13, 23037, 636.3, 759.99, 2000, 8)
INSERT [dbo].[ShipFitComponents] ([ShipFitComponentId], [ShipFitId], [ComponentId], [BuyPrice], [SellPrice], [Quantity], [SlotType]) VALUES (670, 13, 23707, 7697.2605, 8049.36, 5, 7)
INSERT [dbo].[ShipFitComponents] ([ShipFitComponentId], [ShipFitId], [ComponentId], [BuyPrice], [SellPrice], [Quantity], [SlotType]) VALUES (671, 13, 28668, 16538.931800000002, 16946.58, 30, 8)
INSERT [dbo].[ShipFitComponents] ([ShipFitComponentId], [ShipFitId], [ComponentId], [BuyPrice], [SellPrice], [Quantity], [SlotType]) VALUES (672, 13, 28999, 8484, 9000, 1, 8)
INSERT [dbo].[ShipFitComponents] ([ShipFitComponentId], [ShipFitId], [ComponentId], [BuyPrice], [SellPrice], [Quantity], [SlotType]) VALUES (673, 13, 29001, 8736.5, 9388.86, 1, 8)
INSERT [dbo].[ShipFitComponents] ([ShipFitComponentId], [ShipFitId], [ComponentId], [BuyPrice], [SellPrice], [Quantity], [SlotType]) VALUES (674, 13, 31360, 4545000.3636000007, 4619983.91, 1, 5)
INSERT [dbo].[ShipFitComponents] ([ShipFitComponentId], [ShipFitId], [ComponentId], [BuyPrice], [SellPrice], [Quantity], [SlotType]) VALUES (675, 13, 31718, 92249.1479, 109919.18, 1, 5)
INSERT [dbo].[ShipFitComponents] ([ShipFitComponentId], [ShipFitId], [ComponentId], [BuyPrice], [SellPrice], [Quantity], [SlotType]) VALUES (676, 13, 31790, 2020033.4108000002, 2109998.71, 1, 5)
INSERT [dbo].[ShipFitComponents] ([ShipFitComponentId], [ShipFitId], [ComponentId], [BuyPrice], [SellPrice], [Quantity], [SlotType]) VALUES (677, 14, 631, 7968918.18, 8820014.24, 1, 1)
INSERT [dbo].[ShipFitComponents] ([ShipFitComponentId], [ShipFitId], [ComponentId], [BuyPrice], [SellPrice], [Quantity], [SlotType]) VALUES (678, 14, 2048, 687913.0301, 695910.78, 1, 4)
INSERT [dbo].[ShipFitComponents] ([ShipFitComponentId], [ShipFitId], [ComponentId], [BuyPrice], [SellPrice], [Quantity], [SlotType]) VALUES (679, 14, 2281, 1617013.1512000002, 1666861.87, 2, 3)
INSERT [dbo].[ShipFitComponents] ([ShipFitComponentId], [ShipFitId], [ComponentId], [BuyPrice], [SellPrice], [Quantity], [SlotType]) VALUES (680, 14, 2301, 1318053.1815, 1455749.48, 1, 3)
INSERT [dbo].[ShipFitComponents] ([ShipFitComponentId], [ShipFitId], [ComponentId], [BuyPrice], [SellPrice], [Quantity], [SlotType]) VALUES (681, 14, 6005, 3497.8623000000002, 3985.87, 1, 3)
INSERT [dbo].[ShipFitComponents] ([ShipFitComponentId], [ShipFitId], [ComponentId], [BuyPrice], [SellPrice], [Quantity], [SlotType]) VALUES (682, 14, 8173, 379760.0101, 432900.81, 4, 4)
INSERT [dbo].[ShipFitComponents] ([ShipFitComponentId], [ShipFitId], [ComponentId], [BuyPrice], [SellPrice], [Quantity], [SlotType]) VALUES (683, 14, 8529, 97771.6562, 106999.82, 1, 3)
INSERT [dbo].[ShipFitComponents] ([ShipFitComponentId], [ShipFitId], [ComponentId], [BuyPrice], [SellPrice], [Quantity], [SlotType]) VALUES (684, 14, 8585, 215338.4337, 253783.21, 3, 2)
INSERT [dbo].[ShipFitComponents] ([ShipFitComponentId], [ShipFitId], [ComponentId], [BuyPrice], [SellPrice], [Quantity], [SlotType]) VALUES (685, 14, 23707, 6422.5293999999994, 7494.15, 4, 7)
INSERT [dbo].[ShipFitComponents] ([ShipFitComponentId], [ShipFitId], [ComponentId], [BuyPrice], [SellPrice], [Quantity], [SlotType]) VALUES (686, 14, 23711, 9443.8131, 10899.99, 5, 7)
INSERT [dbo].[ShipFitComponents] ([ShipFitComponentId], [ShipFitId], [ComponentId], [BuyPrice], [SellPrice], [Quantity], [SlotType]) VALUES (687, 14, 28668, 17216.6014, 17420.41, 30, 8)
INSERT [dbo].[ShipFitComponents] ([ShipFitComponentId], [ShipFitId], [ComponentId], [BuyPrice], [SellPrice], [Quantity], [SlotType]) VALUES (688, 14, 31754, 115141.1716, 141889.09, 1, 5)
INSERT [dbo].[ShipFitComponents] ([ShipFitComponentId], [ShipFitId], [ComponentId], [BuyPrice], [SellPrice], [Quantity], [SlotType]) VALUES (689, 14, 31790, 1975561.0706, 2116870.61, 2, 5)
INSERT [dbo].[ShipFitComponents] ([ShipFitComponentId], [ShipFitId], [ComponentId], [BuyPrice], [SellPrice], [Quantity], [SlotType]) VALUES (690, 15, 621, 10352515.1702, 10600015, 1, 1)
INSERT [dbo].[ShipFitComponents] ([ShipFitComponentId], [ShipFitId], [ComponentId], [BuyPrice], [SellPrice], [Quantity], [SlotType]) VALUES (691, 15, 2048, 651782.8556, 669998.92, 1, 4)
INSERT [dbo].[ShipFitComponents] ([ShipFitComponentId], [ShipFitId], [ComponentId], [BuyPrice], [SellPrice], [Quantity], [SlotType]) VALUES (692, 15, 2281, 1631038.8596, 1667871.88, 1, 3)
INSERT [dbo].[ShipFitComponents] ([ShipFitComponentId], [ShipFitId], [ComponentId], [BuyPrice], [SellPrice], [Quantity], [SlotType]) VALUES (693, 15, 2301, 1363504.6056000001, 1444923.95, 1, 3)
INSERT [dbo].[ShipFitComponents] ([ShipFitComponentId], [ShipFitId], [ComponentId], [BuyPrice], [SellPrice], [Quantity], [SlotType]) VALUES (694, 15, 3841, 819115.26209999993, 822898.34, 2, 3)
INSERT [dbo].[ShipFitComponents] ([ShipFitComponentId], [ShipFitId], [ComponentId], [BuyPrice], [SellPrice], [Quantity], [SlotType]) VALUES (695, 15, 8027, 267670.75549999997, 487498.98, 5, 2)
INSERT [dbo].[ShipFitComponents] ([ShipFitComponentId], [ShipFitId], [ComponentId], [BuyPrice], [SellPrice], [Quantity], [SlotType]) VALUES (696, 15, 12058, 2162419.3728, 2189008.94, 1, 3)
INSERT [dbo].[ShipFitComponents] ([ShipFitComponentId], [ShipFitId], [ComponentId], [BuyPrice], [SellPrice], [Quantity], [SlotType]) VALUES (697, 15, 22291, 864560.44439999992, 886991.98, 3, 4)
INSERT [dbo].[ShipFitComponents] ([ShipFitComponentId], [ShipFitId], [ComponentId], [BuyPrice], [SellPrice], [Quantity], [SlotType]) VALUES (698, 15, 23707, 7070.6060000000007, 10199.75, 2, 7)
INSERT [dbo].[ShipFitComponents] ([ShipFitComponentId], [ShipFitId], [ComponentId], [BuyPrice], [SellPrice], [Quantity], [SlotType]) VALUES (699, 15, 27387, 894.5469, 941.99, 1000, 8)
INSERT [dbo].[ShipFitComponents] ([ShipFitComponentId], [ShipFitId], [ComponentId], [BuyPrice], [SellPrice], [Quantity], [SlotType]) VALUES (700, 15, 28668, 16786.179799999998, 17100, 30, 8)
INSERT [dbo].[ShipFitComponents] ([ShipFitComponentId], [ShipFitId], [ComponentId], [BuyPrice], [SellPrice], [Quantity], [SlotType]) VALUES (701, 15, 31754, 138370.0202, 140000, 1, 5)
INSERT [dbo].[ShipFitComponents] ([ShipFitComponentId], [ShipFitId], [ComponentId], [BuyPrice], [SellPrice], [Quantity], [SlotType]) VALUES (702, 15, 31790, 1986670.0202000001, 2049999.26, 2, 5)
INSERT [dbo].[ShipFitComponents] ([ShipFitComponentId], [ShipFitId], [ComponentId], [BuyPrice], [SellPrice], [Quantity], [SlotType]) VALUES (703, 16, 255, 72723.6865, 89999.99, 8, 8)
INSERT [dbo].[ShipFitComponents] ([ShipFitComponentId], [ShipFitId], [ComponentId], [BuyPrice], [SellPrice], [Quantity], [SlotType]) VALUES (704, 16, 258, 28078.0202, 34999.99, 8, 8)
INSERT [dbo].[ShipFitComponents] ([ShipFitComponentId], [ShipFitId], [ComponentId], [BuyPrice], [SellPrice], [Quantity], [SlotType]) VALUES (705, 16, 262, 84840.0303, 91787.9, 8, 8)
INSERT [dbo].[ShipFitComponents] ([ShipFitComponentId], [ShipFitId], [ComponentId], [BuyPrice], [SellPrice], [Quantity], [SlotType]) VALUES (706, 16, 1978, 870632.1705, 969899.28, 1, 3)
INSERT [dbo].[ShipFitComponents] ([ShipFitComponentId], [ShipFitId], [ComponentId], [BuyPrice], [SellPrice], [Quantity], [SlotType]) VALUES (707, 16, 2032, 560551.07060000009, 571598.85, 1, 3)
INSERT [dbo].[ShipFitComponents] ([ShipFitComponentId], [ShipFitId], [ComponentId], [BuyPrice], [SellPrice], [Quantity], [SlotType]) VALUES (708, 16, 2048, 646721.9173, 678899.93, 1, 4)
INSERT [dbo].[ShipFitComponents] ([ShipFitComponentId], [ShipFitId], [ComponentId], [BuyPrice], [SellPrice], [Quantity], [SlotType]) VALUES (709, 16, 2364, 737311.1504, 762971.82, 3, 4)
INSERT [dbo].[ShipFitComponents] ([ShipFitComponentId], [ShipFitId], [ComponentId], [BuyPrice], [SellPrice], [Quantity], [SlotType]) VALUES (710, 16, 4302, 65246000.1919, 66834999.94, 1, 1)
INSERT [dbo].[ShipFitComponents] ([ShipFitComponentId], [ShipFitId], [ComponentId], [BuyPrice], [SellPrice], [Quantity], [SlotType]) VALUES (711, 16, 7087, 560551.01, 635445.29, 8, 2)
INSERT [dbo].[ShipFitComponents] ([ShipFitComponentId], [ShipFitId], [ComponentId], [BuyPrice], [SellPrice], [Quantity], [SlotType]) VALUES (712, 16, 11269, 858601.0505, 943855.24, 1, 4)
INSERT [dbo].[ShipFitComponents] ([ShipFitComponentId], [ShipFitId], [ComponentId], [BuyPrice], [SellPrice], [Quantity], [SlotType]) VALUES (713, 16, 11325, 971213.3437, 1085524.28, 1, 4)
INSERT [dbo].[ShipFitComponents] ([ShipFitComponentId], [ShipFitId], [ComponentId], [BuyPrice], [SellPrice], [Quantity], [SlotType]) VALUES (714, 16, 12058, 2031111.0201, 2238999.99, 1, 3)
INSERT [dbo].[ShipFitComponents] ([ShipFitComponentId], [ShipFitId], [ComponentId], [BuyPrice], [SellPrice], [Quantity], [SlotType]) VALUES (715, 16, 28668, 17080.4332, 17340, 30, 8)
INSERT [dbo].[ShipFitComponents] ([ShipFitComponentId], [ShipFitId], [ComponentId], [BuyPrice], [SellPrice], [Quantity], [SlotType]) VALUES (716, 16, 28999, 12686.0848, 14499.83, 1, 8)
INSERT [dbo].[ShipFitComponents] ([ShipFitComponentId], [ShipFitId], [ComponentId], [BuyPrice], [SellPrice], [Quantity], [SlotType]) VALUES (717, 16, 29001, 8999.1303, 9585.86, 1, 8)
INSERT [dbo].[ShipFitComponents] ([ShipFitComponentId], [ShipFitId], [ComponentId], [BuyPrice], [SellPrice], [Quantity], [SlotType]) VALUES (718, 16, 31444, 102010.2424, 298641.14, 1, 5)
INSERT [dbo].[ShipFitComponents] ([ShipFitComponentId], [ShipFitId], [ComponentId], [BuyPrice], [SellPrice], [Quantity], [SlotType]) VALUES (719, 16, 31456, 171702.1816, 289976.16, 1, 5)
INSERT [dbo].[ShipFitComponents] ([ShipFitComponentId], [ShipFitId], [ComponentId], [BuyPrice], [SellPrice], [Quantity], [SlotType]) VALUES (720, 17, 255, 75756.6458, 112989.99, 8, 8)
INSERT [dbo].[ShipFitComponents] ([ShipFitComponentId], [ShipFitId], [ComponentId], [BuyPrice], [SellPrice], [Quantity], [SlotType]) VALUES (721, 17, 258, 29291.4039, 32997.6, 8, 8)
INSERT [dbo].[ShipFitComponents] ([ShipFitComponentId], [ShipFitId], [ComponentId], [BuyPrice], [SellPrice], [Quantity], [SlotType]) VALUES (722, 17, 262, 87882.806799999991, 93682.56, 8, 8)
INSERT [dbo].[ShipFitComponents] ([ShipFitComponentId], [ShipFitId], [ComponentId], [BuyPrice], [SellPrice], [Quantity], [SlotType]) VALUES (723, 17, 1978, 886779.1718, 903000, 1, 3)
INSERT [dbo].[ShipFitComponents] ([ShipFitComponentId], [ShipFitId], [ComponentId], [BuyPrice], [SellPrice], [Quantity], [SlotType]) VALUES (724, 17, 2032, 551563.1715, 571496.56, 1, 3)
INSERT [dbo].[ShipFitComponents] ([ShipFitComponentId], [ShipFitId], [ComponentId], [BuyPrice], [SellPrice], [Quantity], [SlotType]) VALUES (725, 17, 2048, 651553.1008, 659836.58, 1, 4)
INSERT [dbo].[ShipFitComponents] ([ShipFitComponentId], [ShipFitId], [ComponentId], [BuyPrice], [SellPrice], [Quantity], [SlotType]) VALUES (726, 17, 2364, 690840.2626, 714886.92, 3, 4)
INSERT [dbo].[ShipFitComponents] ([ShipFitComponentId], [ShipFitId], [ComponentId], [BuyPrice], [SellPrice], [Quantity], [SlotType]) VALUES (727, 17, 3057, 2918909.9687, 3082337.7, 8, 2)
INSERT [dbo].[ShipFitComponents] ([ShipFitComponentId], [ShipFitId], [ComponentId], [BuyPrice], [SellPrice], [Quantity], [SlotType]) VALUES (728, 17, 4302, 65657156.3247, 68095141.85, 1, 1)
INSERT [dbo].[ShipFitComponents] ([ShipFitComponentId], [ShipFitId], [ComponentId], [BuyPrice], [SellPrice], [Quantity], [SlotType]) VALUES (729, 17, 11269, 878712.8472, 927960.98, 1, 4)
INSERT [dbo].[ShipFitComponents] ([ShipFitComponentId], [ShipFitId], [ComponentId], [BuyPrice], [SellPrice], [Quantity], [SlotType]) VALUES (730, 17, 11325, 981720.6464, 1014245.06, 1, 4)
INSERT [dbo].[ShipFitComponents] ([ShipFitComponentId], [ShipFitId], [ComponentId], [BuyPrice], [SellPrice], [Quantity], [SlotType]) VALUES (731, 17, 12058, 1818000.2525, 2049998.86, 1, 3)
INSERT [dbo].[ShipFitComponents] ([ShipFitComponentId], [ShipFitId], [ComponentId], [BuyPrice], [SellPrice], [Quantity], [SlotType]) VALUES (732, 17, 28668, 17169.2728, 17594.99, 30, 8)
INSERT [dbo].[ShipFitComponents] ([ShipFitComponentId], [ShipFitId], [ComponentId], [BuyPrice], [SellPrice], [Quantity], [SlotType]) VALUES (733, 17, 28999, 9606.4129999999986, 27499.92, 1, 8)
INSERT [dbo].[ShipFitComponents] ([ShipFitComponentId], [ShipFitId], [ComponentId], [BuyPrice], [SellPrice], [Quantity], [SlotType]) VALUES (734, 17, 29001, 13130.1919, 19999.83, 1, 8)
INSERT [dbo].[ShipFitComponents] ([ShipFitComponentId], [ShipFitId], [ComponentId], [BuyPrice], [SellPrice], [Quantity], [SlotType]) VALUES (735, 17, 31444, 151500.0303, 187406.74, 1, 5)
INSERT [dbo].[ShipFitComponents] ([ShipFitComponentId], [ShipFitId], [ComponentId], [BuyPrice], [SellPrice], [Quantity], [SlotType]) VALUES (736, 17, 31456, 153016.0706, 403147.13, 1, 5)
INSERT [dbo].[ShipFitComponents] ([ShipFitComponentId], [ShipFitId], [ComponentId], [BuyPrice], [SellPrice], [Quantity], [SlotType]) VALUES (737, 18, 634, 8534500.0302999988, 8880555.55, 1, 1)
INSERT [dbo].[ShipFitComponents] ([ShipFitComponentId], [ShipFitId], [ComponentId], [BuyPrice], [SellPrice], [Quantity], [SlotType]) VALUES (738, 18, 1447, 681729.4566, 705993.2, 1, 4)
INSERT [dbo].[ShipFitComponents] ([ShipFitComponentId], [ShipFitId], [ComponentId], [BuyPrice], [SellPrice], [Quantity], [SlotType]) VALUES (739, 18, 1952, 1011031.1292000001, 1098999.85, 1, 3)
INSERT [dbo].[ShipFitComponents] ([ShipFitComponentId], [ShipFitId], [ComponentId], [BuyPrice], [SellPrice], [Quantity], [SlotType]) VALUES (740, 18, 2048, 646711.787, 678899.92, 1, 4)
INSERT [dbo].[ShipFitComponents] ([ShipFitComponentId], [ShipFitId], [ComponentId], [BuyPrice], [SellPrice], [Quantity], [SlotType]) VALUES (741, 18, 3496, 983740, 1034936.35, 1, 3)
INSERT [dbo].[ShipFitComponents] ([ShipFitComponentId], [ShipFitId], [ComponentId], [BuyPrice], [SellPrice], [Quantity], [SlotType]) VALUES (742, 18, 6005, 3497.9128, 3747.29, 1, 3)
INSERT [dbo].[ShipFitComponents] ([ShipFitComponentId], [ShipFitId], [ComponentId], [BuyPrice], [SellPrice], [Quantity], [SlotType]) VALUES (743, 18, 11229, 447464.35010000004, 527925, 1, 4)
INSERT [dbo].[ShipFitComponents] ([ShipFitComponentId], [ShipFitId], [ComponentId], [BuyPrice], [SellPrice], [Quantity], [SlotType]) VALUES (744, 18, 11269, 858601.0505, 943855.24, 2, 4)
INSERT [dbo].[ShipFitComponents] ([ShipFitComponentId], [ShipFitId], [ComponentId], [BuyPrice], [SellPrice], [Quantity], [SlotType]) VALUES (745, 18, 16447, 2889935.7048, 3009997.99, 3, 2)
INSERT [dbo].[ShipFitComponents] ([ShipFitComponentId], [ShipFitId], [ComponentId], [BuyPrice], [SellPrice], [Quantity], [SlotType]) VALUES (746, 18, 20236, 50500.7171, 68461.44, 1, 3)
GO
INSERT [dbo].[ShipFitComponents] ([ShipFitComponentId], [ShipFitId], [ComponentId], [BuyPrice], [SellPrice], [Quantity], [SlotType]) VALUES (747, 18, 20351, 2121000.0404000003, 2185458, 1, 4)
INSERT [dbo].[ShipFitComponents] ([ShipFitComponentId], [ShipFitId], [ComponentId], [BuyPrice], [SellPrice], [Quantity], [SlotType]) VALUES (748, 18, 23707, 6698.7239999999993, 7455, 5, 7)
INSERT [dbo].[ShipFitComponents] ([ShipFitComponentId], [ShipFitId], [ComponentId], [BuyPrice], [SellPrice], [Quantity], [SlotType]) VALUES (749, 18, 23719, 8618.461299999999, 18299.85, 5, 7)
INSERT [dbo].[ShipFitComponents] ([ShipFitComponentId], [ShipFitId], [ComponentId], [BuyPrice], [SellPrice], [Quantity], [SlotType]) VALUES (750, 18, 28668, 17080.4332, 17340, 30, 8)
INSERT [dbo].[ShipFitComponents] ([ShipFitComponentId], [ShipFitId], [ComponentId], [BuyPrice], [SellPrice], [Quantity], [SlotType]) VALUES (751, 18, 29009, 10201, 10933.64, 1, 8)
INSERT [dbo].[ShipFitComponents] ([ShipFitComponentId], [ShipFitId], [ComponentId], [BuyPrice], [SellPrice], [Quantity], [SlotType]) VALUES (752, 18, 29011, 10111.473600000001, 13599.12, 1, 8)
INSERT [dbo].[ShipFitComponents] ([ShipFitComponentId], [ShipFitId], [ComponentId], [BuyPrice], [SellPrice], [Quantity], [SlotType]) VALUES (753, 18, 31055, 2678899.1439, 2773989.87, 1, 5)
INSERT [dbo].[ShipFitComponents] ([ShipFitComponentId], [ShipFitId], [ComponentId], [BuyPrice], [SellPrice], [Quantity], [SlotType]) VALUES (754, 18, 31073, 2666390.9302, 2840000, 2, 5)
INSERT [dbo].[ShipFitComponents] ([ShipFitComponentId], [ShipFitId], [ComponentId], [BuyPrice], [SellPrice], [Quantity], [SlotType]) VALUES (783, 21, 438, 1607698.5171, 1728998.65, 1, 3)
INSERT [dbo].[ShipFitComponents] ([ShipFitComponentId], [ShipFitId], [ComponentId], [BuyPrice], [SellPrice], [Quantity], [SlotType]) VALUES (784, 21, 2281, 1617010.0101, 1667399.38, 1, 3)
INSERT [dbo].[ShipFitComponents] ([ShipFitComponentId], [ShipFitId], [ComponentId], [BuyPrice], [SellPrice], [Quantity], [SlotType]) VALUES (785, 21, 8117, 351395.65489999996, 361492.93, 3, 2)
INSERT [dbo].[ShipFitComponents] ([ShipFitComponentId], [ShipFitId], [ComponentId], [BuyPrice], [SellPrice], [Quantity], [SlotType]) VALUES (786, 21, 8433, 618121.0908, 636998.99, 1, 3)
INSERT [dbo].[ShipFitComponents] ([ShipFitComponentId], [ShipFitId], [ComponentId], [BuyPrice], [SellPrice], [Quantity], [SlotType]) VALUES (787, 21, 11563, 225331, 247475.4, 1, 4)
INSERT [dbo].[ShipFitComponents] ([ShipFitComponentId], [ShipFitId], [ComponentId], [BuyPrice], [SellPrice], [Quantity], [SlotType]) VALUES (788, 21, 11578, 5555203.1312, 5644999.17, 1, 2)
INSERT [dbo].[ShipFitComponents] ([ShipFitComponentId], [ShipFitId], [ComponentId], [BuyPrice], [SellPrice], [Quantity], [SlotType]) VALUES (789, 21, 12034, 21321228.573000003, 23344952.97, 1, 1)
INSERT [dbo].[ShipFitComponents] ([ShipFitComponentId], [ShipFitId], [ComponentId], [BuyPrice], [SellPrice], [Quantity], [SlotType]) VALUES (790, 21, 22291, 870689.88189999992, 897797.78, 2, 4)
INSERT [dbo].[ShipFitComponents] ([ShipFitComponentId], [ShipFitId], [ComponentId], [BuyPrice], [SellPrice], [Quantity], [SlotType]) VALUES (791, 21, 26929, 23231.070600000003, 27874.86, 1, 5)
INSERT [dbo].[ShipFitComponents] ([ShipFitComponentId], [ShipFitId], [ComponentId], [BuyPrice], [SellPrice], [Quantity], [SlotType]) VALUES (792, 21, 27359, 2233.11, 2441.39, 1000, 8)
INSERT [dbo].[ShipFitComponents] ([ShipFitComponentId], [ShipFitId], [ComponentId], [BuyPrice], [SellPrice], [Quantity], [SlotType]) VALUES (793, 21, 28668, 16756.9605, 17044.83, 30, 8)
INSERT [dbo].[ShipFitComponents] ([ShipFitComponentId], [ShipFitId], [ComponentId], [BuyPrice], [SellPrice], [Quantity], [SlotType]) VALUES (794, 21, 31620, 462438.6202, 523578.89, 1, 5)
INSERT [dbo].[ShipFitComponents] ([ShipFitComponentId], [ShipFitId], [ComponentId], [BuyPrice], [SellPrice], [Quantity], [SlotType]) VALUES (795, 22, 2281, 1616019.4021, 1667899.59, 1, 3)
INSERT [dbo].[ShipFitComponents] ([ShipFitComponentId], [ShipFitId], [ComponentId], [BuyPrice], [SellPrice], [Quantity], [SlotType]) VALUES (796, 22, 6003, 20822.1701, 41302.9, 1, 3)
INSERT [dbo].[ShipFitComponents] ([ShipFitComponentId], [ShipFitId], [ComponentId], [BuyPrice], [SellPrice], [Quantity], [SlotType]) VALUES (797, 22, 8117, 343422.3715, 376879.9, 3, 2)
INSERT [dbo].[ShipFitComponents] ([ShipFitComponentId], [ShipFitId], [ComponentId], [BuyPrice], [SellPrice], [Quantity], [SlotType]) VALUES (798, 22, 8433, 606007.99920000008, 691188.37, 1, 3)
INSERT [dbo].[ShipFitComponents] ([ShipFitComponentId], [ShipFitId], [ComponentId], [BuyPrice], [SellPrice], [Quantity], [SlotType]) VALUES (799, 22, 11563, 232301.1312, 247862.99, 1, 4)
INSERT [dbo].[ShipFitComponents] ([ShipFitComponentId], [ShipFitId], [ComponentId], [BuyPrice], [SellPrice], [Quantity], [SlotType]) VALUES (800, 22, 11578, 5555202.0909, 5689945.63, 1, 2)
INSERT [dbo].[ShipFitComponents] ([ShipFitComponentId], [ShipFitId], [ComponentId], [BuyPrice], [SellPrice], [Quantity], [SlotType]) VALUES (801, 22, 12032, 21514015.3227, 22297994.29, 1, 1)
INSERT [dbo].[ShipFitComponents] ([ShipFitComponentId], [ShipFitId], [ComponentId], [BuyPrice], [SellPrice], [Quantity], [SlotType]) VALUES (802, 22, 19814, 202010.3222, 228728.37, 1, 3)
INSERT [dbo].[ShipFitComponents] ([ShipFitComponentId], [ShipFitId], [ComponentId], [BuyPrice], [SellPrice], [Quantity], [SlotType]) VALUES (803, 22, 22291, 872639.29300000006, 888126.92, 1, 4)
INSERT [dbo].[ShipFitComponents] ([ShipFitComponentId], [ShipFitId], [ComponentId], [BuyPrice], [SellPrice], [Quantity], [SlotType]) VALUES (804, 22, 27345, 2062.4604, 2349.94, 1000, 8)
INSERT [dbo].[ShipFitComponents] ([ShipFitComponentId], [ShipFitId], [ComponentId], [BuyPrice], [SellPrice], [Quantity], [SlotType]) VALUES (805, 22, 28668, 16666.141300000003, 17142.66, 30, 8)
INSERT [dbo].[ShipFitComponents] ([ShipFitComponentId], [ShipFitId], [ComponentId], [BuyPrice], [SellPrice], [Quantity], [SlotType]) VALUES (806, 22, 31586, 404006.3226, 449000, 1, 5)
INSERT [dbo].[ShipFitComponents] ([ShipFitComponentId], [ShipFitId], [ComponentId], [BuyPrice], [SellPrice], [Quantity], [SlotType]) VALUES (807, 22, 31620, 370670.0404, 524865.14, 1, 5)
INSERT [dbo].[ShipFitComponents] ([ShipFitComponentId], [ShipFitId], [ComponentId], [BuyPrice], [SellPrice], [Quantity], [SlotType]) VALUES (808, 23, 438, 1499956.3429, 1559296.81, 1, 3)
INSERT [dbo].[ShipFitComponents] ([ShipFitComponentId], [ShipFitId], [ComponentId], [BuyPrice], [SellPrice], [Quantity], [SlotType]) VALUES (809, 23, 2281, 1608528.7775, 1666977.44, 1, 3)
INSERT [dbo].[ShipFitComponents] ([ShipFitComponentId], [ShipFitId], [ComponentId], [BuyPrice], [SellPrice], [Quantity], [SlotType]) VALUES (810, 23, 8117, 255538.1204, 299996.99, 3, 2)
INSERT [dbo].[ShipFitComponents] ([ShipFitComponentId], [ShipFitId], [ComponentId], [BuyPrice], [SellPrice], [Quantity], [SlotType]) VALUES (811, 23, 8433, 601978.31130000006, 704999.18, 1, 3)
INSERT [dbo].[ShipFitComponents] ([ShipFitComponentId], [ShipFitId], [ComponentId], [BuyPrice], [SellPrice], [Quantity], [SlotType]) VALUES (812, 23, 11377, 19947500.030300003, 20299992.99, 1, 1)
INSERT [dbo].[ShipFitComponents] ([ShipFitComponentId], [ShipFitId], [ComponentId], [BuyPrice], [SellPrice], [Quantity], [SlotType]) VALUES (813, 23, 11563, 216144.2319, 271894, 1, 4)
INSERT [dbo].[ShipFitComponents] ([ShipFitComponentId], [ShipFitId], [ComponentId], [BuyPrice], [SellPrice], [Quantity], [SlotType]) VALUES (814, 23, 11578, 5456020.606, 5563086.54, 1, 2)
INSERT [dbo].[ShipFitComponents] ([ShipFitComponentId], [ShipFitId], [ComponentId], [BuyPrice], [SellPrice], [Quantity], [SlotType]) VALUES (815, 23, 19814, 202000.1818, 218994.67, 1, 3)
INSERT [dbo].[ShipFitComponents] ([ShipFitComponentId], [ShipFitId], [ComponentId], [BuyPrice], [SellPrice], [Quantity], [SlotType]) VALUES (816, 23, 22291, 792864.14, 812896.99, 1, 4)
INSERT [dbo].[ShipFitComponents] ([ShipFitComponentId], [ShipFitId], [ComponentId], [BuyPrice], [SellPrice], [Quantity], [SlotType]) VALUES (817, 23, 27351, 2429.0904, 2581.55, 1000, 8)
INSERT [dbo].[ShipFitComponents] ([ShipFitComponentId], [ShipFitId], [ComponentId], [BuyPrice], [SellPrice], [Quantity], [SlotType]) VALUES (818, 23, 28668, 17170.9292, 17667.92, 30, 8)
INSERT [dbo].[ShipFitComponents] ([ShipFitComponentId], [ShipFitId], [ComponentId], [BuyPrice], [SellPrice], [Quantity], [SlotType]) VALUES (819, 23, 31105, 139546.5187, 207965.97, 1, 5)
INSERT [dbo].[ShipFitComponents] ([ShipFitComponentId], [ShipFitId], [ComponentId], [BuyPrice], [SellPrice], [Quantity], [SlotType]) VALUES (820, 23, 31620, 388852.323, 509763.89, 1, 5)
INSERT [dbo].[ShipFitComponents] ([ShipFitComponentId], [ShipFitId], [ComponentId], [BuyPrice], [SellPrice], [Quantity], [SlotType]) VALUES (821, 24, 438, 1499951.202, 1561922.75, 1, 3)
INSERT [dbo].[ShipFitComponents] ([ShipFitComponentId], [ShipFitId], [ComponentId], [BuyPrice], [SellPrice], [Quantity], [SlotType]) VALUES (822, 24, 1236, 530253.9087, 626947.04, 1, 4)
INSERT [dbo].[ShipFitComponents] ([ShipFitComponentId], [ShipFitId], [ComponentId], [BuyPrice], [SellPrice], [Quantity], [SlotType]) VALUES (823, 24, 2281, 1666518.3012, 1699892.46, 1, 3)
INSERT [dbo].[ShipFitComponents] ([ShipFitComponentId], [ShipFitId], [ComponentId], [BuyPrice], [SellPrice], [Quantity], [SlotType]) VALUES (824, 24, 8117, 281892.03020000004, 315684.64, 3, 2)
INSERT [dbo].[ShipFitComponents] ([ShipFitComponentId], [ShipFitId], [ComponentId], [BuyPrice], [SellPrice], [Quantity], [SlotType]) VALUES (825, 24, 8433, 601960.9191, 640657.55, 1, 3)
INSERT [dbo].[ShipFitComponents] ([ShipFitComponentId], [ShipFitId], [ComponentId], [BuyPrice], [SellPrice], [Quantity], [SlotType]) VALUES (826, 24, 11578, 5575200.0404, 5717926.9, 1, 2)
INSERT [dbo].[ShipFitComponents] ([ShipFitComponentId], [ShipFitId], [ComponentId], [BuyPrice], [SellPrice], [Quantity], [SlotType]) VALUES (827, 24, 12038, 19191012.030100003, 20146991, 1, 1)
INSERT [dbo].[ShipFitComponents] ([ShipFitComponentId], [ShipFitId], [ComponentId], [BuyPrice], [SellPrice], [Quantity], [SlotType]) VALUES (828, 24, 22291, 780033.1101, 804997.3, 2, 4)
INSERT [dbo].[ShipFitComponents] ([ShipFitComponentId], [ShipFitId], [ComponentId], [BuyPrice], [SellPrice], [Quantity], [SlotType]) VALUES (829, 24, 26929, 22233.5441, 33223.53, 1, 5)
INSERT [dbo].[ShipFitComponents] ([ShipFitComponentId], [ShipFitId], [ComponentId], [BuyPrice], [SellPrice], [Quantity], [SlotType]) VALUES (830, 24, 27351, 2440.1802, 2598.98, 1000, 8)
INSERT [dbo].[ShipFitComponents] ([ShipFitComponentId], [ShipFitId], [ComponentId], [BuyPrice], [SellPrice], [Quantity], [SlotType]) VALUES (831, 24, 28668, 17375.959199999998, 17698.99, 30, 8)
INSERT [dbo].[ShipFitComponents] ([ShipFitComponentId], [ShipFitId], [ComponentId], [BuyPrice], [SellPrice], [Quantity], [SlotType]) VALUES (832, 24, 31620, 370673.07039999997, 449936.15, 1, 5)
INSERT [dbo].[ShipFitComponents] ([ShipFitComponentId], [ShipFitId], [ComponentId], [BuyPrice], [SellPrice], [Quantity], [SlotType]) VALUES (833, 25, 222, 26.7852, 27.35, 1000, 8)
INSERT [dbo].[ShipFitComponents] ([ShipFitComponentId], [ShipFitId], [ComponentId], [BuyPrice], [SellPrice], [Quantity], [SlotType]) VALUES (834, 25, 564, 27275.1005, 36489.79, 3, 2)
INSERT [dbo].[ShipFitComponents] ([ShipFitComponentId], [ShipFitId], [ComponentId], [BuyPrice], [SellPrice], [Quantity], [SlotType]) VALUES (835, 25, 608, 409133.72900000005, 499999.91, 1, 1)
INSERT [dbo].[ShipFitComponents] ([ShipFitComponentId], [ShipFitId], [ComponentId], [BuyPrice], [SellPrice], [Quantity], [SlotType]) VALUES (836, 25, 2046, 10622.4629, 10999.99, 1, 4)
INSERT [dbo].[ShipFitComponents] ([ShipFitComponentId], [ShipFitId], [ComponentId], [BuyPrice], [SellPrice], [Quantity], [SlotType]) VALUES (837, 25, 4029, 8477.1118, 9469.98, 1, 3)
INSERT [dbo].[ShipFitComponents] ([ShipFitComponentId], [ShipFitId], [ComponentId], [BuyPrice], [SellPrice], [Quantity], [SlotType]) VALUES (838, 25, 5441, 36769.555, 39479.94, 1, 3)
INSERT [dbo].[ShipFitComponents] ([ShipFitComponentId], [ShipFitId], [ComponentId], [BuyPrice], [SellPrice], [Quantity], [SlotType]) VALUES (839, 25, 5597, 67670.505, 84967.9, 1, 4)
INSERT [dbo].[ShipFitComponents] ([ShipFitComponentId], [ShipFitId], [ComponentId], [BuyPrice], [SellPrice], [Quantity], [SlotType]) VALUES (840, 25, 5629, 19291.1717, 49000, 1, 4)
INSERT [dbo].[ShipFitComponents] ([ShipFitComponentId], [ShipFitId], [ComponentId], [BuyPrice], [SellPrice], [Quantity], [SlotType]) VALUES (841, 25, 5971, 18562.5678, 93274.5, 1, 3)
INSERT [dbo].[ShipFitComponents] ([ShipFitComponentId], [ShipFitId], [ComponentId], [BuyPrice], [SellPrice], [Quantity], [SlotType]) VALUES (842, 26, 499, 17170.1616, 25989.98, 7, 2)
INSERT [dbo].[ShipFitComponents] ([ShipFitComponentId], [ShipFitId], [ComponentId], [BuyPrice], [SellPrice], [Quantity], [SlotType]) VALUES (843, 26, 1236, 627216.11050000007, 667609.89, 1, 4)
INSERT [dbo].[ShipFitComponents] ([ShipFitComponentId], [ShipFitId], [ComponentId], [BuyPrice], [SellPrice], [Quantity], [SlotType]) VALUES (844, 26, 1447, 804823.0753, 839497.86, 1, 4)
INSERT [dbo].[ShipFitComponents] ([ShipFitComponentId], [ShipFitId], [ComponentId], [BuyPrice], [SellPrice], [Quantity], [SlotType]) VALUES (845, 26, 1973, 37370.050500000005, 68944.96, 2, 3)
INSERT [dbo].[ShipFitComponents] ([ShipFitComponentId], [ShipFitId], [ComponentId], [BuyPrice], [SellPrice], [Quantity], [SlotType]) VALUES (846, 26, 5973, 267190.2581, 287390.35, 1, 3)
INSERT [dbo].[ShipFitComponents] ([ShipFitComponentId], [ShipFitId], [ComponentId], [BuyPrice], [SellPrice], [Quantity], [SlotType]) VALUES (847, 26, 22291, 798121.1799, 809000.69, 1, 4)
INSERT [dbo].[ShipFitComponents] ([ShipFitComponentId], [ShipFitId], [ComponentId], [BuyPrice], [SellPrice], [Quantity], [SlotType]) VALUES (848, 26, 27381, 968.59, 1131.95, 1120, 8)
INSERT [dbo].[ShipFitComponents] ([ShipFitComponentId], [ShipFitId], [ComponentId], [BuyPrice], [SellPrice], [Quantity], [SlotType]) VALUES (849, 26, 29009, 9395.5957, 11994.48, 2, 8)
INSERT [dbo].[ShipFitComponents] ([ShipFitComponentId], [ShipFitId], [ComponentId], [BuyPrice], [SellPrice], [Quantity], [SlotType]) VALUES (850, 26, 31598, 405011.1312, 449803.11, 2, 5)
INSERT [dbo].[ShipFitComponents] ([ShipFitComponentId], [ShipFitId], [ComponentId], [BuyPrice], [SellPrice], [Quantity], [SlotType]) VALUES (851, 26, 31608, 475614.353, 580870, 1, 5)
INSERT [dbo].[ShipFitComponents] ([ShipFitComponentId], [ShipFitId], [ComponentId], [BuyPrice], [SellPrice], [Quantity], [SlotType]) VALUES (852, 26, 32878, 1173620.0202000001, 1189993.95, 1, 1)
INSERT [dbo].[ShipFitComponents] ([ShipFitComponentId], [ShipFitId], [ComponentId], [BuyPrice], [SellPrice], [Quantity], [SlotType]) VALUES (868, 28, 499, 11110.0202, 19738.8, 7, 2)
INSERT [dbo].[ShipFitComponents] ([ShipFitComponentId], [ShipFitId], [ComponentId], [BuyPrice], [SellPrice], [Quantity], [SlotType]) VALUES (869, 28, 1236, 547309.3343000001, 588993.46, 1, 4)
INSERT [dbo].[ShipFitComponents] ([ShipFitComponentId], [ShipFitId], [ComponentId], [BuyPrice], [SellPrice], [Quantity], [SlotType]) VALUES (870, 28, 1447, 575205.67569999991, 623499.96, 1, 4)
INSERT [dbo].[ShipFitComponents] ([ShipFitComponentId], [ShipFitId], [ComponentId], [BuyPrice], [SellPrice], [Quantity], [SlotType]) VALUES (871, 28, 1952, 870637.271, 989898.99, 1, 3)
INSERT [dbo].[ShipFitComponents] ([ShipFitComponentId], [ShipFitId], [ComponentId], [BuyPrice], [SellPrice], [Quantity], [SlotType]) VALUES (872, 28, 5302, 1548634.01, 1593300.4, 1, 3)
INSERT [dbo].[ShipFitComponents] ([ShipFitComponentId], [ShipFitId], [ComponentId], [BuyPrice], [SellPrice], [Quantity], [SlotType]) VALUES (873, 28, 5973, 238524.23609999998, 254969.56, 1, 3)
INSERT [dbo].[ShipFitComponents] ([ShipFitComponentId], [ShipFitId], [ComponentId], [BuyPrice], [SellPrice], [Quantity], [SlotType]) VALUES (874, 28, 22291, 874660.3131, 893949.21, 1, 4)
INSERT [dbo].[ShipFitComponents] ([ShipFitComponentId], [ShipFitId], [ComponentId], [BuyPrice], [SellPrice], [Quantity], [SlotType]) VALUES (875, 28, 27381, 919.1, 998.43, 1120, 8)
INSERT [dbo].[ShipFitComponents] ([ShipFitComponentId], [ShipFitId], [ComponentId], [BuyPrice], [SellPrice], [Quantity], [SlotType]) VALUES (876, 28, 28668, 16569.201500000003, 17077.21, 15, 8)
INSERT [dbo].[ShipFitComponents] ([ShipFitComponentId], [ShipFitId], [ComponentId], [BuyPrice], [SellPrice], [Quantity], [SlotType]) VALUES (877, 28, 29009, 9494.505, 10216.06, 1, 8)
INSERT [dbo].[ShipFitComponents] ([ShipFitComponentId], [ShipFitId], [ComponentId], [BuyPrice], [SellPrice], [Quantity], [SlotType]) VALUES (878, 28, 29013, 8181, 9100.19, 1, 8)
INSERT [dbo].[ShipFitComponents] ([ShipFitComponentId], [ShipFitId], [ComponentId], [BuyPrice], [SellPrice], [Quantity], [SlotType]) VALUES (879, 28, 29015, 8181, 8800, 1, 8)
INSERT [dbo].[ShipFitComponents] ([ShipFitComponentId], [ShipFitId], [ComponentId], [BuyPrice], [SellPrice], [Quantity], [SlotType]) VALUES (880, 28, 31274, 181800.1313, 248264.24, 1, 5)
INSERT [dbo].[ShipFitComponents] ([ShipFitComponentId], [ShipFitId], [ComponentId], [BuyPrice], [SellPrice], [Quantity], [SlotType]) VALUES (881, 28, 31598, 306030.10099999997, 423981.82, 1, 5)
INSERT [dbo].[ShipFitComponents] ([ShipFitComponentId], [ShipFitId], [ComponentId], [BuyPrice], [SellPrice], [Quantity], [SlotType]) VALUES (882, 28, 31608, 278761.06049999996, 444960.12, 1, 5)
INSERT [dbo].[ShipFitComponents] ([ShipFitComponentId], [ShipFitId], [ComponentId], [BuyPrice], [SellPrice], [Quantity], [SlotType]) VALUES (883, 28, 32878, 1318162.8877, 1496468.17, 1, 1)
INSERT [dbo].[ShipFitComponents] ([ShipFitComponentId], [ShipFitId], [ComponentId], [BuyPrice], [SellPrice], [Quantity], [SlotType]) VALUES (925, 33, 520, 40905.222200000004, 52987.98, 1, 4)
INSERT [dbo].[ShipFitComponents] ([ShipFitComponentId], [ShipFitId], [ComponentId], [BuyPrice], [SellPrice], [Quantity], [SlotType]) VALUES (926, 33, 2046, 9298.8478000000014, 9998.97, 1, 4)
INSERT [dbo].[ShipFitComponents] ([ShipFitComponentId], [ShipFitId], [ComponentId], [BuyPrice], [SellPrice], [Quantity], [SlotType]) VALUES (927, 33, 4025, 168807.8953, 180000, 1, 3)
INSERT [dbo].[ShipFitComponents] ([ShipFitComponentId], [ShipFitId], [ComponentId], [BuyPrice], [SellPrice], [Quantity], [SlotType]) VALUES (928, 33, 5399, 20202.1513, 23585.23, 1, 3)
INSERT [dbo].[ShipFitComponents] ([ShipFitComponentId], [ShipFitId], [ComponentId], [BuyPrice], [SellPrice], [Quantity], [SlotType]) VALUES (929, 33, 5971, 20843.9255, 24998.91, 1, 3)
INSERT [dbo].[ShipFitComponents] ([ShipFitComponentId], [ShipFitId], [ComponentId], [BuyPrice], [SellPrice], [Quantity], [SlotType]) VALUES (930, 33, 8905, 45773.2, 46000, 7, 2)
GO
INSERT [dbo].[ShipFitComponents] ([ShipFitComponentId], [ShipFitId], [ComponentId], [BuyPrice], [SellPrice], [Quantity], [SlotType]) VALUES (931, 33, 16242, 970088.7895, 1000000, 1, 1)
INSERT [dbo].[ShipFitComponents] ([ShipFitComponentId], [ShipFitId], [ComponentId], [BuyPrice], [SellPrice], [Quantity], [SlotType]) VALUES (932, 33, 21898, 516.3625, 551.9, 280, 8)
INSERT [dbo].[ShipFitComponents] ([ShipFitComponentId], [ShipFitId], [ComponentId], [BuyPrice], [SellPrice], [Quantity], [SlotType]) VALUES (933, 33, 21906, 520.1803, 547.34, 280, 8)
INSERT [dbo].[ShipFitComponents] ([ShipFitComponentId], [ShipFitId], [ComponentId], [BuyPrice], [SellPrice], [Quantity], [SlotType]) VALUES (934, 33, 21924, 500.0308, 598.67, 280, 8)
INSERT [dbo].[ShipFitComponents] ([ShipFitComponentId], [ShipFitId], [ComponentId], [BuyPrice], [SellPrice], [Quantity], [SlotType]) VALUES (935, 33, 31716, 30403.0806, 38992.98, 1, 5)
INSERT [dbo].[ShipFitComponents] ([ShipFitComponentId], [ShipFitId], [ComponentId], [BuyPrice], [SellPrice], [Quantity], [SlotType]) VALUES (936, 33, 31752, 26261.414, 32938, 1, 5)
INSERT [dbo].[ShipFitComponents] ([ShipFitComponentId], [ShipFitId], [ComponentId], [BuyPrice], [SellPrice], [Quantity], [SlotType]) VALUES (937, 33, 31788, 427378.8538, 436873.16, 1, 5)
INSERT [dbo].[ShipFitComponents] ([ShipFitComponentId], [ShipFitId], [ComponentId], [BuyPrice], [SellPrice], [Quantity], [SlotType]) VALUES (938, 34, 519, 754471.2928, 766955.83, 1, 4)
INSERT [dbo].[ShipFitComponents] ([ShipFitComponentId], [ShipFitId], [ComponentId], [BuyPrice], [SellPrice], [Quantity], [SlotType]) VALUES (939, 34, 2905, 689841.7867, 799976.57, 7, 2)
INSERT [dbo].[ShipFitComponents] ([ShipFitComponentId], [ShipFitId], [ComponentId], [BuyPrice], [SellPrice], [Quantity], [SlotType]) VALUES (940, 34, 3831, 731849.72689999989, 789989.96, 1, 3)
INSERT [dbo].[ShipFitComponents] ([ShipFitComponentId], [ShipFitId], [ComponentId], [BuyPrice], [SellPrice], [Quantity], [SlotType]) VALUES (941, 34, 5971, 21035.8255, 23199.91, 1, 3)
INSERT [dbo].[ShipFitComponents] ([ShipFitComponentId], [ShipFitId], [ComponentId], [BuyPrice], [SellPrice], [Quantity], [SlotType]) VALUES (942, 34, 11563, 204022.31290000002, 275824.68, 1, 4)
INSERT [dbo].[ShipFitComponents] ([ShipFitComponentId], [ShipFitId], [ComponentId], [BuyPrice], [SellPrice], [Quantity], [SlotType]) VALUES (943, 34, 12631, 91.3646, 118, 280, 8)
INSERT [dbo].[ShipFitComponents] ([ShipFitComponentId], [ShipFitId], [ComponentId], [BuyPrice], [SellPrice], [Quantity], [SlotType]) VALUES (944, 34, 16242, 970631.4524, 1112002.24, 1, 1)
INSERT [dbo].[ShipFitComponents] ([ShipFitComponentId], [ShipFitId], [ComponentId], [BuyPrice], [SellPrice], [Quantity], [SlotType]) VALUES (945, 34, 19927, 55550.1111, 98916.05, 1, 3)
INSERT [dbo].[ShipFitComponents] ([ShipFitComponentId], [ShipFitId], [ComponentId], [BuyPrice], [SellPrice], [Quantity], [SlotType]) VALUES (946, 34, 21898, 475.7403, 549.84, 280, 8)
INSERT [dbo].[ShipFitComponents] ([ShipFitComponentId], [ShipFitId], [ComponentId], [BuyPrice], [SellPrice], [Quantity], [SlotType]) VALUES (947, 34, 21906, 429.72470000000004, 521.82, 280, 8)
INSERT [dbo].[ShipFitComponents] ([ShipFitComponentId], [ShipFitId], [ComponentId], [BuyPrice], [SellPrice], [Quantity], [SlotType]) VALUES (948, 34, 21924, 506.7069, 595.4, 280, 8)
INSERT [dbo].[ShipFitComponents] ([ShipFitComponentId], [ShipFitId], [ComponentId], [BuyPrice], [SellPrice], [Quantity], [SlotType]) VALUES (949, 34, 31716, 34342.0705, 148995.83, 2, 5)
INSERT [dbo].[ShipFitComponents] ([ShipFitComponentId], [ShipFitId], [ComponentId], [BuyPrice], [SellPrice], [Quantity], [SlotType]) VALUES (950, 34, 31752, 26261.515, 31640.23, 1, 5)
INSERT [dbo].[ShipFitComponents] ([ShipFitComponentId], [ShipFitId], [ComponentId], [BuyPrice], [SellPrice], [Quantity], [SlotType]) VALUES (951, 35, 519, 748821.9184, 770890.23, 2, 4)
INSERT [dbo].[ShipFitComponents] ([ShipFitComponentId], [ShipFitId], [ComponentId], [BuyPrice], [SellPrice], [Quantity], [SlotType]) VALUES (952, 35, 1952, 974650.0202, 997850.6, 2, 3)
INSERT [dbo].[ShipFitComponents] ([ShipFitComponentId], [ShipFitId], [ComponentId], [BuyPrice], [SellPrice], [Quantity], [SlotType]) VALUES (953, 35, 3244, 1126150.0101, 1147885.67, 1, 3)
INSERT [dbo].[ShipFitComponents] ([ShipFitComponentId], [ShipFitId], [ComponentId], [BuyPrice], [SellPrice], [Quantity], [SlotType]) VALUES (954, 35, 9411, 1170605.4732000001, 1310000, 7, 2)
INSERT [dbo].[ShipFitComponents] ([ShipFitComponentId], [ShipFitId], [ComponentId], [BuyPrice], [SellPrice], [Quantity], [SlotType]) VALUES (955, 35, 16242, 995032.72920000006, 999999.98, 1, 1)
INSERT [dbo].[ShipFitComponents] ([ShipFitComponentId], [ShipFitId], [ComponentId], [BuyPrice], [SellPrice], [Quantity], [SlotType]) VALUES (956, 35, 21898, 525.9373, 558.02, 280, 8)
INSERT [dbo].[ShipFitComponents] ([ShipFitComponentId], [ShipFitId], [ComponentId], [BuyPrice], [SellPrice], [Quantity], [SlotType]) VALUES (957, 35, 21906, 513.4941, 534.53, 280, 8)
INSERT [dbo].[ShipFitComponents] ([ShipFitComponentId], [ShipFitId], [ComponentId], [BuyPrice], [SellPrice], [Quantity], [SlotType]) VALUES (958, 35, 21924, 533.6335, 589.32, 280, 8)
INSERT [dbo].[ShipFitComponents] ([ShipFitComponentId], [ShipFitId], [ComponentId], [BuyPrice], [SellPrice], [Quantity], [SlotType]) VALUES (959, 35, 29011, 11110, 11444, 2, 8)
INSERT [dbo].[ShipFitComponents] ([ShipFitComponentId], [ShipFitId], [ComponentId], [BuyPrice], [SellPrice], [Quantity], [SlotType]) VALUES (960, 35, 31322, 175511.31579999998, 239969, 3, 5)
INSERT [dbo].[ShipFitComponents] ([ShipFitComponentId], [ShipFitId], [ComponentId], [BuyPrice], [SellPrice], [Quantity], [SlotType]) VALUES (961, 36, 519, 748821.9285, 770890.25, 2, 4)
INSERT [dbo].[ShipFitComponents] ([ShipFitComponentId], [ShipFitId], [ComponentId], [BuyPrice], [SellPrice], [Quantity], [SlotType]) VALUES (962, 36, 1952, 974650.0202, 997850.6, 2, 3)
INSERT [dbo].[ShipFitComponents] ([ShipFitComponentId], [ShipFitId], [ComponentId], [BuyPrice], [SellPrice], [Quantity], [SlotType]) VALUES (963, 36, 2977, 825313.6118999999, 883956.79, 7, 2)
INSERT [dbo].[ShipFitComponents] ([ShipFitComponentId], [ShipFitId], [ComponentId], [BuyPrice], [SellPrice], [Quantity], [SlotType]) VALUES (964, 36, 3244, 1126150.0101, 1147965.82, 1, 3)
INSERT [dbo].[ShipFitComponents] ([ShipFitComponentId], [ShipFitId], [ComponentId], [BuyPrice], [SellPrice], [Quantity], [SlotType]) VALUES (965, 36, 12631, 70.6192, 78.59, 280, 8)
INSERT [dbo].[ShipFitComponents] ([ShipFitComponentId], [ShipFitId], [ComponentId], [BuyPrice], [SellPrice], [Quantity], [SlotType]) VALUES (966, 36, 16242, 994874.3511, 999999.99, 1, 1)
INSERT [dbo].[ShipFitComponents] ([ShipFitComponentId], [ShipFitId], [ComponentId], [BuyPrice], [SellPrice], [Quantity], [SlotType]) VALUES (967, 36, 21898, 525.9575, 558.02, 280, 8)
INSERT [dbo].[ShipFitComponents] ([ShipFitComponentId], [ShipFitId], [ComponentId], [BuyPrice], [SellPrice], [Quantity], [SlotType]) VALUES (968, 36, 21906, 513.4941, 534.53, 280, 8)
INSERT [dbo].[ShipFitComponents] ([ShipFitComponentId], [ShipFitId], [ComponentId], [BuyPrice], [SellPrice], [Quantity], [SlotType]) VALUES (969, 36, 21924, 533.6335, 589.32, 280, 8)
INSERT [dbo].[ShipFitComponents] ([ShipFitComponentId], [ShipFitId], [ComponentId], [BuyPrice], [SellPrice], [Quantity], [SlotType]) VALUES (970, 36, 29011, 11110, 11444, 2, 8)
INSERT [dbo].[ShipFitComponents] ([ShipFitComponentId], [ShipFitId], [ComponentId], [BuyPrice], [SellPrice], [Quantity], [SlotType]) VALUES (971, 36, 31322, 175511.31579999998, 239969, 3, 5)
INSERT [dbo].[ShipFitComponents] ([ShipFitComponentId], [ShipFitId], [ComponentId], [BuyPrice], [SellPrice], [Quantity], [SlotType]) VALUES (972, 37, 641, 177760003.4744, 179999998.99, 1, 1)
INSERT [dbo].[ShipFitComponents] ([ShipFitComponentId], [ShipFitId], [ComponentId], [BuyPrice], [SellPrice], [Quantity], [SlotType]) VALUES (973, 37, 1306, 365620.35349999997, 404996.84, 1, 4)
INSERT [dbo].[ShipFitComponents] ([ShipFitComponentId], [ShipFitId], [ComponentId], [BuyPrice], [SellPrice], [Quantity], [SlotType]) VALUES (974, 37, 2024, 905143.7493, 964967.31, 1, 3)
INSERT [dbo].[ShipFitComponents] ([ShipFitComponentId], [ShipFitId], [ComponentId], [BuyPrice], [SellPrice], [Quantity], [SlotType]) VALUES (975, 37, 2048, 681750.20199999993, 703715.29, 1, 4)
INSERT [dbo].[ShipFitComponents] ([ShipFitComponentId], [ShipFitId], [ComponentId], [BuyPrice], [SellPrice], [Quantity], [SlotType]) VALUES (976, 37, 2456, 394911.2625, 417134.83, 5, 7)
INSERT [dbo].[ShipFitComponents] ([ShipFitComponentId], [ShipFitId], [ComponentId], [BuyPrice], [SellPrice], [Quantity], [SlotType]) VALUES (977, 37, 2488, 444402.0099, 465906.81, 5, 7)
INSERT [dbo].[ShipFitComponents] ([ShipFitComponentId], [ShipFitId], [ComponentId], [BuyPrice], [SellPrice], [Quantity], [SlotType]) VALUES (978, 37, 3090, 3504723.432, 3698170.6, 7, 2)
INSERT [dbo].[ShipFitComponents] ([ShipFitComponentId], [ShipFitId], [ComponentId], [BuyPrice], [SellPrice], [Quantity], [SlotType]) VALUES (979, 37, 5945, 1000141.4102, 1014497.42, 1, 3)
INSERT [dbo].[ShipFitComponents] ([ShipFitComponentId], [ShipFitId], [ComponentId], [BuyPrice], [SellPrice], [Quantity], [SlotType]) VALUES (980, 37, 6160, 1264924.0303, 1339999.72, 1, 3)
INSERT [dbo].[ShipFitComponents] ([ShipFitComponentId], [ShipFitId], [ComponentId], [BuyPrice], [SellPrice], [Quantity], [SlotType]) VALUES (981, 37, 6173, 131323.2805, 144987.86, 1, 3)
INSERT [dbo].[ShipFitComponents] ([ShipFitComponentId], [ShipFitId], [ComponentId], [BuyPrice], [SellPrice], [Quantity], [SlotType]) VALUES (982, 37, 10190, 881278.9744, 972765.98, 1, 4)
INSERT [dbo].[ShipFitComponents] ([ShipFitComponentId], [ShipFitId], [ComponentId], [BuyPrice], [SellPrice], [Quantity], [SlotType]) VALUES (983, 37, 11644, 1778665.1056000001, 1867990.38, 1, 4)
INSERT [dbo].[ShipFitComponents] ([ShipFitComponentId], [ShipFitId], [ComponentId], [BuyPrice], [SellPrice], [Quantity], [SlotType]) VALUES (984, 37, 11648, 1768437.3305000002, 1854999.49, 1, 4)
INSERT [dbo].[ShipFitComponents] ([ShipFitComponentId], [ShipFitId], [ComponentId], [BuyPrice], [SellPrice], [Quantity], [SlotType]) VALUES (985, 37, 12803, 707.1111, 775.76, 4000, 8)
INSERT [dbo].[ShipFitComponents] ([ShipFitComponentId], [ShipFitId], [ComponentId], [BuyPrice], [SellPrice], [Quantity], [SlotType]) VALUES (986, 37, 12807, 499.5763, 504.91, 4000, 8)
INSERT [dbo].[ShipFitComponents] ([ShipFitComponentId], [ShipFitId], [ComponentId], [BuyPrice], [SellPrice], [Quantity], [SlotType]) VALUES (987, 37, 13974, 18180121.604, 27999994.86, 1, 4)
INSERT [dbo].[ShipFitComponents] ([ShipFitComponentId], [ShipFitId], [ComponentId], [BuyPrice], [SellPrice], [Quantity], [SlotType]) VALUES (988, 37, 20353, 1969574.2754000002, 2300241.55, 2, 4)
INSERT [dbo].[ShipFitComponents] ([ShipFitComponentId], [ShipFitId], [ComponentId], [BuyPrice], [SellPrice], [Quantity], [SlotType]) VALUES (989, 37, 21740, 1081.0636, 1119.99, 4000, 8)
INSERT [dbo].[ShipFitComponents] ([ShipFitComponentId], [ShipFitId], [ComponentId], [BuyPrice], [SellPrice], [Quantity], [SlotType]) VALUES (990, 37, 23045, 994.8197, 1493.17, 4000, 8)
INSERT [dbo].[ShipFitComponents] ([ShipFitComponentId], [ShipFitId], [ComponentId], [BuyPrice], [SellPrice], [Quantity], [SlotType]) VALUES (991, 37, 23051, 899.0111, 1097, 4000, 8)
INSERT [dbo].[ShipFitComponents] ([ShipFitComponentId], [ShipFitId], [ComponentId], [BuyPrice], [SellPrice], [Quantity], [SlotType]) VALUES (992, 37, 23707, 6067.7669, 7488.86, 5, 7)
INSERT [dbo].[ShipFitComponents] ([ShipFitComponentId], [ShipFitId], [ComponentId], [BuyPrice], [SellPrice], [Quantity], [SlotType]) VALUES (993, 37, 25736, 12604803.2926, 12999989.66, 1, 5)
INSERT [dbo].[ShipFitComponents] ([ShipFitComponentId], [ShipFitId], [ComponentId], [BuyPrice], [SellPrice], [Quantity], [SlotType]) VALUES (994, 37, 25894, 11837199.8384, 12149986.95, 2, 5)
INSERT [dbo].[ShipFitComponents] ([ShipFitComponentId], [ShipFitId], [ComponentId], [BuyPrice], [SellPrice], [Quantity], [SlotType]) VALUES (995, 37, 28668, 17170.282799999997, 17696.14, 10, 8)
INSERT [dbo].[ShipFitComponents] ([ShipFitComponentId], [ShipFitId], [ComponentId], [BuyPrice], [SellPrice], [Quantity], [SlotType]) VALUES (996, 37, 29001, 9191.1413999999986, 9527.72, 1, 8)
INSERT [dbo].[ShipFitComponents] ([ShipFitComponentId], [ShipFitId], [ComponentId], [BuyPrice], [SellPrice], [Quantity], [SlotType]) VALUES (997, 37, 29011, 9671.3863, 13997.94, 1, 8)
INSERT [dbo].[ShipFitComponents] ([ShipFitComponentId], [ShipFitId], [ComponentId], [BuyPrice], [SellPrice], [Quantity], [SlotType]) VALUES (998, 37, 32014, 207051.1615, 224977.38, 7, 8)
INSERT [dbo].[ShipFitComponents] ([ShipFitComponentId], [ShipFitId], [ComponentId], [BuyPrice], [SellPrice], [Quantity], [SlotType]) VALUES (999, 38, 641, 177760003.4744, 179999998.99, 1, 1)
INSERT [dbo].[ShipFitComponents] ([ShipFitComponentId], [ShipFitId], [ComponentId], [BuyPrice], [SellPrice], [Quantity], [SlotType]) VALUES (1000, 38, 1306, 365620.35349999997, 404996.84, 1, 4)
INSERT [dbo].[ShipFitComponents] ([ShipFitComponentId], [ShipFitId], [ComponentId], [BuyPrice], [SellPrice], [Quantity], [SlotType]) VALUES (1001, 38, 2024, 905143.7493, 964967.31, 1, 3)
INSERT [dbo].[ShipFitComponents] ([ShipFitComponentId], [ShipFitId], [ComponentId], [BuyPrice], [SellPrice], [Quantity], [SlotType]) VALUES (1002, 38, 2048, 681750.20199999993, 703715.29, 1, 4)
INSERT [dbo].[ShipFitComponents] ([ShipFitComponentId], [ShipFitId], [ComponentId], [BuyPrice], [SellPrice], [Quantity], [SlotType]) VALUES (1003, 38, 2456, 394911.28270000004, 417135.17, 5, 7)
INSERT [dbo].[ShipFitComponents] ([ShipFitComponentId], [ShipFitId], [ComponentId], [BuyPrice], [SellPrice], [Quantity], [SlotType]) VALUES (1004, 38, 2488, 444402.0099, 465906.81, 5, 7)
INSERT [dbo].[ShipFitComponents] ([ShipFitComponentId], [ShipFitId], [ComponentId], [BuyPrice], [SellPrice], [Quantity], [SlotType]) VALUES (1005, 38, 5945, 1000141.4102, 1013783.26, 1, 3)
INSERT [dbo].[ShipFitComponents] ([ShipFitComponentId], [ShipFitId], [ComponentId], [BuyPrice], [SellPrice], [Quantity], [SlotType]) VALUES (1006, 38, 6160, 1264924.0303, 1339999.72, 1, 3)
INSERT [dbo].[ShipFitComponents] ([ShipFitComponentId], [ShipFitId], [ComponentId], [BuyPrice], [SellPrice], [Quantity], [SlotType]) VALUES (1007, 38, 6173, 131323.2805, 144987.86, 1, 3)
INSERT [dbo].[ShipFitComponents] ([ShipFitComponentId], [ShipFitId], [ComponentId], [BuyPrice], [SellPrice], [Quantity], [SlotType]) VALUES (1008, 38, 7447, 1516598.3755, 1599999.93, 7, 2)
INSERT [dbo].[ShipFitComponents] ([ShipFitComponentId], [ShipFitId], [ComponentId], [BuyPrice], [SellPrice], [Quantity], [SlotType]) VALUES (1009, 38, 10190, 881278.9744, 972765.98, 1, 4)
INSERT [dbo].[ShipFitComponents] ([ShipFitComponentId], [ShipFitId], [ComponentId], [BuyPrice], [SellPrice], [Quantity], [SlotType]) VALUES (1010, 38, 11644, 1778665.1056000001, 1867990.38, 1, 4)
INSERT [dbo].[ShipFitComponents] ([ShipFitComponentId], [ShipFitId], [ComponentId], [BuyPrice], [SellPrice], [Quantity], [SlotType]) VALUES (1011, 38, 11648, 1768437.3305000002, 1854999.49, 1, 4)
INSERT [dbo].[ShipFitComponents] ([ShipFitComponentId], [ShipFitId], [ComponentId], [BuyPrice], [SellPrice], [Quantity], [SlotType]) VALUES (1012, 38, 13974, 18180121.604, 27999994.86, 1, 4)
INSERT [dbo].[ShipFitComponents] ([ShipFitComponentId], [ShipFitId], [ComponentId], [BuyPrice], [SellPrice], [Quantity], [SlotType]) VALUES (1013, 38, 20353, 1969574.2754000002, 2300241.55, 2, 4)
INSERT [dbo].[ShipFitComponents] ([ShipFitComponentId], [ShipFitId], [ComponentId], [BuyPrice], [SellPrice], [Quantity], [SlotType]) VALUES (1014, 38, 21740, 1081.0636, 1119.99, 4000, 8)
INSERT [dbo].[ShipFitComponents] ([ShipFitComponentId], [ShipFitId], [ComponentId], [BuyPrice], [SellPrice], [Quantity], [SlotType]) VALUES (1015, 38, 23045, 994.8197, 1493.17, 4000, 8)
INSERT [dbo].[ShipFitComponents] ([ShipFitComponentId], [ShipFitId], [ComponentId], [BuyPrice], [SellPrice], [Quantity], [SlotType]) VALUES (1016, 38, 23051, 899.0111, 1097, 4000, 8)
INSERT [dbo].[ShipFitComponents] ([ShipFitComponentId], [ShipFitId], [ComponentId], [BuyPrice], [SellPrice], [Quantity], [SlotType]) VALUES (1017, 38, 23707, 6067.7669, 7488.86, 5, 7)
INSERT [dbo].[ShipFitComponents] ([ShipFitComponentId], [ShipFitId], [ComponentId], [BuyPrice], [SellPrice], [Quantity], [SlotType]) VALUES (1018, 38, 25736, 12604803.2926, 12999989.66, 1, 5)
INSERT [dbo].[ShipFitComponents] ([ShipFitComponentId], [ShipFitId], [ComponentId], [BuyPrice], [SellPrice], [Quantity], [SlotType]) VALUES (1019, 38, 25894, 11837199.8384, 12149986.95, 2, 5)
INSERT [dbo].[ShipFitComponents] ([ShipFitComponentId], [ShipFitId], [ComponentId], [BuyPrice], [SellPrice], [Quantity], [SlotType]) VALUES (1020, 38, 28999, 12120.0101, 22849.85, 1, 8)
INSERT [dbo].[ShipFitComponents] ([ShipFitComponentId], [ShipFitId], [ComponentId], [BuyPrice], [SellPrice], [Quantity], [SlotType]) VALUES (1021, 38, 29001, 9191.1413999999986, 9527.72, 1, 8)
INSERT [dbo].[ShipFitComponents] ([ShipFitComponentId], [ShipFitId], [ComponentId], [BuyPrice], [SellPrice], [Quantity], [SlotType]) VALUES (1022, 38, 29009, 10202.3736, 12999.99, 1, 8)
INSERT [dbo].[ShipFitComponents] ([ShipFitComponentId], [ShipFitId], [ComponentId], [BuyPrice], [SellPrice], [Quantity], [SlotType]) VALUES (1023, 38, 29011, 9671.3863, 13989.9, 1, 8)
INSERT [dbo].[ShipFitComponents] ([ShipFitComponentId], [ShipFitId], [ComponentId], [BuyPrice], [SellPrice], [Quantity], [SlotType]) VALUES (1024, 38, 32014, 207051.1615, 224977.38, 7, 8)
INSERT [dbo].[ShipFitComponents] ([ShipFitComponentId], [ShipFitId], [ComponentId], [BuyPrice], [SellPrice], [Quantity], [SlotType]) VALUES (1025, 39, 11269, 863560.69589999993, 915698.97, 2, 4)
INSERT [dbo].[ShipFitComponents] ([ShipFitComponentId], [ShipFitId], [ComponentId], [BuyPrice], [SellPrice], [Quantity], [SlotType]) VALUES (1026, 39, 11325, 954567.1094999999, 985015.15, 1, 4)
INSERT [dbo].[ShipFitComponents] ([ShipFitComponentId], [ShipFitId], [ComponentId], [BuyPrice], [SellPrice], [Quantity], [SlotType]) VALUES (1027, 39, 11987, 130391101.9999, 141599998.78, 1, 1)
INSERT [dbo].[ShipFitComponents] ([ShipFitComponentId], [ShipFitId], [ComponentId], [BuyPrice], [SellPrice], [Quantity], [SlotType]) VALUES (1028, 39, 12058, 1943378.9255000001, 2100431, 1, 3)
INSERT [dbo].[ShipFitComponents] ([ShipFitComponentId], [ShipFitId], [ComponentId], [BuyPrice], [SellPrice], [Quantity], [SlotType]) VALUES (1029, 39, 13970, 5050808.0808000006, 6399999.33, 1, 4)
INSERT [dbo].[ShipFitComponents] ([ShipFitComponentId], [ShipFitId], [ComponentId], [BuyPrice], [SellPrice], [Quantity], [SlotType]) VALUES (1030, 39, 13982, 17170686.9515, 24939977.62, 1, 4)
GO
INSERT [dbo].[ShipFitComponents] ([ShipFitComponentId], [ShipFitId], [ComponentId], [BuyPrice], [SellPrice], [Quantity], [SlotType]) VALUES (1031, 39, 16455, 947127.5202, 1019999.98, 4, 2)
INSERT [dbo].[ShipFitComponents] ([ShipFitComponentId], [ShipFitId], [ComponentId], [BuyPrice], [SellPrice], [Quantity], [SlotType]) VALUES (1032, 39, 16487, 112111.01, 126863.09, 1, 2)
INSERT [dbo].[ShipFitComponents] ([ShipFitComponentId], [ShipFitId], [ComponentId], [BuyPrice], [SellPrice], [Quantity], [SlotType]) VALUES (1033, 39, 16495, 99990.505, 114989.96, 1, 2)
INSERT [dbo].[ShipFitComponents] ([ShipFitComponentId], [ShipFitId], [ComponentId], [BuyPrice], [SellPrice], [Quantity], [SlotType]) VALUES (1034, 39, 20218, 41421.241299999994, 67795.69, 1, 3)
INSERT [dbo].[ShipFitComponents] ([ShipFitComponentId], [ShipFitId], [ComponentId], [BuyPrice], [SellPrice], [Quantity], [SlotType]) VALUES (1035, 39, 23711, 11615.060599999999, 14948.99, 5, 7)
INSERT [dbo].[ShipFitComponents] ([ShipFitComponentId], [ShipFitId], [ComponentId], [BuyPrice], [SellPrice], [Quantity], [SlotType]) VALUES (1036, 39, 28668, 17170.282799999997, 17696.16, 50, 8)
INSERT [dbo].[ShipFitComponents] ([ShipFitComponentId], [ShipFitId], [ComponentId], [BuyPrice], [SellPrice], [Quantity], [SlotType]) VALUES (1037, 39, 31360, 4758556.0766, 4994462.92, 2, 5)
INSERT [dbo].[ShipFitComponents] ([ShipFitComponentId], [ShipFitId], [ComponentId], [BuyPrice], [SellPrice], [Quantity], [SlotType]) VALUES (1038, 40, 250, 8080, 15000, 3, 8)
INSERT [dbo].[ShipFitComponents] ([ShipFitComponentId], [ShipFitId], [ComponentId], [BuyPrice], [SellPrice], [Quantity], [SlotType]) VALUES (1039, 40, 254, 10100.0202, 15092.57, 3, 8)
INSERT [dbo].[ShipFitComponents] ([ShipFitComponentId], [ShipFitId], [ComponentId], [BuyPrice], [SellPrice], [Quantity], [SlotType]) VALUES (1040, 40, 1978, 980721.12010000006, 999011.35, 1, 3)
INSERT [dbo].[ShipFitComponents] ([ShipFitComponentId], [ShipFitId], [ComponentId], [BuyPrice], [SellPrice], [Quantity], [SlotType]) VALUES (1041, 40, 2048, 722151.05040000007, 744493.45, 1, 4)
INSERT [dbo].[ShipFitComponents] ([ShipFitComponentId], [ShipFitId], [ComponentId], [BuyPrice], [SellPrice], [Quantity], [SlotType]) VALUES (1042, 40, 2364, 758510.0202, 798000, 2, 4)
INSERT [dbo].[ShipFitComponents] ([ShipFitComponentId], [ShipFitId], [ComponentId], [BuyPrice], [SellPrice], [Quantity], [SlotType]) VALUES (1043, 40, 3025, 1354432.2907, 1528987.9, 3, 2)
INSERT [dbo].[ShipFitComponents] ([ShipFitComponentId], [ShipFitId], [ComponentId], [BuyPrice], [SellPrice], [Quantity], [SlotType]) VALUES (1044, 40, 5011, 127260.0404, 224998.9, 1, 3)
INSERT [dbo].[ShipFitComponents] ([ShipFitComponentId], [ShipFitId], [ComponentId], [BuyPrice], [SellPrice], [Quantity], [SlotType]) VALUES (1045, 40, 11269, 856581, 870417.28, 1, 4)
INSERT [dbo].[ShipFitComponents] ([ShipFitComponentId], [ShipFitId], [ComponentId], [BuyPrice], [SellPrice], [Quantity], [SlotType]) VALUES (1046, 40, 11644, 1843386.2389, 2026995.92, 1, 4)
INSERT [dbo].[ShipFitComponents] ([ShipFitComponentId], [ShipFitId], [ComponentId], [BuyPrice], [SellPrice], [Quantity], [SlotType]) VALUES (1047, 40, 11646, 1979706.1106, 2054988.61, 1, 4)
INSERT [dbo].[ShipFitComponents] ([ShipFitComponentId], [ShipFitId], [ComponentId], [BuyPrice], [SellPrice], [Quantity], [SlotType]) VALUES (1048, 40, 12058, 2303829.6141999997, 2309999.88, 1, 3)
INSERT [dbo].[ShipFitComponents] ([ShipFitComponentId], [ShipFitId], [ComponentId], [BuyPrice], [SellPrice], [Quantity], [SlotType]) VALUES (1049, 40, 20353, 2342801.9388, 2417914.95, 1, 4)
INSERT [dbo].[ShipFitComponents] ([ShipFitComponentId], [ShipFitId], [ComponentId], [BuyPrice], [SellPrice], [Quantity], [SlotType]) VALUES (1050, 40, 23089, 374712.0503, 395108.13, 6, 8)
INSERT [dbo].[ShipFitComponents] ([ShipFitComponentId], [ShipFitId], [ComponentId], [BuyPrice], [SellPrice], [Quantity], [SlotType]) VALUES (1051, 40, 23097, 364625.1399, 479999.88, 6, 8)
INSERT [dbo].[ShipFitComponents] ([ShipFitComponentId], [ShipFitId], [ComponentId], [BuyPrice], [SellPrice], [Quantity], [SlotType]) VALUES (1052, 40, 23707, 6711.9146, 7999.51, 3, 7)
INSERT [dbo].[ShipFitComponents] ([ShipFitComponentId], [ShipFitId], [ComponentId], [BuyPrice], [SellPrice], [Quantity], [SlotType]) VALUES (1053, 40, 28668, 16539.0328, 17139.98, 10, 8)
INSERT [dbo].[ShipFitComponents] ([ShipFitComponentId], [ShipFitId], [ComponentId], [BuyPrice], [SellPrice], [Quantity], [SlotType]) VALUES (1054, 40, 28999, 7777, 8600, 1, 8)
INSERT [dbo].[ShipFitComponents] ([ShipFitComponentId], [ShipFitId], [ComponentId], [BuyPrice], [SellPrice], [Quantity], [SlotType]) VALUES (1055, 40, 29001, 8837.5707, 9382.56, 1, 8)
INSERT [dbo].[ShipFitComponents] ([ShipFitComponentId], [ShipFitId], [ComponentId], [BuyPrice], [SellPrice], [Quantity], [SlotType]) VALUES (1056, 40, 29337, 44321828.1315, 49992998.6, 1, 1)
INSERT [dbo].[ShipFitComponents] ([ShipFitComponentId], [ShipFitId], [ComponentId], [BuyPrice], [SellPrice], [Quantity], [SlotType]) VALUES (1057, 40, 30999, 2626000.7877999996, 3409998.91, 1, 5)
INSERT [dbo].[ShipFitComponents] ([ShipFitComponentId], [ShipFitId], [ComponentId], [BuyPrice], [SellPrice], [Quantity], [SlotType]) VALUES (1058, 40, 31035, 3030001.4342, 3299999.99, 1, 5)
INSERT [dbo].[ShipFitComponents] ([ShipFitComponentId], [ShipFitId], [ComponentId], [BuyPrice], [SellPrice], [Quantity], [SlotType]) VALUES (1059, 40, 31480, 354514.1006, 1339994.92, 1, 5)
INSERT [dbo].[ShipFitComponents] ([ShipFitComponentId], [ShipFitId], [ComponentId], [BuyPrice], [SellPrice], [Quantity], [SlotType]) VALUES (1060, 40, 32006, 96052.1615, 99904.81, 21, 8)
INSERT [dbo].[ShipFitComponents] ([ShipFitComponentId], [ShipFitId], [ComponentId], [BuyPrice], [SellPrice], [Quantity], [SlotType]) VALUES (1061, 41, 625, 7884143.2038, 8849947.27, 1, 1)
INSERT [dbo].[ShipFitComponents] ([ShipFitComponentId], [ShipFitId], [ComponentId], [BuyPrice], [SellPrice], [Quantity], [SlotType]) VALUES (1062, 41, 1952, 974650.0202, 997887.96, 1, 3)
INSERT [dbo].[ShipFitComponents] ([ShipFitComponentId], [ShipFitId], [ComponentId], [BuyPrice], [SellPrice], [Quantity], [SlotType]) VALUES (1063, 41, 2032, 607011.3231, 626976.34, 1, 3)
INSERT [dbo].[ShipFitComponents] ([ShipFitComponentId], [ShipFitId], [ComponentId], [BuyPrice], [SellPrice], [Quantity], [SlotType]) VALUES (1064, 41, 2048, 739955.1789, 749999.93, 1, 4)
INSERT [dbo].[ShipFitComponents] ([ShipFitComponentId], [ShipFitId], [ComponentId], [BuyPrice], [SellPrice], [Quantity], [SlotType]) VALUES (1065, 41, 11644, 1999800.707, 2019014.78, 1, 4)
INSERT [dbo].[ShipFitComponents] ([ShipFitComponentId], [ShipFitId], [ComponentId], [BuyPrice], [SellPrice], [Quantity], [SlotType]) VALUES (1066, 41, 11646, 1999800.0404, 2070788.54, 1, 4)
INSERT [dbo].[ShipFitComponents] ([ShipFitComponentId], [ShipFitId], [ComponentId], [BuyPrice], [SellPrice], [Quantity], [SlotType]) VALUES (1067, 41, 11648, 1667242.2187, 1711499.98, 1, 4)
INSERT [dbo].[ShipFitComponents] ([ShipFitComponentId], [ShipFitId], [ComponentId], [BuyPrice], [SellPrice], [Quantity], [SlotType]) VALUES (1068, 41, 12058, 2302816.3822000003, 2467820.7, 1, 3)
INSERT [dbo].[ShipFitComponents] ([ShipFitComponentId], [ShipFitId], [ComponentId], [BuyPrice], [SellPrice], [Quantity], [SlotType]) VALUES (1069, 41, 16445, 217251.05049999998, 245998.22, 4, 2)
INSERT [dbo].[ShipFitComponents] ([ShipFitComponentId], [ShipFitId], [ComponentId], [BuyPrice], [SellPrice], [Quantity], [SlotType]) VALUES (1070, 41, 16495, 99990.5858, 122616.82, 1, 2)
INSERT [dbo].[ShipFitComponents] ([ShipFitComponentId], [ShipFitId], [ComponentId], [BuyPrice], [SellPrice], [Quantity], [SlotType]) VALUES (1071, 41, 20351, 2171535.6833, 2320983.6, 1, 4)
INSERT [dbo].[ShipFitComponents] ([ShipFitComponentId], [ShipFitId], [ComponentId], [BuyPrice], [SellPrice], [Quantity], [SlotType]) VALUES (1072, 41, 28668, 16566.6159, 17213.34, 50, 8)
INSERT [dbo].[ShipFitComponents] ([ShipFitComponentId], [ShipFitId], [ComponentId], [BuyPrice], [SellPrice], [Quantity], [SlotType]) VALUES (1073, 41, 29009, 9409.5943, 10449.46, 1, 8)
INSERT [dbo].[ShipFitComponents] ([ShipFitComponentId], [ShipFitId], [ComponentId], [BuyPrice], [SellPrice], [Quantity], [SlotType]) VALUES (1074, 41, 29011, 11110, 11444, 1, 8)
INSERT [dbo].[ShipFitComponents] ([ShipFitComponentId], [ShipFitId], [ComponentId], [BuyPrice], [SellPrice], [Quantity], [SlotType]) VALUES (1075, 41, 30999, 2626000.404, 3449986.96, 1, 5)
INSERT [dbo].[ShipFitComponents] ([ShipFitComponentId], [ShipFitId], [ComponentId], [BuyPrice], [SellPrice], [Quantity], [SlotType]) VALUES (1076, 41, 31035, 2727004.1914999997, 3999958.07, 1, 5)
INSERT [dbo].[ShipFitComponents] ([ShipFitComponentId], [ShipFitId], [ComponentId], [BuyPrice], [SellPrice], [Quantity], [SlotType]) VALUES (1077, 41, 31360, 4202784.73, 4500000, 1, 5)
INSERT [dbo].[ShipFitComponents] ([ShipFitComponentId], [ShipFitId], [ComponentId], [BuyPrice], [SellPrice], [Quantity], [SlotType]) VALUES (1078, 42, 630, 7878028.2901, 8225263.16, 1, 1)
INSERT [dbo].[ShipFitComponents] ([ShipFitComponentId], [ShipFitId], [ComponentId], [BuyPrice], [SellPrice], [Quantity], [SlotType]) VALUES (1079, 42, 1952, 974650.0202, 997850.6, 1, 3)
INSERT [dbo].[ShipFitComponents] ([ShipFitComponentId], [ShipFitId], [ComponentId], [BuyPrice], [SellPrice], [Quantity], [SlotType]) VALUES (1080, 42, 2048, 739341.43219999992, 750000, 1, 4)
INSERT [dbo].[ShipFitComponents] ([ShipFitComponentId], [ShipFitId], [ComponentId], [BuyPrice], [SellPrice], [Quantity], [SlotType]) VALUES (1081, 42, 11269, 878806.05, 875000, 2, 4)
INSERT [dbo].[ShipFitComponents] ([ShipFitComponentId], [ShipFitId], [ComponentId], [BuyPrice], [SellPrice], [Quantity], [SlotType]) VALUES (1082, 42, 12058, 2302810.8979, 2467838.96, 1, 3)
INSERT [dbo].[ShipFitComponents] ([ShipFitComponentId], [ShipFitId], [ComponentId], [BuyPrice], [SellPrice], [Quantity], [SlotType]) VALUES (1083, 42, 13003, 927182.49469999992, 1149998.74, 2, 2)
INSERT [dbo].[ShipFitComponents] ([ShipFitComponentId], [ShipFitId], [ComponentId], [BuyPrice], [SellPrice], [Quantity], [SlotType]) VALUES (1084, 42, 19814, 203552.41040000002, 228499.9, 3, 3)
INSERT [dbo].[ShipFitComponents] ([ShipFitComponentId], [ShipFitId], [ComponentId], [BuyPrice], [SellPrice], [Quantity], [SlotType]) VALUES (1085, 42, 20353, 2343740.6025, 2420000, 1, 4)
INSERT [dbo].[ShipFitComponents] ([ShipFitComponentId], [ShipFitId], [ComponentId], [BuyPrice], [SellPrice], [Quantity], [SlotType]) VALUES (1086, 42, 29009, 9410.3922, 10449.46, 1, 8)
INSERT [dbo].[ShipFitComponents] ([ShipFitComponentId], [ShipFitId], [ComponentId], [BuyPrice], [SellPrice], [Quantity], [SlotType]) VALUES (1087, 42, 29011, 11110, 11444, 1, 8)
INSERT [dbo].[ShipFitComponents] ([ShipFitComponentId], [ShipFitId], [ComponentId], [BuyPrice], [SellPrice], [Quantity], [SlotType]) VALUES (1088, 42, 31011, 2232848.1676, 2377899.98, 1, 5)
INSERT [dbo].[ShipFitComponents] ([ShipFitComponentId], [ShipFitId], [ComponentId], [BuyPrice], [SellPrice], [Quantity], [SlotType]) VALUES (1089, 42, 31055, 2424000.0302999998, 2729787.94, 2, 5)
INSERT [dbo].[ShipFitComponents] ([ShipFitComponentId], [ShipFitId], [ComponentId], [BuyPrice], [SellPrice], [Quantity], [SlotType]) VALUES (1090, 43, 2048, 652461.1211, 669999.85, 1, 4)
INSERT [dbo].[ShipFitComponents] ([ShipFitComponentId], [ShipFitId], [ComponentId], [BuyPrice], [SellPrice], [Quantity], [SlotType]) VALUES (1091, 43, 3568, 765252.2651, 864999.96, 1, 3)
INSERT [dbo].[ShipFitComponents] ([ShipFitComponentId], [ShipFitId], [ComponentId], [BuyPrice], [SellPrice], [Quantity], [SlotType]) VALUES (1092, 43, 5975, 15756.0202, 17128.73, 1, 3)
INSERT [dbo].[ShipFitComponents] ([ShipFitComponentId], [ShipFitId], [ComponentId], [BuyPrice], [SellPrice], [Quantity], [SlotType]) VALUES (1093, 43, 11219, 396148.6438, 974999.72, 1, 4)
INSERT [dbo].[ShipFitComponents] ([ShipFitComponentId], [ShipFitId], [ComponentId], [BuyPrice], [SellPrice], [Quantity], [SlotType]) VALUES (1094, 43, 11249, 272700.3939, 349799, 1, 4)
INSERT [dbo].[ShipFitComponents] ([ShipFitComponentId], [ShipFitId], [ComponentId], [BuyPrice], [SellPrice], [Quantity], [SlotType]) VALUES (1095, 43, 11269, 855269.01, 878999.78, 1, 4)
INSERT [dbo].[ShipFitComponents] ([ShipFitComponentId], [ShipFitId], [ComponentId], [BuyPrice], [SellPrice], [Quantity], [SlotType]) VALUES (1096, 43, 12017, 217150002.04020003, 220999999.91, 1, 1)
INSERT [dbo].[ShipFitComponents] ([ShipFitComponentId], [ShipFitId], [ComponentId], [BuyPrice], [SellPrice], [Quantity], [SlotType]) VALUES (1097, 43, 13982, 17181113.5148, 20567793.06, 1, 4)
INSERT [dbo].[ShipFitComponents] ([ShipFitComponentId], [ShipFitId], [ComponentId], [BuyPrice], [SellPrice], [Quantity], [SlotType]) VALUES (1098, 43, 20218, 43026.0101, 66888.27, 1, 3)
INSERT [dbo].[ShipFitComponents] ([ShipFitComponentId], [ShipFitId], [ComponentId], [BuyPrice], [SellPrice], [Quantity], [SlotType]) VALUES (1099, 43, 20353, 2333111.3322, 2444441.99, 2, 4)
INSERT [dbo].[ShipFitComponents] ([ShipFitComponentId], [ShipFitId], [ComponentId], [BuyPrice], [SellPrice], [Quantity], [SlotType]) VALUES (1100, 43, 21096, 1464511.1302, 1521833, 1, 2)
INSERT [dbo].[ShipFitComponents] ([ShipFitComponentId], [ShipFitId], [ComponentId], [BuyPrice], [SellPrice], [Quantity], [SlotType]) VALUES (1101, 43, 28654, 4614692.3129, 4769002.09, 2, 2)
INSERT [dbo].[ShipFitComponents] ([ShipFitComponentId], [ShipFitId], [ComponentId], [BuyPrice], [SellPrice], [Quantity], [SlotType]) VALUES (1102, 43, 28668, 16751.546899999998, 17098.98, 50, 8)
INSERT [dbo].[ShipFitComponents] ([ShipFitComponentId], [ShipFitId], [ComponentId], [BuyPrice], [SellPrice], [Quantity], [SlotType]) VALUES (1103, 43, 29003, 80880.901000000013, 97789.89, 2, 8)
INSERT [dbo].[ShipFitComponents] ([ShipFitComponentId], [ShipFitId], [ComponentId], [BuyPrice], [SellPrice], [Quantity], [SlotType]) VALUES (1104, 43, 31059, 16011530.505, 16397762.29, 2, 5)
INSERT [dbo].[ShipFitComponents] ([ShipFitComponentId], [ShipFitId], [ComponentId], [BuyPrice], [SellPrice], [Quantity], [SlotType]) VALUES (1105, 43, 32006, 100899.1111, 104191.92, 8, 8)
INSERT [dbo].[ShipFitComponents] ([ShipFitComponentId], [ShipFitId], [ComponentId], [BuyPrice], [SellPrice], [Quantity], [SlotType]) VALUES (1106, 44, 2048, 646402.0806000001, 659999.93, 1, 4)
INSERT [dbo].[ShipFitComponents] ([ShipFitComponentId], [ShipFitId], [ComponentId], [BuyPrice], [SellPrice], [Quantity], [SlotType]) VALUES (1107, 44, 3568, 766162.87099999993, 814000, 1, 3)
INSERT [dbo].[ShipFitComponents] ([ShipFitComponentId], [ShipFitId], [ComponentId], [BuyPrice], [SellPrice], [Quantity], [SlotType]) VALUES (1108, 44, 5975, 17120.2474, 17798.94, 1, 3)
INSERT [dbo].[ShipFitComponents] ([ShipFitComponentId], [ShipFitId], [ComponentId], [BuyPrice], [SellPrice], [Quantity], [SlotType]) VALUES (1109, 44, 11219, 380897.7145, 428495.95, 1, 4)
INSERT [dbo].[ShipFitComponents] ([ShipFitComponentId], [ShipFitId], [ComponentId], [BuyPrice], [SellPrice], [Quantity], [SlotType]) VALUES (1110, 44, 11249, 257553.9693, 385869.9, 1, 4)
INSERT [dbo].[ShipFitComponents] ([ShipFitComponentId], [ShipFitId], [ComponentId], [BuyPrice], [SellPrice], [Quantity], [SlotType]) VALUES (1111, 44, 11269, 859514.5854000001, 895771.28, 1, 4)
INSERT [dbo].[ShipFitComponents] ([ShipFitComponentId], [ShipFitId], [ComponentId], [BuyPrice], [SellPrice], [Quantity], [SlotType]) VALUES (1112, 44, 12017, 235330006.08020002, 237999999.98, 1, 1)
INSERT [dbo].[ShipFitComponents] ([ShipFitComponentId], [ShipFitId], [ComponentId], [BuyPrice], [SellPrice], [Quantity], [SlotType]) VALUES (1113, 44, 13982, 18234087.3079, 20399237.29, 1, 4)
INSERT [dbo].[ShipFitComponents] ([ShipFitComponentId], [ShipFitId], [ComponentId], [BuyPrice], [SellPrice], [Quantity], [SlotType]) VALUES (1114, 44, 20218, 45450.0101, 59524.89, 1, 3)
INSERT [dbo].[ShipFitComponents] ([ShipFitComponentId], [ShipFitId], [ComponentId], [BuyPrice], [SellPrice], [Quantity], [SlotType]) VALUES (1115, 44, 20353, 2245232.6159, 2388260.13, 2, 4)
INSERT [dbo].[ShipFitComponents] ([ShipFitComponentId], [ShipFitId], [ComponentId], [BuyPrice], [SellPrice], [Quantity], [SlotType]) VALUES (1116, 44, 21096, 1442173.1521, 1528784.99, 1, 2)
INSERT [dbo].[ShipFitComponents] ([ShipFitComponentId], [ShipFitId], [ComponentId], [BuyPrice], [SellPrice], [Quantity], [SlotType]) VALUES (1117, 44, 28654, 5047510.047, 5522935.05, 2, 2)
INSERT [dbo].[ShipFitComponents] ([ShipFitComponentId], [ShipFitId], [ComponentId], [BuyPrice], [SellPrice], [Quantity], [SlotType]) VALUES (1118, 44, 28668, 17311.1576, 17600, 50, 8)
INSERT [dbo].[ShipFitComponents] ([ShipFitComponentId], [ShipFitId], [ComponentId], [BuyPrice], [SellPrice], [Quantity], [SlotType]) VALUES (1119, 44, 29003, 80810.1808, 97844.74, 2, 8)
INSERT [dbo].[ShipFitComponents] ([ShipFitComponentId], [ShipFitId], [ComponentId], [BuyPrice], [SellPrice], [Quantity], [SlotType]) VALUES (1120, 44, 31055, 2534090.0606, 2599994, 2, 5)
INSERT [dbo].[ShipFitComponents] ([ShipFitComponentId], [ShipFitId], [ComponentId], [BuyPrice], [SellPrice], [Quantity], [SlotType]) VALUES (1121, 44, 32006, 97567.030200000008, 104097.73, 8, 8)
INSERT [dbo].[ShipFitComponents] ([ShipFitComponentId], [ShipFitId], [ComponentId], [BuyPrice], [SellPrice], [Quantity], [SlotType]) VALUES (1138, 46, 590, 350073.34270000004, 417698.02, 1, 1)
INSERT [dbo].[ShipFitComponents] ([ShipFitComponentId], [ShipFitId], [ComponentId], [BuyPrice], [SellPrice], [Quantity], [SlotType]) VALUES (1139, 46, 2032, 550654.0705, 571493.24, 1, 3)
INSERT [dbo].[ShipFitComponents] ([ShipFitComponentId], [ShipFitId], [ComponentId], [BuyPrice], [SellPrice], [Quantity], [SlotType]) VALUES (1140, 46, 2456, 399965.15099999995, 417539.36, 1, 7)
INSERT [dbo].[ShipFitComponents] ([ShipFitComponentId], [ShipFitId], [ComponentId], [BuyPrice], [SellPrice], [Quantity], [SlotType]) VALUES (1141, 46, 5837, 1862865.109, 1989297.67, 1, 4)
INSERT [dbo].[ShipFitComponents] ([ShipFitComponentId], [ShipFitId], [ComponentId], [BuyPrice], [SellPrice], [Quantity], [SlotType]) VALUES (1142, 46, 6003, 20807.020099999998, 21898.9, 1, 3)
INSERT [dbo].[ShipFitComponents] ([ShipFitComponentId], [ShipFitId], [ComponentId], [BuyPrice], [SellPrice], [Quantity], [SlotType]) VALUES (1143, 46, 11269, 860532.19069999992, 929973.03, 2, 4)
INSERT [dbo].[ShipFitComponents] ([ShipFitComponentId], [ShipFitId], [ComponentId], [BuyPrice], [SellPrice], [Quantity], [SlotType]) VALUES (1144, 46, 11309, 234323.3027, 279995.98, 1, 4)
INSERT [dbo].[ShipFitComponents] ([ShipFitComponentId], [ShipFitId], [ComponentId], [BuyPrice], [SellPrice], [Quantity], [SlotType]) VALUES (1145, 46, 16439, 112110.0101, 136998.98, 3, 2)
INSERT [dbo].[ShipFitComponents] ([ShipFitComponentId], [ShipFitId], [ComponentId], [BuyPrice], [SellPrice], [Quantity], [SlotType]) VALUES (1146, 46, 30987, 594896.3933, 633597.27, 1, 5)
GO
INSERT [dbo].[ShipFitComponents] ([ShipFitComponentId], [ShipFitId], [ComponentId], [BuyPrice], [SellPrice], [Quantity], [SlotType]) VALUES (1147, 46, 31370, 305929.1111, 399698.97, 2, 5)
INSERT [dbo].[ShipFitComponents] ([ShipFitComponentId], [ShipFitId], [ComponentId], [BuyPrice], [SellPrice], [Quantity], [SlotType]) VALUES (1148, 47, 1306, 381782.7472, 404899.7, 1, 4)
INSERT [dbo].[ShipFitComponents] ([ShipFitComponentId], [ShipFitId], [ComponentId], [BuyPrice], [SellPrice], [Quantity], [SlotType]) VALUES (1149, 47, 1999, 879762.44930000009, 925029.13, 2, 4)
INSERT [dbo].[ShipFitComponents] ([ShipFitComponentId], [ShipFitId], [ComponentId], [BuyPrice], [SellPrice], [Quantity], [SlotType]) VALUES (1150, 47, 2048, 722151.0403, 744493.53, 1, 4)
INSERT [dbo].[ShipFitComponents] ([ShipFitComponentId], [ShipFitId], [ComponentId], [BuyPrice], [SellPrice], [Quantity], [SlotType]) VALUES (1151, 47, 2977, 862540.0202, 881997.98, 4, 2)
INSERT [dbo].[ShipFitComponents] ([ShipFitComponentId], [ShipFitId], [ComponentId], [BuyPrice], [SellPrice], [Quantity], [SlotType]) VALUES (1152, 47, 5302, 1548634.01, 1599999.24, 1, 3)
INSERT [dbo].[ShipFitComponents] ([ShipFitComponentId], [ShipFitId], [ComponentId], [BuyPrice], [SellPrice], [Quantity], [SlotType]) VALUES (1153, 47, 6003, 22630.2418, 29649.64, 1, 3)
INSERT [dbo].[ShipFitComponents] ([ShipFitComponentId], [ShipFitId], [ComponentId], [BuyPrice], [SellPrice], [Quantity], [SlotType]) VALUES (1154, 47, 11371, 23987500.6161, 24694852.27, 1, 1)
INSERT [dbo].[ShipFitComponents] ([ShipFitComponentId], [ShipFitId], [ComponentId], [BuyPrice], [SellPrice], [Quantity], [SlotType]) VALUES (1155, 47, 11563, 234426.0197, 249249.99, 1, 4)
INSERT [dbo].[ShipFitComponents] ([ShipFitComponentId], [ShipFitId], [ComponentId], [BuyPrice], [SellPrice], [Quantity], [SlotType]) VALUES (1156, 47, 12631, 70.6091, 77.96, 320, 8)
INSERT [dbo].[ShipFitComponents] ([ShipFitComponentId], [ShipFitId], [ComponentId], [BuyPrice], [SellPrice], [Quantity], [SlotType]) VALUES (1157, 47, 12633, 52.0756, 69.98, 320, 8)
INSERT [dbo].[ShipFitComponents] ([ShipFitComponentId], [ShipFitId], [ComponentId], [BuyPrice], [SellPrice], [Quantity], [SlotType]) VALUES (1158, 47, 21898, 527.30080000000009, 557.82, 320, 8)
INSERT [dbo].[ShipFitComponents] ([ShipFitComponentId], [ShipFitId], [ComponentId], [BuyPrice], [SellPrice], [Quantity], [SlotType]) VALUES (1159, 47, 21906, 513.9688, 534.58, 320, 8)
INSERT [dbo].[ShipFitComponents] ([ShipFitComponentId], [ShipFitId], [ComponentId], [BuyPrice], [SellPrice], [Quantity], [SlotType]) VALUES (1160, 47, 21924, 533.96679999999992, 587.93, 320, 8)
INSERT [dbo].[ShipFitComponents] ([ShipFitComponentId], [ShipFitId], [ComponentId], [BuyPrice], [SellPrice], [Quantity], [SlotType]) VALUES (1161, 47, 28668, 16539.0328, 17139.98, 30, 8)
INSERT [dbo].[ShipFitComponents] ([ShipFitComponentId], [ShipFitId], [ComponentId], [BuyPrice], [SellPrice], [Quantity], [SlotType]) VALUES (1162, 47, 29013, 8080, 9100.18, 1, 8)
INSERT [dbo].[ShipFitComponents] ([ShipFitComponentId], [ShipFitId], [ComponentId], [BuyPrice], [SellPrice], [Quantity], [SlotType]) VALUES (1163, 47, 29015, 8181, 9479.9, 1, 8)
INSERT [dbo].[ShipFitComponents] ([ShipFitComponentId], [ShipFitId], [ComponentId], [BuyPrice], [SellPrice], [Quantity], [SlotType]) VALUES (1164, 47, 31680, 50500.303, 89989.98, 2, 5)
INSERT [dbo].[ShipFitComponents] ([ShipFitComponentId], [ShipFitId], [ComponentId], [BuyPrice], [SellPrice], [Quantity], [SlotType]) VALUES (2138, 41, 23711, 7070.1919, 10894.99, 4, 7)
INSERT [dbo].[ShipFitComponents] ([ShipFitComponentId], [ShipFitId], [ComponentId], [BuyPrice], [SellPrice], [Quantity], [SlotType]) VALUES (2139, 1046, 438, 1812973.1997, 1897985.76, 1, 3)
INSERT [dbo].[ShipFitComponents] ([ShipFitComponentId], [ShipFitId], [ComponentId], [BuyPrice], [SellPrice], [Quantity], [SlotType]) VALUES (2140, 1046, 2281, 1608326.02, 1644498.76, 1, 3)
INSERT [dbo].[ShipFitComponents] ([ShipFitComponentId], [ShipFitId], [ComponentId], [BuyPrice], [SellPrice], [Quantity], [SlotType]) VALUES (2141, 1046, 3074, 942543.6352, 999565.94, 4, 2)
INSERT [dbo].[ShipFitComponents] ([ShipFitComponentId], [ShipFitId], [ComponentId], [BuyPrice], [SellPrice], [Quantity], [SlotType]) VALUES (2142, 1046, 5837, 1975130.952, 2064821.35, 1, 4)
INSERT [dbo].[ShipFitComponents] ([ShipFitComponentId], [ShipFitId], [ComponentId], [BuyPrice], [SellPrice], [Quantity], [SlotType]) VALUES (2143, 1046, 6160, 1489751.4442999999, 1551958.05, 1, 3)
INSERT [dbo].[ShipFitComponents] ([ShipFitComponentId], [ShipFitId], [ComponentId], [BuyPrice], [SellPrice], [Quantity], [SlotType]) VALUES (2144, 1046, 9580, 43430.1212, 69999.71, 1, 3)
INSERT [dbo].[ShipFitComponents] ([ShipFitComponentId], [ShipFitId], [ComponentId], [BuyPrice], [SellPrice], [Quantity], [SlotType]) VALUES (2145, 1046, 10190, 909000.17170000006, 934288.28, 2, 4)
INSERT [dbo].[ShipFitComponents] ([ShipFitComponentId], [ShipFitId], [ComponentId], [BuyPrice], [SellPrice], [Quantity], [SlotType]) VALUES (2146, 1046, 11381, 24341000, 25029981.78, 1, 1)
INSERT [dbo].[ShipFitComponents] ([ShipFitComponentId], [ShipFitId], [ComponentId], [BuyPrice], [SellPrice], [Quantity], [SlotType]) VALUES (2147, 1046, 12618, 213.6453, 227.89, 3000, 8)
INSERT [dbo].[ShipFitComponents] ([ShipFitComponentId], [ShipFitId], [ComponentId], [BuyPrice], [SellPrice], [Quantity], [SlotType]) VALUES (2148, 1046, 23009, 458.0451, 480.67, 3000, 8)
INSERT [dbo].[ShipFitComponents] ([ShipFitComponentId], [ShipFitId], [ComponentId], [BuyPrice], [SellPrice], [Quantity], [SlotType]) VALUES (2149, 1046, 23013, 446.4301, 599.98, 3000, 8)
INSERT [dbo].[ShipFitComponents] ([ShipFitComponentId], [ShipFitId], [ComponentId], [BuyPrice], [SellPrice], [Quantity], [SlotType]) VALUES (2150, 1046, 26929, 17584.8272, 27457.36, 1, 5)
INSERT [dbo].[ShipFitComponents] ([ShipFitComponentId], [ShipFitId], [ComponentId], [BuyPrice], [SellPrice], [Quantity], [SlotType]) VALUES (2151, 1046, 28668, 16566.969399999998, 17143.98, 30, 8)
INSERT [dbo].[ShipFitComponents] ([ShipFitComponentId], [ShipFitId], [ComponentId], [BuyPrice], [SellPrice], [Quantity], [SlotType]) VALUES (2152, 1046, 29009, 9408.453, 10449, 1, 8)
INSERT [dbo].[ShipFitComponents] ([ShipFitComponentId], [ShipFitId], [ComponentId], [BuyPrice], [SellPrice], [Quantity], [SlotType]) VALUES (2153, 1046, 29011, 11110, 11443.99, 1, 8)
INSERT [dbo].[ShipFitComponents] ([ShipFitComponentId], [ShipFitId], [ComponentId], [BuyPrice], [SellPrice], [Quantity], [SlotType]) VALUES (2154, 1046, 31788, 575931.9364, 785992.22, 1, 5)
INSERT [dbo].[ShipFitComponents] ([ShipFitComponentId], [ShipFitId], [ComponentId], [BuyPrice], [SellPrice], [Quantity], [SlotType]) VALUES (2155, 1047, 603, 460110.55, 469998.91, 1, 1)
INSERT [dbo].[ShipFitComponents] ([ShipFitComponentId], [ShipFitId], [ComponentId], [BuyPrice], [SellPrice], [Quantity], [SlotType]) VALUES (2156, 1047, 1999, 771643.03, 969998.96, 1, 4)
INSERT [dbo].[ShipFitComponents] ([ShipFitComponentId], [ShipFitId], [ComponentId], [BuyPrice], [SellPrice], [Quantity], [SlotType]) VALUES (2157, 1047, 2281, 1618021.01, 1664690.41, 1, 3)
INSERT [dbo].[ShipFitComponents] ([ShipFitComponentId], [ShipFitId], [ComponentId], [BuyPrice], [SellPrice], [Quantity], [SlotType]) VALUES (2158, 1047, 5837, 2015962.02, 2117325.07, 1, 4)
INSERT [dbo].[ShipFitComponents] ([ShipFitComponentId], [ShipFitId], [ComponentId], [BuyPrice], [SellPrice], [Quantity], [SlotType]) VALUES (2159, 1047, 6003, 27273.3936, 36999.96, 1, 3)
INSERT [dbo].[ShipFitComponents] ([ShipFitComponentId], [ShipFitId], [ComponentId], [BuyPrice], [SellPrice], [Quantity], [SlotType]) VALUES (2160, 1047, 6173, 156663.4129, 223998.56, 1, 3)
INSERT [dbo].[ShipFitComponents] ([ShipFitComponentId], [ShipFitId], [ComponentId], [BuyPrice], [SellPrice], [Quantity], [SlotType]) VALUES (2161, 1047, 7287, 447430, 471499.85, 3, 2)
INSERT [dbo].[ShipFitComponents] ([ShipFitComponentId], [ShipFitId], [ComponentId], [BuyPrice], [SellPrice], [Quantity], [SlotType]) VALUES (2162, 1047, 8433, 606505.0202, 655720.22, 1, 3)
INSERT [dbo].[ShipFitComponents] ([ShipFitComponentId], [ShipFitId], [ComponentId], [BuyPrice], [SellPrice], [Quantity], [SlotType]) VALUES (2163, 1047, 11563, 232805.0303, 247499.85, 1, 4)
INSERT [dbo].[ShipFitComponents] ([ShipFitComponentId], [ShipFitId], [ComponentId], [BuyPrice], [SellPrice], [Quantity], [SlotType]) VALUES (2164, 1047, 31358, 934601.8941, 1489999.96, 1, 5)
INSERT [dbo].[ShipFitComponents] ([ShipFitComponentId], [ShipFitId], [ComponentId], [BuyPrice], [SellPrice], [Quantity], [SlotType]) VALUES (2165, 1047, 31562, 36360, 66994.9, 2, 5)
INSERT [dbo].[ShipFitComponents] ([ShipFitComponentId], [ShipFitId], [ComponentId], [BuyPrice], [SellPrice], [Quantity], [SlotType]) VALUES (2176, 1049, 2605, 470766.58530000004, 488993.87, 1, 4)
INSERT [dbo].[ShipFitComponents] ([ShipFitComponentId], [ShipFitId], [ComponentId], [BuyPrice], [SellPrice], [Quantity], [SlotType]) VALUES (2177, 1049, 6003, 27273.3936, 36999.96, 1, 3)
INSERT [dbo].[ShipFitComponents] ([ShipFitComponentId], [ShipFitId], [ComponentId], [BuyPrice], [SellPrice], [Quantity], [SlotType]) VALUES (2178, 1049, 6159, 95968.149700000009, 131997, 1, 3)
INSERT [dbo].[ShipFitComponents] ([ShipFitComponentId], [ShipFitId], [ComponentId], [BuyPrice], [SellPrice], [Quantity], [SlotType]) VALUES (2179, 1049, 7287, 447430.0101, 471496.37, 7, 2)
INSERT [dbo].[ShipFitComponents] ([ShipFitComponentId], [ShipFitId], [ComponentId], [BuyPrice], [SellPrice], [Quantity], [SlotType]) VALUES (2180, 1049, 8433, 606505.0202, 655720.22, 1, 3)
INSERT [dbo].[ShipFitComponents] ([ShipFitComponentId], [ShipFitId], [ComponentId], [BuyPrice], [SellPrice], [Quantity], [SlotType]) VALUES (2181, 1049, 10190, 950420.13030000008, 1018998.35, 1, 4)
INSERT [dbo].[ShipFitComponents] ([ShipFitComponentId], [ShipFitId], [ComponentId], [BuyPrice], [SellPrice], [Quantity], [SlotType]) VALUES (2182, 1049, 10629, 8080.5151000000005, 13999, 1, 2)
INSERT [dbo].[ShipFitComponents] ([ShipFitComponentId], [ShipFitId], [ComponentId], [BuyPrice], [SellPrice], [Quantity], [SlotType]) VALUES (2183, 1049, 16238, 1010011.2413, 1171818.18, 1, 1)
INSERT [dbo].[ShipFitComponents] ([ShipFitComponentId], [ShipFitId], [ComponentId], [BuyPrice], [SellPrice], [Quantity], [SlotType]) VALUES (2184, 1049, 23009, 467.6401, 485.95, 4000, 8)
INSERT [dbo].[ShipFitComponents] ([ShipFitComponentId], [ShipFitId], [ComponentId], [BuyPrice], [SellPrice], [Quantity], [SlotType]) VALUES (2185, 1049, 23013, 445.4201, 599.78, 4000, 8)
INSERT [dbo].[ShipFitComponents] ([ShipFitComponentId], [ShipFitId], [ComponentId], [BuyPrice], [SellPrice], [Quantity], [SlotType]) VALUES (2186, 1049, 23021, 303.01009999999997, 549.73, 4000, 8)
INSERT [dbo].[ShipFitComponents] ([ShipFitComponentId], [ShipFitId], [ComponentId], [BuyPrice], [SellPrice], [Quantity], [SlotType]) VALUES (2187, 1049, 27327, 686.8, 780, 300, 8)
INSERT [dbo].[ShipFitComponents] ([ShipFitComponentId], [ShipFitId], [ComponentId], [BuyPrice], [SellPrice], [Quantity], [SlotType]) VALUES (2188, 1049, 28668, 16766.303, 16996.41, 30, 8)
INSERT [dbo].[ShipFitComponents] ([ShipFitComponentId], [ShipFitId], [ComponentId], [BuyPrice], [SellPrice], [Quantity], [SlotType]) VALUES (2189, 1049, 29009, 8080.6060000000007, 10483.48, 1, 8)
INSERT [dbo].[ShipFitComponents] ([ShipFitComponentId], [ShipFitId], [ComponentId], [BuyPrice], [SellPrice], [Quantity], [SlotType]) VALUES (2190, 1049, 29011, 10723.3013, 12547.71, 1, 8)
INSERT [dbo].[ShipFitComponents] ([ShipFitComponentId], [ShipFitId], [ComponentId], [BuyPrice], [SellPrice], [Quantity], [SlotType]) VALUES (2191, 1049, 31358, 934251.3534, 1466205.38, 2, 5)
INSERT [dbo].[ShipFitComponents] ([ShipFitComponentId], [ShipFitId], [ComponentId], [BuyPrice], [SellPrice], [Quantity], [SlotType]) VALUES (2192, 1049, 31562, 36360, 66994.9, 1, 5)
INSERT [dbo].[ShipFitComponents] ([ShipFitComponentId], [ShipFitId], [ComponentId], [BuyPrice], [SellPrice], [Quantity], [SlotType]) VALUES (2193, 1050, 1236, 565605.10050000006, 579999.93, 2, 4)
INSERT [dbo].[ShipFitComponents] ([ShipFitComponentId], [ShipFitId], [ComponentId], [BuyPrice], [SellPrice], [Quantity], [SlotType]) VALUES (2194, 1050, 2048, 651453.3835, 678899.74, 1, 4)
INSERT [dbo].[ShipFitComponents] ([ShipFitComponentId], [ShipFitId], [ComponentId], [BuyPrice], [SellPrice], [Quantity], [SlotType]) VALUES (2195, 1050, 2281, 1618021.01, 1664690.41, 1, 3)
INSERT [dbo].[ShipFitComponents] ([ShipFitComponentId], [ShipFitId], [ComponentId], [BuyPrice], [SellPrice], [Quantity], [SlotType]) VALUES (2196, 1050, 3244, 1080728.5426, 1148996.62, 1, 3)
INSERT [dbo].[ShipFitComponents] ([ShipFitComponentId], [ShipFitId], [ComponentId], [BuyPrice], [SellPrice], [Quantity], [SlotType]) VALUES (2197, 1050, 5973, 230351.0939, 258999.87, 1, 3)
INSERT [dbo].[ShipFitComponents] ([ShipFitComponentId], [ShipFitId], [ComponentId], [BuyPrice], [SellPrice], [Quantity], [SlotType]) VALUES (2198, 1050, 8517, 2848200.1212, 2962727, 1, 3)
INSERT [dbo].[ShipFitComponents] ([ShipFitComponentId], [ShipFitId], [ComponentId], [BuyPrice], [SellPrice], [Quantity], [SlotType]) VALUES (2199, 1050, 10629, 8080.5151000000005, 13999, 1, 2)
INSERT [dbo].[ShipFitComponents] ([ShipFitComponentId], [ShipFitId], [ComponentId], [BuyPrice], [SellPrice], [Quantity], [SlotType]) VALUES (2200, 1050, 11176, 20705000, 21299998.49, 1, 1)
INSERT [dbo].[ShipFitComponents] ([ShipFitComponentId], [ShipFitId], [ComponentId], [BuyPrice], [SellPrice], [Quantity], [SlotType]) VALUES (2201, 1050, 31716, 27371.101, 38404.32, 1, 5)
INSERT [dbo].[ShipFitComponents] ([ShipFitComponentId], [ShipFitId], [ComponentId], [BuyPrice], [SellPrice], [Quantity], [SlotType]) VALUES (2202, 1050, 31788, 437338.5345, 449962.62, 1, 5)
INSERT [dbo].[ShipFitComponents] ([ShipFitComponentId], [ShipFitId], [ComponentId], [BuyPrice], [SellPrice], [Quantity], [SlotType]) VALUES (2203, 1051, 2048, 657856.8946, 683976.53, 1, 4)
INSERT [dbo].[ShipFitComponents] ([ShipFitComponentId], [ShipFitId], [ComponentId], [BuyPrice], [SellPrice], [Quantity], [SlotType]) VALUES (2204, 1051, 2281, 1617013.3128, 1666864.9, 1, 3)
INSERT [dbo].[ShipFitComponents] ([ShipFitComponentId], [ShipFitId], [ComponentId], [BuyPrice], [SellPrice], [Quantity], [SlotType]) VALUES (2205, 1051, 2301, 1318057.6760000002, 1455748.96, 1, 3)
INSERT [dbo].[ShipFitComponents] ([ShipFitComponentId], [ShipFitId], [ComponentId], [BuyPrice], [SellPrice], [Quantity], [SlotType]) VALUES (2206, 1051, 3831, 732867.211, 783609.09, 1, 3)
INSERT [dbo].[ShipFitComponents] ([ShipFitComponentId], [ShipFitId], [ComponentId], [BuyPrice], [SellPrice], [Quantity], [SlotType]) VALUES (2207, 1051, 5973, 227261.4534, 242582.45, 1, 3)
INSERT [dbo].[ShipFitComponents] ([ShipFitComponentId], [ShipFitId], [ComponentId], [BuyPrice], [SellPrice], [Quantity], [SlotType]) VALUES (2208, 1051, 8517, 2840423, 3011073.44, 1, 3)
INSERT [dbo].[ShipFitComponents] ([ShipFitComponentId], [ShipFitId], [ComponentId], [BuyPrice], [SellPrice], [Quantity], [SlotType]) VALUES (2209, 1051, 8759, 2225064.3299000002, 4884995.54, 1, 2)
INSERT [dbo].[ShipFitComponents] ([ShipFitComponentId], [ShipFitId], [ComponentId], [BuyPrice], [SellPrice], [Quantity], [SlotType]) VALUES (2210, 1051, 11370, 1271741.6616, 1385853.45, 1, 2)
INSERT [dbo].[ShipFitComponents] ([ShipFitComponentId], [ShipFitId], [ComponentId], [BuyPrice], [SellPrice], [Quantity], [SlotType]) VALUES (2211, 1051, 22464, 35452317.04, 37882998.95, 1, 1)
INSERT [dbo].[ShipFitComponents] ([ShipFitComponentId], [ShipFitId], [ComponentId], [BuyPrice], [SellPrice], [Quantity], [SlotType]) VALUES (2212, 1051, 22782, 1066080.9873, 1174998.98, 1, 2)
INSERT [dbo].[ShipFitComponents] ([ShipFitComponentId], [ShipFitId], [ComponentId], [BuyPrice], [SellPrice], [Quantity], [SlotType]) VALUES (2213, 1051, 31752, 26263.1209, 53406.98, 1, 5)
INSERT [dbo].[ShipFitComponents] ([ShipFitComponentId], [ShipFitId], [ComponentId], [BuyPrice], [SellPrice], [Quantity], [SlotType]) VALUES (2214, 1051, 31788, 424201.1716, 659058.75, 1, 5)
INSERT [dbo].[ShipFitComponents] ([ShipFitComponentId], [ShipFitId], [ComponentId], [BuyPrice], [SellPrice], [Quantity], [SlotType]) VALUES (2215, 1052, 438, 1499867.7154, 1584884.94, 1, 3)
INSERT [dbo].[ShipFitComponents] ([ShipFitComponentId], [ShipFitId], [ComponentId], [BuyPrice], [SellPrice], [Quantity], [SlotType]) VALUES (2216, 1052, 1541, 584920.2799, 618888.82, 1, 4)
INSERT [dbo].[ShipFitComponents] ([ShipFitComponentId], [ShipFitId], [ComponentId], [BuyPrice], [SellPrice], [Quantity], [SlotType]) VALUES (2217, 1052, 2048, 657856.8946, 683976.53, 1, 4)
INSERT [dbo].[ShipFitComponents] ([ShipFitComponentId], [ShipFitId], [ComponentId], [BuyPrice], [SellPrice], [Quantity], [SlotType]) VALUES (2218, 1052, 2281, 1617013.3128, 1666864.9, 1, 3)
INSERT [dbo].[ShipFitComponents] ([ShipFitComponentId], [ShipFitId], [ComponentId], [BuyPrice], [SellPrice], [Quantity], [SlotType]) VALUES (2219, 1052, 2488, 446942.8063, 459847.95, 5, 7)
INSERT [dbo].[ShipFitComponents] ([ShipFitComponentId], [ShipFitId], [ComponentId], [BuyPrice], [SellPrice], [Quantity], [SlotType]) VALUES (2220, 1052, 3831, 732867.211, 783609.09, 1, 3)
INSERT [dbo].[ShipFitComponents] ([ShipFitComponentId], [ShipFitId], [ComponentId], [BuyPrice], [SellPrice], [Quantity], [SlotType]) VALUES (2221, 1052, 5302, 1549643.0101, 1666131.01, 2, 3)
INSERT [dbo].[ShipFitComponents] ([ShipFitComponentId], [ShipFitId], [ComponentId], [BuyPrice], [SellPrice], [Quantity], [SlotType]) VALUES (2222, 1052, 8789, 697919.00920000009, 729010.57, 2, 2)
INSERT [dbo].[ShipFitComponents] ([ShipFitComponentId], [ShipFitId], [ComponentId], [BuyPrice], [SellPrice], [Quantity], [SlotType]) VALUES (2223, 1052, 11174, 21533201.3332, 22497999.75, 1, 1)
INSERT [dbo].[ShipFitComponents] ([ShipFitComponentId], [ShipFitId], [ComponentId], [BuyPrice], [SellPrice], [Quantity], [SlotType]) VALUES (2224, 1052, 11563, 223212.222, 247884.87, 1, 4)
INSERT [dbo].[ShipFitComponents] ([ShipFitComponentId], [ShipFitId], [ComponentId], [BuyPrice], [SellPrice], [Quantity], [SlotType]) VALUES (2225, 1052, 21924, 529.139, 539.92, 2000, 8)
INSERT [dbo].[ShipFitComponents] ([ShipFitComponentId], [ShipFitId], [ComponentId], [BuyPrice], [SellPrice], [Quantity], [SlotType]) VALUES (2226, 1052, 28668, 17054.0116, 17439.96, 30, 8)
INSERT [dbo].[ShipFitComponents] ([ShipFitComponentId], [ShipFitId], [ComponentId], [BuyPrice], [SellPrice], [Quantity], [SlotType]) VALUES (2227, 1052, 29013, 10756.5, 11989.89, 2, 8)
INSERT [dbo].[ShipFitComponents] ([ShipFitComponentId], [ShipFitId], [ComponentId], [BuyPrice], [SellPrice], [Quantity], [SlotType]) VALUES (2228, 1052, 29015, 8484.0101, 9588.51, 2, 8)
INSERT [dbo].[ShipFitComponents] ([ShipFitComponentId], [ShipFitId], [ComponentId], [BuyPrice], [SellPrice], [Quantity], [SlotType]) VALUES (2229, 1052, 31716, 40503.1513, 52961.06, 1, 5)
GO
INSERT [dbo].[ShipFitComponents] ([ShipFitComponentId], [ShipFitId], [ComponentId], [BuyPrice], [SellPrice], [Quantity], [SlotType]) VALUES (2230, 1052, 31788, 424201.1716, 659058.75, 1, 5)
INSERT [dbo].[ShipFitComponents] ([ShipFitComponentId], [ShipFitId], [ComponentId], [BuyPrice], [SellPrice], [Quantity], [SlotType]) VALUES (2231, 1053, 609, 528853.2912, 578978, 1, 1)
INSERT [dbo].[ShipFitComponents] ([ShipFitComponentId], [ShipFitId], [ComponentId], [BuyPrice], [SellPrice], [Quantity], [SlotType]) VALUES (2232, 1053, 2048, 649430.0202, 669999.93, 1, 4)
INSERT [dbo].[ShipFitComponents] ([ShipFitComponentId], [ShipFitId], [ComponentId], [BuyPrice], [SellPrice], [Quantity], [SlotType]) VALUES (2233, 1053, 2488, 430260.9999, 449598.96, 6, 7)
INSERT [dbo].[ShipFitComponents] ([ShipFitComponentId], [ShipFitId], [ComponentId], [BuyPrice], [SellPrice], [Quantity], [SlotType]) VALUES (2234, 1053, 2605, 470771.22119999997, 488997.86, 1, 4)
INSERT [dbo].[ShipFitComponents] ([ShipFitComponentId], [ShipFitId], [ComponentId], [BuyPrice], [SellPrice], [Quantity], [SlotType]) VALUES (2235, 1053, 5299, 92516.0303, 123997.99, 2, 3)
INSERT [dbo].[ShipFitComponents] ([ShipFitComponentId], [ShipFitId], [ComponentId], [BuyPrice], [SellPrice], [Quantity], [SlotType]) VALUES (2236, 1053, 6003, 22725.0303, 38989.95, 1, 3)
INSERT [dbo].[ShipFitComponents] ([ShipFitComponentId], [ShipFitId], [ComponentId], [BuyPrice], [SellPrice], [Quantity], [SlotType]) VALUES (2237, 1053, 8397, 47066.0101, 73555.51, 1, 3)
INSERT [dbo].[ShipFitComponents] ([ShipFitComponentId], [ShipFitId], [ComponentId], [BuyPrice], [SellPrice], [Quantity], [SlotType]) VALUES (2238, 1053, 8863, 517424.8887, 669908.23, 2, 2)
INSERT [dbo].[ShipFitComponents] ([ShipFitComponentId], [ShipFitId], [ComponentId], [BuyPrice], [SellPrice], [Quantity], [SlotType]) VALUES (2239, 1053, 11563, 232300.0101, 247449.7, 1, 4)
INSERT [dbo].[ShipFitComponents] ([ShipFitComponentId], [ShipFitId], [ComponentId], [BuyPrice], [SellPrice], [Quantity], [SlotType]) VALUES (2240, 1053, 21924, 480.7802, 527.5, 2000, 8)
INSERT [dbo].[ShipFitComponents] ([ShipFitComponentId], [ShipFitId], [ComponentId], [BuyPrice], [SellPrice], [Quantity], [SlotType]) VALUES (2241, 1053, 28668, 16928.296899999998, 17029.93, 30, 8)
INSERT [dbo].[ShipFitComponents] ([ShipFitComponentId], [ShipFitId], [ComponentId], [BuyPrice], [SellPrice], [Quantity], [SlotType]) VALUES (2242, 1053, 29013, 7578.6764, 9000, 2, 8)
INSERT [dbo].[ShipFitComponents] ([ShipFitComponentId], [ShipFitId], [ComponentId], [BuyPrice], [SellPrice], [Quantity], [SlotType]) VALUES (2243, 1053, 29015, 6272.7666, 9586.89, 2, 8)
INSERT [dbo].[ShipFitComponents] ([ShipFitComponentId], [ShipFitId], [ComponentId], [BuyPrice], [SellPrice], [Quantity], [SlotType]) VALUES (2244, 1053, 31105, 161600.0202, 200000, 1, 5)
INSERT [dbo].[ShipFitComponents] ([ShipFitComponentId], [ShipFitId], [ComponentId], [BuyPrice], [SellPrice], [Quantity], [SlotType]) VALUES (2245, 1053, 31262, 282801.01, 305517.25, 1, 5)
INSERT [dbo].[ShipFitComponents] ([ShipFitComponentId], [ShipFitId], [ComponentId], [BuyPrice], [SellPrice], [Quantity], [SlotType]) VALUES (2246, 1053, 31788, 404101.0101, 434998.54, 1, 5)
INSERT [dbo].[ShipFitComponents] ([ShipFitComponentId], [ShipFitId], [ComponentId], [BuyPrice], [SellPrice], [Quantity], [SlotType]) VALUES (2247, 1054, 2048, 646703.01010000007, 680998.95, 1, 4)
INSERT [dbo].[ShipFitComponents] ([ShipFitComponentId], [ShipFitId], [ComponentId], [BuyPrice], [SellPrice], [Quantity], [SlotType]) VALUES (2248, 1054, 2281, 1618424.0303, 1669982.72, 1, 3)
INSERT [dbo].[ShipFitComponents] ([ShipFitComponentId], [ShipFitId], [ComponentId], [BuyPrice], [SellPrice], [Quantity], [SlotType]) VALUES (2249, 1054, 2605, 474629.13840000005, 494993.63, 1, 4)
INSERT [dbo].[ShipFitComponents] ([ShipFitComponentId], [ShipFitId], [ComponentId], [BuyPrice], [SellPrice], [Quantity], [SlotType]) VALUES (2250, 1054, 3831, 732868.1604, 782609.6, 1, 3)
INSERT [dbo].[ShipFitComponents] ([ShipFitComponentId], [ShipFitId], [ComponentId], [BuyPrice], [SellPrice], [Quantity], [SlotType]) VALUES (2251, 1054, 5973, 227265.8469, 246151.24, 1, 3)
INSERT [dbo].[ShipFitComponents] ([ShipFitComponentId], [ShipFitId], [ComponentId], [BuyPrice], [SellPrice], [Quantity], [SlotType]) VALUES (2252, 1054, 8517, 2840425.02, 2999971.67, 1, 3)
INSERT [dbo].[ShipFitComponents] ([ShipFitComponentId], [ShipFitId], [ComponentId], [BuyPrice], [SellPrice], [Quantity], [SlotType]) VALUES (2253, 1054, 8759, 2225086.0853, 4505895.71, 1, 2)
INSERT [dbo].[ShipFitComponents] ([ShipFitComponentId], [ShipFitId], [ComponentId], [BuyPrice], [SellPrice], [Quantity], [SlotType]) VALUES (2254, 1054, 11370, 1273610.4949, 1369948.91, 1, 2)
INSERT [dbo].[ShipFitComponents] ([ShipFitComponentId], [ShipFitId], [ComponentId], [BuyPrice], [SellPrice], [Quantity], [SlotType]) VALUES (2255, 1054, 22456, 42420011.6453, 43995486.87, 1, 1)
INSERT [dbo].[ShipFitComponents] ([ShipFitComponentId], [ShipFitId], [ComponentId], [BuyPrice], [SellPrice], [Quantity], [SlotType]) VALUES (2256, 1054, 22782, 1066080.9974, 1174998.34, 1, 2)
INSERT [dbo].[ShipFitComponents] ([ShipFitComponentId], [ShipFitId], [ComponentId], [BuyPrice], [SellPrice], [Quantity], [SlotType]) VALUES (2257, 1054, 31788, 482780.10099999997, 678876.99, 2, 5)
INSERT [dbo].[ShipFitComponents] ([ShipFitComponentId], [ShipFitId], [ComponentId], [BuyPrice], [SellPrice], [Quantity], [SlotType]) VALUES (2258, 1055, 631, 7968924.1895, 8820014.24, 1, 1)
INSERT [dbo].[ShipFitComponents] ([ShipFitComponentId], [ShipFitId], [ComponentId], [BuyPrice], [SellPrice], [Quantity], [SlotType]) VALUES (2259, 1055, 1952, 1009947.3689, 1100354.98, 1, 3)
INSERT [dbo].[ShipFitComponents] ([ShipFitComponentId], [ShipFitId], [ComponentId], [BuyPrice], [SellPrice], [Quantity], [SlotType]) VALUES (2260, 1055, 2048, 657856.8946, 683965.66, 1, 4)
INSERT [dbo].[ShipFitComponents] ([ShipFitComponentId], [ShipFitId], [ComponentId], [BuyPrice], [SellPrice], [Quantity], [SlotType]) VALUES (2261, 1055, 2281, 1617013.3128, 1666864.9, 2, 3)
INSERT [dbo].[ShipFitComponents] ([ShipFitComponentId], [ShipFitId], [ComponentId], [BuyPrice], [SellPrice], [Quantity], [SlotType]) VALUES (2262, 1055, 2488, 446942.8063, 459847.95, 5, 7)
INSERT [dbo].[ShipFitComponents] ([ShipFitComponentId], [ShipFitId], [ComponentId], [BuyPrice], [SellPrice], [Quantity], [SlotType]) VALUES (2263, 1055, 2553, 796214.2191, 877999.9, 1, 3)
INSERT [dbo].[ShipFitComponents] ([ShipFitComponentId], [ShipFitId], [ComponentId], [BuyPrice], [SellPrice], [Quantity], [SlotType]) VALUES (2264, 1055, 8173, 380368.78760000004, 457235.74, 4, 4)
INSERT [dbo].[ShipFitComponents] ([ShipFitComponentId], [ShipFitId], [ComponentId], [BuyPrice], [SellPrice], [Quantity], [SlotType]) VALUES (2265, 1055, 8585, 215338.57510000002, 253897.72, 3, 2)
INSERT [dbo].[ShipFitComponents] ([ShipFitComponentId], [ShipFitId], [ComponentId], [BuyPrice], [SellPrice], [Quantity], [SlotType]) VALUES (2266, 1055, 12058, 2020001.8079000001, 2099998.88, 1, 3)
INSERT [dbo].[ShipFitComponents] ([ShipFitComponentId], [ShipFitId], [ComponentId], [BuyPrice], [SellPrice], [Quantity], [SlotType]) VALUES (2267, 1055, 23711, 9443.8333, 10899.86, 4, 7)
INSERT [dbo].[ShipFitComponents] ([ShipFitComponentId], [ShipFitId], [ComponentId], [BuyPrice], [SellPrice], [Quantity], [SlotType]) VALUES (2268, 1055, 28668, 17054.0116, 17439.96, 30, 8)
INSERT [dbo].[ShipFitComponents] ([ShipFitComponentId], [ShipFitId], [ComponentId], [BuyPrice], [SellPrice], [Quantity], [SlotType]) VALUES (2269, 1055, 29011, 10104.2319, 13598.5, 1, 8)
INSERT [dbo].[ShipFitComponents] ([ShipFitComponentId], [ShipFitId], [ComponentId], [BuyPrice], [SellPrice], [Quantity], [SlotType]) VALUES (2270, 1055, 31324, 848400.2828, 905974.94, 2, 5)
INSERT [dbo].[ShipFitComponents] ([ShipFitComponentId], [ShipFitId], [ComponentId], [BuyPrice], [SellPrice], [Quantity], [SlotType]) VALUES (2271, 1055, 31372, 1313142.5110000002, 1520994.74, 1, 5)
INSERT [dbo].[ShipFitComponents] ([ShipFitComponentId], [ShipFitId], [ComponentId], [BuyPrice], [SellPrice], [Quantity], [SlotType]) VALUES (2272, 1056, 1236, 505037.9255, 610999.57, 1, 4)
INSERT [dbo].[ShipFitComponents] ([ShipFitComponentId], [ShipFitId], [ComponentId], [BuyPrice], [SellPrice], [Quantity], [SlotType]) VALUES (2273, 1056, 2048, 657856.8946, 683976.53, 1, 4)
INSERT [dbo].[ShipFitComponents] ([ShipFitComponentId], [ShipFitId], [ComponentId], [BuyPrice], [SellPrice], [Quantity], [SlotType]) VALUES (2274, 1056, 2281, 1617013.3128, 1666862.46, 1, 3)
INSERT [dbo].[ShipFitComponents] ([ShipFitComponentId], [ShipFitId], [ComponentId], [BuyPrice], [SellPrice], [Quantity], [SlotType]) VALUES (2275, 1056, 3244, 1146351.818, 1176500, 1, 3)
INSERT [dbo].[ShipFitComponents] ([ShipFitComponentId], [ShipFitId], [ComponentId], [BuyPrice], [SellPrice], [Quantity], [SlotType]) VALUES (2276, 1056, 5973, 227261.4534, 242582.45, 1, 3)
INSERT [dbo].[ShipFitComponents] ([ShipFitComponentId], [ShipFitId], [ComponentId], [BuyPrice], [SellPrice], [Quantity], [SlotType]) VALUES (2277, 1056, 8517, 2840423, 3011073.44, 1, 3)
INSERT [dbo].[ShipFitComponents] ([ShipFitComponentId], [ShipFitId], [ComponentId], [BuyPrice], [SellPrice], [Quantity], [SlotType]) VALUES (2278, 1056, 8759, 2225064.3299000002, 4884995.24, 1, 2)
INSERT [dbo].[ShipFitComponents] ([ShipFitComponentId], [ShipFitId], [ComponentId], [BuyPrice], [SellPrice], [Quantity], [SlotType]) VALUES (2279, 1056, 11198, 16665003.333, 17999989.77, 1, 1)
INSERT [dbo].[ShipFitComponents] ([ShipFitComponentId], [ShipFitId], [ComponentId], [BuyPrice], [SellPrice], [Quantity], [SlotType]) VALUES (2280, 1056, 11563, 223212.2119, 247884.87, 1, 4)
INSERT [dbo].[ShipFitComponents] ([ShipFitComponentId], [ShipFitId], [ComponentId], [BuyPrice], [SellPrice], [Quantity], [SlotType]) VALUES (2281, 1056, 31716, 40503.1513, 52961.06, 1, 5)
INSERT [dbo].[ShipFitComponents] ([ShipFitComponentId], [ShipFitId], [ComponentId], [BuyPrice], [SellPrice], [Quantity], [SlotType]) VALUES (2282, 1056, 31788, 424201.1716, 659058.75, 1, 5)
INSERT [dbo].[ShipFitComponents] ([ShipFitComponentId], [ShipFitId], [ComponentId], [BuyPrice], [SellPrice], [Quantity], [SlotType]) VALUES (2283, 1057, 499, 16666.6059, 20973.37, 1, 2)
INSERT [dbo].[ShipFitComponents] ([ShipFitComponentId], [ShipFitId], [ComponentId], [BuyPrice], [SellPrice], [Quantity], [SlotType]) VALUES (2284, 1057, 2048, 646403.0502, 666000.99, 1, 4)
INSERT [dbo].[ShipFitComponents] ([ShipFitComponentId], [ShipFitId], [ComponentId], [BuyPrice], [SellPrice], [Quantity], [SlotType]) VALUES (2285, 1057, 2281, 1617010, 1667397.99, 1, 3)
INSERT [dbo].[ShipFitComponents] ([ShipFitComponentId], [ShipFitId], [ComponentId], [BuyPrice], [SellPrice], [Quantity], [SlotType]) VALUES (2286, 1057, 2488, 431285.2005, 444838.21, 1, 7)
INSERT [dbo].[ShipFitComponents] ([ShipFitComponentId], [ShipFitId], [ComponentId], [BuyPrice], [SellPrice], [Quantity], [SlotType]) VALUES (2287, 1057, 3766, 368650.1212, 384798.65, 1, 1)
INSERT [dbo].[ShipFitComponents] ([ShipFitComponentId], [ShipFitId], [ComponentId], [BuyPrice], [SellPrice], [Quantity], [SlotType]) VALUES (2288, 1057, 3831, 686632.9965, 739629.25, 1, 3)
INSERT [dbo].[ShipFitComponents] ([ShipFitComponentId], [ShipFitId], [ComponentId], [BuyPrice], [SellPrice], [Quantity], [SlotType]) VALUES (2289, 1057, 6003, 22321.111100000002, 38999.81, 1, 3)
INSERT [dbo].[ShipFitComponents] ([ShipFitComponentId], [ShipFitId], [ComponentId], [BuyPrice], [SellPrice], [Quantity], [SlotType]) VALUES (2290, 1057, 11563, 225334.5855, 247499.87, 1, 4)
INSERT [dbo].[ShipFitComponents] ([ShipFitComponentId], [ShipFitId], [ComponentId], [BuyPrice], [SellPrice], [Quantity], [SlotType]) VALUES (2291, 1057, 19814, 203346.6936, 234030.33, 2, 3)
INSERT [dbo].[ShipFitComponents] ([ShipFitComponentId], [ShipFitId], [ComponentId], [BuyPrice], [SellPrice], [Quantity], [SlotType]) VALUES (2292, 1057, 31716, 34421.9817, 40889.13, 1, 5)
INSERT [dbo].[ShipFitComponents] ([ShipFitComponentId], [ShipFitId], [ComponentId], [BuyPrice], [SellPrice], [Quantity], [SlotType]) VALUES (2293, 1057, 31788, 370513.1874, 395000, 2, 5)
INSERT [dbo].[ShipFitComponents] ([ShipFitComponentId], [ShipFitId], [ComponentId], [BuyPrice], [SellPrice], [Quantity], [SlotType]) VALUES (2294, 1058, 599, 163815.59660000002, 207999.8, 1, 1)
INSERT [dbo].[ShipFitComponents] ([ShipFitComponentId], [ShipFitId], [ComponentId], [BuyPrice], [SellPrice], [Quantity], [SlotType]) VALUES (2295, 1058, 2048, 646405.2924, 669999.94, 1, 4)
INSERT [dbo].[ShipFitComponents] ([ShipFitComponentId], [ShipFitId], [ComponentId], [BuyPrice], [SellPrice], [Quantity], [SlotType]) VALUES (2296, 1058, 2281, 1616021.8968, 1667383.6, 1, 3)
INSERT [dbo].[ShipFitComponents] ([ShipFitComponentId], [ShipFitId], [ComponentId], [BuyPrice], [SellPrice], [Quantity], [SlotType]) VALUES (2297, 1058, 3831, 688628.0091, 739196.77, 1, 3)
INSERT [dbo].[ShipFitComponents] ([ShipFitComponentId], [ShipFitId], [ComponentId], [BuyPrice], [SellPrice], [Quantity], [SlotType]) VALUES (2298, 1058, 6003, 22625.1918, 25988.83, 1, 3)
INSERT [dbo].[ShipFitComponents] ([ShipFitComponentId], [ShipFitId], [ComponentId], [BuyPrice], [SellPrice], [Quantity], [SlotType]) VALUES (2299, 1058, 8173, 385214.4343, 708224.24, 2, 4)
INSERT [dbo].[ShipFitComponents] ([ShipFitComponentId], [ShipFitId], [ComponentId], [BuyPrice], [SellPrice], [Quantity], [SlotType]) VALUES (2300, 1058, 8537, 69690.9595, 85999.99, 3, 2)
INSERT [dbo].[ShipFitComponents] ([ShipFitComponentId], [ShipFitId], [ComponentId], [BuyPrice], [SellPrice], [Quantity], [SlotType]) VALUES (2301, 1058, 23711, 5050, 10894.87, 1, 7)
INSERT [dbo].[ShipFitComponents] ([ShipFitComponentId], [ShipFitId], [ComponentId], [BuyPrice], [SellPrice], [Quantity], [SlotType]) VALUES (2302, 1058, 31370, 308420.5892, 329489.13, 2, 5)
INSERT [dbo].[ShipFitComponents] ([ShipFitComponentId], [ShipFitId], [ComponentId], [BuyPrice], [SellPrice], [Quantity], [SlotType]) VALUES (2303, 1058, 31716, 35552.0303, 40571.65, 1, 5)
INSERT [dbo].[ShipFitComponents] ([ShipFitComponentId], [ShipFitId], [ComponentId], [BuyPrice], [SellPrice], [Quantity], [SlotType]) VALUES (2304, 1047, 23009, 467.6401, 485.95, 3000, 8)
INSERT [dbo].[ShipFitComponents] ([ShipFitComponentId], [ShipFitId], [ComponentId], [BuyPrice], [SellPrice], [Quantity], [SlotType]) VALUES (2306, 1047, 23021, 229.8659, 549.73, 3000, 8)
INSERT [dbo].[ShipFitComponents] ([ShipFitComponentId], [ShipFitId], [ComponentId], [BuyPrice], [SellPrice], [Quantity], [SlotType]) VALUES (2309, 1051, 184, 24.5531, 26.69, 500, 8)
INSERT [dbo].[ShipFitComponents] ([ShipFitComponentId], [ShipFitId], [ComponentId], [BuyPrice], [SellPrice], [Quantity], [SlotType]) VALUES (2310, 1054, 184, 23.1997, 23.99, 500, 8)
INSERT [dbo].[ShipFitComponents] ([ShipFitComponentId], [ShipFitId], [ComponentId], [BuyPrice], [SellPrice], [Quantity], [SlotType]) VALUES (2311, 1056, 184, 24.5531, 26.69, 500, 8)
INSERT [dbo].[ShipFitComponents] ([ShipFitComponentId], [ShipFitId], [ComponentId], [BuyPrice], [SellPrice], [Quantity], [SlotType]) VALUES (2312, 1057, 213, 12.1907, 13.24, 300, 8)
INSERT [dbo].[ShipFitComponents] ([ShipFitComponentId], [ShipFitId], [ComponentId], [BuyPrice], [SellPrice], [Quantity], [SlotType]) VALUES (2314, 1050, 2516, 8.1002, 10.71, 300, 8)
INSERT [dbo].[ShipFitComponents] ([ShipFitComponentId], [ShipFitId], [ComponentId], [BuyPrice], [SellPrice], [Quantity], [SlotType]) VALUES (2315, 1047, 23015, 408.2117, 0, 3000, 8)
INSERT [dbo].[ShipFitComponents] ([ShipFitComponentId], [ShipFitId], [ComponentId], [BuyPrice], [SellPrice], [Quantity], [SlotType]) VALUES (2316, 42, 28668, 16566.5654, 17146.94, 20, 8)
INSERT [dbo].[ShipFitComponents] ([ShipFitComponentId], [ShipFitId], [ComponentId], [BuyPrice], [SellPrice], [Quantity], [SlotType]) VALUES (2317, 1059, 179, 6.0903, 10, 400, 8)
INSERT [dbo].[ShipFitComponents] ([ShipFitComponentId], [ShipFitId], [ComponentId], [BuyPrice], [SellPrice], [Quantity], [SlotType]) VALUES (2318, 1059, 185, 23.735, 25, 400, 8)
INSERT [dbo].[ShipFitComponents] ([ShipFitComponentId], [ShipFitId], [ComponentId], [BuyPrice], [SellPrice], [Quantity], [SlotType]) VALUES (2319, 1059, 486, 9090, 15914.64, 2, 2)
INSERT [dbo].[ShipFitComponents] ([ShipFitComponentId], [ShipFitId], [ComponentId], [BuyPrice], [SellPrice], [Quantity], [SlotType]) VALUES (2320, 1059, 609, 438177.2183, 578749.98, 1, 1)
INSERT [dbo].[ShipFitComponents] ([ShipFitComponentId], [ShipFitId], [ComponentId], [BuyPrice], [SellPrice], [Quantity], [SlotType]) VALUES (2321, 1059, 2046, 8788.0807, 14990, 1, 4)
INSERT [dbo].[ShipFitComponents] ([ShipFitComponentId], [ShipFitId], [ComponentId], [BuyPrice], [SellPrice], [Quantity], [SlotType]) VALUES (2322, 1059, 2486, 8709.6744, 9139.68, 4, 7)
INSERT [dbo].[ShipFitComponents] ([ShipFitComponentId], [ShipFitId], [ComponentId], [BuyPrice], [SellPrice], [Quantity], [SlotType]) VALUES (2323, 1059, 5299, 94435, 114299, 2, 3)
INSERT [dbo].[ShipFitComponents] ([ShipFitComponentId], [ShipFitId], [ComponentId], [BuyPrice], [SellPrice], [Quantity], [SlotType]) VALUES (2324, 1059, 5405, 19023.7338, 24814.91, 1, 3)
INSERT [dbo].[ShipFitComponents] ([ShipFitComponentId], [ShipFitId], [ComponentId], [BuyPrice], [SellPrice], [Quantity], [SlotType]) VALUES (2325, 1059, 5971, 18431.7021, 23395.51, 1, 3)
INSERT [dbo].[ShipFitComponents] ([ShipFitComponentId], [ShipFitId], [ComponentId], [BuyPrice], [SellPrice], [Quantity], [SlotType]) VALUES (2326, 1059, 11349, 111160.8626, 142948.63, 1, 4)
INSERT [dbo].[ShipFitComponents] ([ShipFitComponentId], [ShipFitId], [ComponentId], [BuyPrice], [SellPrice], [Quantity], [SlotType]) VALUES (2327, 1059, 11563, 234424.03, 249249.99, 1, 4)
INSERT [dbo].[ShipFitComponents] ([ShipFitComponentId], [ShipFitId], [ComponentId], [BuyPrice], [SellPrice], [Quantity], [SlotType]) VALUES (2328, 1059, 23711, 7575, 10499.98, 2, 7)
INSERT [dbo].[ShipFitComponents] ([ShipFitComponentId], [ShipFitId], [ComponentId], [BuyPrice], [SellPrice], [Quantity], [SlotType]) VALUES (2329, 1059, 29013, 8181, 9100.19, 2, 8)
INSERT [dbo].[ShipFitComponents] ([ShipFitComponentId], [ShipFitId], [ComponentId], [BuyPrice], [SellPrice], [Quantity], [SlotType]) VALUES (2330, 1059, 29015, 8181, 8800, 2, 8)
INSERT [dbo].[ShipFitComponents] ([ShipFitComponentId], [ShipFitId], [ComponentId], [BuyPrice], [SellPrice], [Quantity], [SlotType]) VALUES (2331, 1060, 499, 13640.3732, 19190.33, 3, 2)
INSERT [dbo].[ShipFitComponents] ([ShipFitComponentId], [ShipFitId], [ComponentId], [BuyPrice], [SellPrice], [Quantity], [SlotType]) VALUES (2332, 1060, 632, 7322500.2929, 7502426.94, 1, 1)
INSERT [dbo].[ShipFitComponents] ([ShipFitComponentId], [ShipFitId], [ComponentId], [BuyPrice], [SellPrice], [Quantity], [SlotType]) VALUES (2333, 1060, 1952, 974650.0202, 997888.06, 1, 3)
GO
INSERT [dbo].[ShipFitComponents] ([ShipFitComponentId], [ShipFitId], [ComponentId], [BuyPrice], [SellPrice], [Quantity], [SlotType]) VALUES (2334, 1060, 2048, 739342.826, 750000, 1, 4)
INSERT [dbo].[ShipFitComponents] ([ShipFitComponentId], [ShipFitId], [ComponentId], [BuyPrice], [SellPrice], [Quantity], [SlotType]) VALUES (2335, 1060, 2456, 401980.0101, 412999.68, 2, 7)
INSERT [dbo].[ShipFitComponents] ([ShipFitComponentId], [ShipFitId], [ComponentId], [BuyPrice], [SellPrice], [Quantity], [SlotType]) VALUES (2336, 1060, 11325, 991460.6117, 1030988.06, 1, 4)
INSERT [dbo].[ShipFitComponents] ([ShipFitComponentId], [ShipFitId], [ComponentId], [BuyPrice], [SellPrice], [Quantity], [SlotType]) VALUES (2337, 1060, 11370, 1129491.6658, 1305737.07, 1, 2)
INSERT [dbo].[ShipFitComponents] ([ShipFitComponentId], [ShipFitId], [ComponentId], [BuyPrice], [SellPrice], [Quantity], [SlotType]) VALUES (2338, 1060, 12058, 2302815.0389, 2467838.98, 1, 3)
INSERT [dbo].[ShipFitComponents] ([ShipFitComponentId], [ShipFitId], [ComponentId], [BuyPrice], [SellPrice], [Quantity], [SlotType]) VALUES (2339, 1060, 19927, 82126.5845, 87998.46, 1, 3)
INSERT [dbo].[ShipFitComponents] ([ShipFitComponentId], [ShipFitId], [ComponentId], [BuyPrice], [SellPrice], [Quantity], [SlotType]) VALUES (2340, 1060, 19939, 106050.0101, 139967.08, 1, 3)
INSERT [dbo].[ShipFitComponents] ([ShipFitComponentId], [ShipFitId], [ComponentId], [BuyPrice], [SellPrice], [Quantity], [SlotType]) VALUES (2341, 1060, 19946, 137360.2121, 159997.96, 1, 3)
INSERT [dbo].[ShipFitComponents] ([ShipFitComponentId], [ShipFitId], [ComponentId], [BuyPrice], [SellPrice], [Quantity], [SlotType]) VALUES (2342, 1060, 19952, 48054.264800000004, 53997.65, 1, 3)
INSERT [dbo].[ShipFitComponents] ([ShipFitComponentId], [ShipFitId], [ComponentId], [BuyPrice], [SellPrice], [Quantity], [SlotType]) VALUES (2343, 1060, 25563, 975661.0605, 1262999.98, 1, 4)
INSERT [dbo].[ShipFitComponents] ([ShipFitComponentId], [ShipFitId], [ComponentId], [BuyPrice], [SellPrice], [Quantity], [SlotType]) VALUES (2344, 1060, 31288, 984755.0096, 1014999.19, 1, 5)
INSERT [dbo].[ShipFitComponents] ([ShipFitComponentId], [ShipFitId], [ComponentId], [BuyPrice], [SellPrice], [Quantity], [SlotType]) VALUES (2345, 1060, 31300, 26260.0909, 179981.92, 2, 5)
INSERT [dbo].[ShipFitComponents] ([ShipFitComponentId], [ShipFitId], [ComponentId], [BuyPrice], [SellPrice], [Quantity], [SlotType]) VALUES (2366, 1062, 248, 0, 0, 5, 8)
INSERT [dbo].[ShipFitComponents] ([ShipFitComponentId], [ShipFitId], [ComponentId], [BuyPrice], [SellPrice], [Quantity], [SlotType]) VALUES (2367, 1062, 250, 0, 0, 5, 8)
INSERT [dbo].[ShipFitComponents] ([ShipFitComponentId], [ShipFitId], [ComponentId], [BuyPrice], [SellPrice], [Quantity], [SlotType]) VALUES (2368, 1062, 254, 0, 0, 5, 8)
INSERT [dbo].[ShipFitComponents] ([ShipFitComponentId], [ShipFitId], [ComponentId], [BuyPrice], [SellPrice], [Quantity], [SlotType]) VALUES (2369, 1062, 624, 0, 0, 1, 1)
INSERT [dbo].[ShipFitComponents] ([ShipFitComponentId], [ShipFitId], [ComponentId], [BuyPrice], [SellPrice], [Quantity], [SlotType]) VALUES (2370, 1062, 1978, 0, 0, 1, 3)
INSERT [dbo].[ShipFitComponents] ([ShipFitComponentId], [ShipFitId], [ComponentId], [BuyPrice], [SellPrice], [Quantity], [SlotType]) VALUES (2371, 1062, 2032, 0, 0, 1, 3)
INSERT [dbo].[ShipFitComponents] ([ShipFitComponentId], [ShipFitId], [ComponentId], [BuyPrice], [SellPrice], [Quantity], [SlotType]) VALUES (2372, 1062, 2048, 0, 0, 1, 4)
INSERT [dbo].[ShipFitComponents] ([ShipFitComponentId], [ShipFitId], [ComponentId], [BuyPrice], [SellPrice], [Quantity], [SlotType]) VALUES (2373, 1062, 2364, 0, 0, 2, 4)
INSERT [dbo].[ShipFitComponents] ([ShipFitComponentId], [ShipFitId], [ComponentId], [BuyPrice], [SellPrice], [Quantity], [SlotType]) VALUES (2374, 1062, 6963, 0, 0, 5, 2)
INSERT [dbo].[ShipFitComponents] ([ShipFitComponentId], [ShipFitId], [ComponentId], [BuyPrice], [SellPrice], [Quantity], [SlotType]) VALUES (2375, 1062, 8261, 0, 0, 1, 4)
INSERT [dbo].[ShipFitComponents] ([ShipFitComponentId], [ShipFitId], [ComponentId], [BuyPrice], [SellPrice], [Quantity], [SlotType]) VALUES (2376, 1062, 11269, 0, 0, 1, 4)
INSERT [dbo].[ShipFitComponents] ([ShipFitComponentId], [ShipFitId], [ComponentId], [BuyPrice], [SellPrice], [Quantity], [SlotType]) VALUES (2377, 1062, 11325, 0, 0, 1, 4)
INSERT [dbo].[ShipFitComponents] ([ShipFitComponentId], [ShipFitId], [ComponentId], [BuyPrice], [SellPrice], [Quantity], [SlotType]) VALUES (2378, 1062, 12058, 0, 0, 1, 3)
INSERT [dbo].[ShipFitComponents] ([ShipFitComponentId], [ShipFitId], [ComponentId], [BuyPrice], [SellPrice], [Quantity], [SlotType]) VALUES (2379, 1062, 23089, 0, 0, 5, 8)
INSERT [dbo].[ShipFitComponents] ([ShipFitComponentId], [ShipFitId], [ComponentId], [BuyPrice], [SellPrice], [Quantity], [SlotType]) VALUES (2380, 1062, 23097, 0, 0, 5, 8)
INSERT [dbo].[ShipFitComponents] ([ShipFitComponentId], [ShipFitId], [ComponentId], [BuyPrice], [SellPrice], [Quantity], [SlotType]) VALUES (2381, 1062, 23707, 0, 0, 3, 7)
INSERT [dbo].[ShipFitComponents] ([ShipFitComponentId], [ShipFitId], [ComponentId], [BuyPrice], [SellPrice], [Quantity], [SlotType]) VALUES (2382, 1062, 28999, 0, 0, 1, 8)
INSERT [dbo].[ShipFitComponents] ([ShipFitComponentId], [ShipFitId], [ComponentId], [BuyPrice], [SellPrice], [Quantity], [SlotType]) VALUES (2383, 1062, 29001, 0, 0, 1, 8)
INSERT [dbo].[ShipFitComponents] ([ShipFitComponentId], [ShipFitId], [ComponentId], [BuyPrice], [SellPrice], [Quantity], [SlotType]) VALUES (2384, 1062, 31055, 0, 0, 2, 5)
INSERT [dbo].[ShipFitComponents] ([ShipFitComponentId], [ShipFitId], [ComponentId], [BuyPrice], [SellPrice], [Quantity], [SlotType]) VALUES (2385, 1062, 31360, 0, 0, 1, 5)
INSERT [dbo].[ShipFitComponents] ([ShipFitComponentId], [ShipFitId], [ComponentId], [BuyPrice], [SellPrice], [Quantity], [SlotType]) VALUES (2386, 1063, 250, 0, 0, 5, 8)
INSERT [dbo].[ShipFitComponents] ([ShipFitComponentId], [ShipFitId], [ComponentId], [BuyPrice], [SellPrice], [Quantity], [SlotType]) VALUES (2387, 1063, 254, 0, 0, 5, 8)
INSERT [dbo].[ShipFitComponents] ([ShipFitComponentId], [ShipFitId], [ComponentId], [BuyPrice], [SellPrice], [Quantity], [SlotType]) VALUES (2388, 1063, 624, 0, 0, 1, 1)
INSERT [dbo].[ShipFitComponents] ([ShipFitComponentId], [ShipFitId], [ComponentId], [BuyPrice], [SellPrice], [Quantity], [SlotType]) VALUES (2389, 1063, 1306, 0, 0, 1, 4)
INSERT [dbo].[ShipFitComponents] ([ShipFitComponentId], [ShipFitId], [ComponentId], [BuyPrice], [SellPrice], [Quantity], [SlotType]) VALUES (2390, 1063, 1978, 0, 0, 1, 3)
INSERT [dbo].[ShipFitComponents] ([ShipFitComponentId], [ShipFitId], [ComponentId], [BuyPrice], [SellPrice], [Quantity], [SlotType]) VALUES (2391, 1063, 2048, 0, 0, 1, 4)
INSERT [dbo].[ShipFitComponents] ([ShipFitComponentId], [ShipFitId], [ComponentId], [BuyPrice], [SellPrice], [Quantity], [SlotType]) VALUES (2392, 1063, 2364, 0, 0, 2, 4)
INSERT [dbo].[ShipFitComponents] ([ShipFitComponentId], [ShipFitId], [ComponentId], [BuyPrice], [SellPrice], [Quantity], [SlotType]) VALUES (2393, 1063, 5011, 0, 0, 1, 3)
INSERT [dbo].[ShipFitComponents] ([ShipFitComponentId], [ShipFitId], [ComponentId], [BuyPrice], [SellPrice], [Quantity], [SlotType]) VALUES (2394, 1063, 6865, 0, 0, 5, 2)
INSERT [dbo].[ShipFitComponents] ([ShipFitComponentId], [ShipFitId], [ComponentId], [BuyPrice], [SellPrice], [Quantity], [SlotType]) VALUES (2395, 1063, 11269, 0, 0, 1, 4)
INSERT [dbo].[ShipFitComponents] ([ShipFitComponentId], [ShipFitId], [ComponentId], [BuyPrice], [SellPrice], [Quantity], [SlotType]) VALUES (2396, 1063, 12058, 0, 0, 1, 3)
INSERT [dbo].[ShipFitComponents] ([ShipFitComponentId], [ShipFitId], [ComponentId], [BuyPrice], [SellPrice], [Quantity], [SlotType]) VALUES (2397, 1063, 20353, 0, 0, 1, 4)
INSERT [dbo].[ShipFitComponents] ([ShipFitComponentId], [ShipFitId], [ComponentId], [BuyPrice], [SellPrice], [Quantity], [SlotType]) VALUES (2398, 1063, 23089, 0, 0, 5, 8)
INSERT [dbo].[ShipFitComponents] ([ShipFitComponentId], [ShipFitId], [ComponentId], [BuyPrice], [SellPrice], [Quantity], [SlotType]) VALUES (2399, 1063, 23097, 0, 0, 5, 8)
INSERT [dbo].[ShipFitComponents] ([ShipFitComponentId], [ShipFitId], [ComponentId], [BuyPrice], [SellPrice], [Quantity], [SlotType]) VALUES (2400, 1063, 23707, 0, 0, 3, 7)
INSERT [dbo].[ShipFitComponents] ([ShipFitComponentId], [ShipFitId], [ComponentId], [BuyPrice], [SellPrice], [Quantity], [SlotType]) VALUES (2401, 1063, 28668, 0, 0, 20, 8)
INSERT [dbo].[ShipFitComponents] ([ShipFitComponentId], [ShipFitId], [ComponentId], [BuyPrice], [SellPrice], [Quantity], [SlotType]) VALUES (2402, 1063, 28999, 0, 0, 1, 8)
INSERT [dbo].[ShipFitComponents] ([ShipFitComponentId], [ShipFitId], [ComponentId], [BuyPrice], [SellPrice], [Quantity], [SlotType]) VALUES (2403, 1063, 29001, 0, 0, 1, 8)
INSERT [dbo].[ShipFitComponents] ([ShipFitComponentId], [ShipFitId], [ComponentId], [BuyPrice], [SellPrice], [Quantity], [SlotType]) VALUES (2404, 1063, 31023, 0, 0, 1, 5)
INSERT [dbo].[ShipFitComponents] ([ShipFitComponentId], [ShipFitId], [ComponentId], [BuyPrice], [SellPrice], [Quantity], [SlotType]) VALUES (2405, 1063, 31055, 0, 0, 2, 5)
INSERT [dbo].[ShipFitComponents] ([ShipFitComponentId], [ShipFitId], [ComponentId], [BuyPrice], [SellPrice], [Quantity], [SlotType]) VALUES (2406, 1063, 32006, 0, 0, 21, 8)
INSERT [dbo].[ShipFitComponents] ([ShipFitComponentId], [ShipFitId], [ComponentId], [BuyPrice], [SellPrice], [Quantity], [SlotType]) VALUES (2407, 1064, 239, 3100.7707, 3247.93, 3, 8)
INSERT [dbo].[ShipFitComponents] ([ShipFitComponentId], [ShipFitId], [ComponentId], [BuyPrice], [SellPrice], [Quantity], [SlotType]) VALUES (2408, 1064, 242, 1313.0101, 3000, 3, 8)
INSERT [dbo].[ShipFitComponents] ([ShipFitComponentId], [ShipFitId], [ComponentId], [BuyPrice], [SellPrice], [Quantity], [SlotType]) VALUES (2409, 1064, 246, 4051.2009000000003, 4997.99, 3, 8)
INSERT [dbo].[ShipFitComponents] ([ShipFitComponentId], [ShipFitId], [ComponentId], [BuyPrice], [SellPrice], [Quantity], [SlotType]) VALUES (2410, 1064, 597, 447087.61, 476947.99, 1, 1)
INSERT [dbo].[ShipFitComponents] ([ShipFitComponentId], [ShipFitId], [ComponentId], [BuyPrice], [SellPrice], [Quantity], [SlotType]) VALUES (2411, 1064, 1306, 381784.2723, 405097.3, 2, 4)
INSERT [dbo].[ShipFitComponents] ([ShipFitComponentId], [ShipFitId], [ComponentId], [BuyPrice], [SellPrice], [Quantity], [SlotType]) VALUES (2412, 1064, 2046, 8788.0807, 14990, 1, 4)
INSERT [dbo].[ShipFitComponents] ([ShipFitComponentId], [ShipFitId], [ComponentId], [BuyPrice], [SellPrice], [Quantity], [SlotType]) VALUES (2413, 1064, 5439, 72720.0202, 85762.72, 1, 3)
INSERT [dbo].[ShipFitComponents] ([ShipFitComponentId], [ShipFitId], [ComponentId], [BuyPrice], [SellPrice], [Quantity], [SlotType]) VALUES (2414, 1064, 6003, 23230, 29589.48, 1, 3)
INSERT [dbo].[ShipFitComponents] ([ShipFitComponentId], [ShipFitId], [ComponentId], [BuyPrice], [SellPrice], [Quantity], [SlotType]) VALUES (2415, 1064, 6635, 151506.5852, 279995.39, 3, 2)
INSERT [dbo].[ShipFitComponents] ([ShipFitComponentId], [ShipFitId], [ComponentId], [BuyPrice], [SellPrice], [Quantity], [SlotType]) VALUES (2416, 1064, 11309, 238363.9592, 286003.35, 1, 4)
INSERT [dbo].[ShipFitComponents] ([ShipFitComponentId], [ShipFitId], [ComponentId], [BuyPrice], [SellPrice], [Quantity], [SlotType]) VALUES (2417, 1064, 30987, 606000.9797, 732717.38, 3, 5)
SET IDENTITY_INSERT [dbo].[ShipFitComponents] OFF

SET IDENTITY_INSERT [dbo].[Doctrines] ON
INSERT INTO [dbo].[Doctrines] ([DoctrineId], [AccountId], [Name], [Description], [ImageUrl], [IsOfficial], [LastUpdate], [IsDormant]) VALUES (1, 0, N'Test', N'Desc', N'', 1, N'2014-04-21 11:54:09', 0)
SET IDENTITY_INSERT [dbo].[Doctrines] OFF

SET IDENTITY_INSERT [dbo].[DoctrineShipFits] ON
INSERT INTO [dbo].[DoctrineShipFits] ([DoctrineShipFitId], [DoctrineId], [ShipFitId]) VALUES (1, 1, 1)
INSERT INTO [dbo].[DoctrineShipFits] ([DoctrineShipFitId], [DoctrineId], [ShipFitId]) VALUES (2, 1, 2)
INSERT INTO [dbo].[DoctrineShipFits] ([DoctrineShipFitId], [DoctrineId], [ShipFitId]) VALUES (3, 1, 3)
INSERT INTO [dbo].[DoctrineShipFits] ([DoctrineShipFitId], [DoctrineId], [ShipFitId]) VALUES (4, 1, 4)
INSERT INTO [dbo].[DoctrineShipFits] ([DoctrineShipFitId], [DoctrineId], [ShipFitId]) VALUES (5, 1, 5)
SET IDENTITY_INSERT [dbo].[DoctrineShipFits] OFF

